balanced_round_robin_order,balanced_slot_index,balanced_period,include_in_hourly_primary,microcolony_pair,microcolony_ids,exposure_date,source_date,relative_period,target_hour,selected_minute,selection_status,day_status,video_id,filename_camera_label,source_video_path,symlink_path
1,1,pre,true,MCs-9-and-10,9;10,2026-03-02,2026-03-01,pre_dose_d_minus_1,00,00,exact_hh00,full_24_hours,bumblebox-07_2026-03-01_00_00_03,bumblebox-07,/media/august/Expansion/Behavioral-Entropy-Pesticide-Dosing-Exps/MCs-9-and-10/2026-03-01/bumblebox-07_2026-03-01_00_00_03.mp4,/tmp/bumblebox_hourly_primary_mc9_24_links/MCs-9-and-10/2026-03-01/bumblebox-07_2026-03-01_00_00_03.mp4
2,1,post,true,MCs-9-and-10,9;10,2026-03-02,2026-03-05,post_dose_d_plus_3,00,00,exact_hh00,full_24_hours,bumblebox-07_2026-03-05_00_00_03,bumblebox-07,/media/august/Expansion/Behavioral-Entropy-Pesticide-Dosing-Exps/MCs-9-and-10/2026-03-05/bumblebox-07_2026-03-05_00_00_03.mp4,/tmp/bumblebox_hourly_primary_mc9_24_links/MCs-9-and-10/2026-03-05/bumblebox-07_2026-03-05_00_00_03.mp4
3,1,post,true,MCs-11-and-12,11;12,2026-03-02,2026-03-05,post_dose_d_plus_3,00,00,exact_hh00,partial_day,bumblebox-19_2026-03-05_00_00_05,bumblebox-19,/media/august/Expansion/Behavioral-Entropy-Pesticide-Dosing-Exps/MCs-11-and-12/2026-03-05/bumblebox-19_2026-03-05_00_00_05.mp4,/tmp/bumblebox_hourly_primary_mc9_24_links/MCs-11-and-12/2026-03-05/bumblebox-19_2026-03-05_00_00_05.mp4
4,1,pre,true,MCs-13-and-14,13;14,2026-03-02,2026-03-01,pre_dose_d_minus_1,00,00,exact_hh00,full_24_hours,bumblebox-18_2026-03-01_00_00_03,bumblebox-18,/media/august/Expansion/Behavioral-Entropy-Pesticide-Dosing-Exps/MCs-13-and-14/2026-03-01/bumblebox-18_2026-03-01_00_00_03.mp4,/tmp/bumblebox_hourly_primary_mc9_24_links/MCs-13-and-14/2026-03-01/bumblebox-18_2026-03-01_00_00_03.mp4
5,1,post,true,MCs-13-and-14,13;14,2026-03-02,2026-03-05,post_dose_d_plus_3,00,00,exact_hh00,full_24_hours,bumblebox-18_2026-03-05_00_00_03,bumblebox-18,/media/august/Expansion/Behavioral-Entropy-Pesticide-Dosing-Exps/MCs-13-and-14/2026-03-05/bumblebox-18_2026-03-05_00_00_03.mp4,/tmp/bumblebox_hourly_primary_mc9_24_links/MCs-13-and-14/2026-03-05/bumblebox-18_2026-03-05_00_00_03.mp4
6,1,post,true,MCs-15-and-16,15;16,2026-03-02,2026-03-05,post_dose_d_plus_3,00,00,exact_hh00,full_24_hours,bumblebox-15_2026-03-05_00_00_05,bumblebox-15,/media/august/Expansion/Behavioral-Entropy-Pesticide-Dosing-Exps/MCs-15-and-16/2026-03-05/bumblebox-15_2026-03-05_00_00_05.mp4,/tmp/bumblebox_hourly_primary_mc9_24_links/MCs-15-and-16/2026-03-05/bumblebox-15_2026-03-05_00_00_05.mp4
7,1,pre,true,MCs-17-and-18,17;18,2026-03-16,2026-03-15,pre_dose_d_minus_1,00,00,exact_hh00,full_24_hours,bumblebox-9_2026-03-15_00_00_03,bumblebox-9,/media/august/Expansion/Behavioral-Entropy-Pesticide-Dosing-Exps/MCs-17-and-18/2026-03-15/bumblebox-9_2026-03-15_00_00_03.mp4,/tmp/bumblebox_hourly_primary_mc9_24_links/MCs-17-and-18/2026-03-15/bumblebox-9_2026-03-15_00_00_03.mp4
8,1,post,true,MCs-17-and-18,17;18,2026-03-16,2026-03-19,post_dose_d_plus_3,00,00,exact_hh00,full_24_hours,bumblebox-9_2026-03-19_00_00_03,bumblebox-9,/media/august/Expansion/Behavioral-Entropy-Pesticide-Dosing-Exps/MCs-17-and-18/2026-03-19/bumblebox-9_2026-03-19_00_00_03.mp4,/tmp/bumblebox_hourly_primary_mc9_24_links/MCs-17-and-18/2026-03-19/bumblebox-9_2026-03-19_00_00_03.mp4
9,1,pre,true,MCs-19-and-20,19;20,2026-03-16,2026-03-15,pre_dose_d_minus_1,00,00,exact_hh00,full_24_hours,bumblebox-19_2026-03-15_00_00_05,bumblebox-19,/media/august/Expansion/Behavioral-Entropy-Pesticide-Dosing-Exps/MCs-19-and-20/2026-03-15/bumblebox-19_2026-03-15_00_00_05.mp4,/tmp/bumblebox_hourly_primary_mc9_24_links/MCs-19-and-20/2026-03-15/bumblebox-19_2026-03-15_00_00_05.mp4
10,1,post,true,MCs-19-and-20,19;20,2026-03-16,2026-03-19,post_dose_d_plus_3,00,00,exact_hh00,full_24_hours,bumblebox-19_2026-03-19_00_00_03,bumblebox-19,/media/august/Expansion/Behavioral-Entropy-Pesticide-Dosing-Exps/MCs-19-and-20/2026-03-19/bumblebox-19_2026-03-19_00_00_03.mp4,/tmp/bumblebox_hourly_primary_mc9_24_links/MCs-19-and-20/2026-03-19/bumblebox-19_2026-03-19_00_00_03.mp4
11,1,pre,true,MCs-21-and-22,21;22,2026-03-16,2026-03-15,pre_dose_d_minus_1,00,00,exact_hh00,full_24_hours,bumblebox-18_2026-03-15_00_00_04,bumblebox-18,/media/august/Expansion/Behavioral-Entropy-Pesticide-Dosing-Exps/MCs-21-and-22/2026-03-15/bumblebox-18_2026-03-15_00_00_04.mp4,/tmp/bumblebox_hourly_primary_mc9_24_links/MCs-21-and-22/2026-03-15/bumblebox-18_2026-03-15_00_00_04.mp4
12,1,post,true,MCs-21-and-22,21;22,2026-03-16,2026-03-18,post_dose_d_plus_2_substitute,00,00,exact_hh00,full_24_hours,bumblebox-18_2026-03-18_00_00_03,bumblebox-18,/media/august/Expansion/Behavioral-Entropy-Pesticide-Dosing-Exps/MCs-21-and-22/2026-03-18/bumblebox-18_2026-03-18_00_00_03.mp4,/tmp/bumblebox_hourly_primary_mc9_24_links/MCs-21-and-22/2026-03-18/bumblebox-18_2026-03-18_00_00_03.mp4
13,1,pre,true,MCs-23-and-24,23;24,2026-03-16,2026-03-15,pre_dose_d_minus_1,00,00,exact_hh00,full_24_hours,bumblebox-15_2026-03-15_00_00_03,bumblebox-15,/media/august/Expansion/Behavioral-Entropy-Pesticide-Dosing-Exps/MCs-23-and-24/2026-03-15/bumblebox-15_2026-03-15_00_00_03.mp4,/tmp/bumblebox_hourly_primary_mc9_24_links/MCs-23-and-24/2026-03-15/bumblebox-15_2026-03-15_00_00_03.mp4
14,1,post,true,MCs-23-and-24,23;24,2026-03-16,2026-03-19,post_dose_d_plus_3,00,00,exact_hh00,full_24_hours,bumblebox-15_2026-03-19_00_00_05,bumblebox-15,/media/august/Expansion/Behavioral-Entropy-Pesticide-Dosing-Exps/MCs-23-and-24/2026-03-19/bumblebox-15_2026-03-19_00_00_05.mp4,/tmp/bumblebox_hourly_primary_mc9_24_links/MCs-23-and-24/2026-03-19/bumblebox-15_2026-03-19_00_00_05.mp4
15,2,pre,true,MCs-9-and-10,9;10,2026-03-02,2026-03-01,pre_dose_d_minus_1,01,00,exact_hh00,full_24_hours,bumblebox-07_2026-03-01_01_00_03,bumblebox-07,/media/august/Expansion/Behavioral-Entropy-Pesticide-Dosing-Exps/MCs-9-and-10/2026-03-01/bumblebox-07_2026-03-01_01_00_03.mp4,/tmp/bumblebox_hourly_primary_mc9_24_links/MCs-9-and-10/2026-03-01/bumblebox-07_2026-03-01_01_00_03.mp4
16,2,post,true,MCs-9-and-10,9;10,2026-03-02,2026-03-05,post_dose_d_plus_3,01,00,exact_hh00,full_24_hours,bumblebox-07_2026-03-05_01_00_03,bumblebox-07,/media/august/Expansion/Behavioral-Entropy-Pesticide-Dosing-Exps/MCs-9-and-10/2026-03-05/bumblebox-07_2026-03-05_01_00_03.mp4,/tmp/bumblebox_hourly_primary_mc9_24_links/MCs-9-and-10/2026-03-05/bumblebox-07_2026-03-05_01_00_03.mp4
17,2,post,true,MCs-11-and-12,11;12,2026-03-02,2026-03-05,post_dose_d_plus_3,01,00,exact_hh00,partial_day,bumblebox-19_2026-03-05_01_00_04,bumblebox-19,/media/august/Expansion/Behavioral-Entropy-Pesticide-Dosing-Exps/MCs-11-and-12/2026-03-05/bumblebox-19_2026-03-05_01_00_04.mp4,/tmp/bumblebox_hourly_primary_mc9_24_links/MCs-11-and-12/2026-03-05/bumblebox-19_2026-03-05_01_00_04.mp4
18,2,pre,true,MCs-13-and-14,13;14,2026-03-02,2026-03-01,pre_dose_d_minus_1,01,00,exact_hh00,full_24_hours,bumblebox-18_2026-03-01_01_00_03,bumblebox-18,/media/august/Expansion/Behavioral-Entropy-Pesticide-Dosing-Exps/MCs-13-and-14/2026-03-01/bumblebox-18_2026-03-01_01_00_03.mp4,/tmp/bumblebox_hourly_primary_mc9_24_links/MCs-13-and-14/2026-03-01/bumblebox-18_2026-03-01_01_00_03.mp4
19,2,post,true,MCs-13-and-14,13;14,2026-03-02,2026-03-05,post_dose_d_plus_3,01,00,exact_hh00,full_24_hours,bumblebox-18_2026-03-05_01_00_04,bumblebox-18,/media/august/Expansion/Behavioral-Entropy-Pesticide-Dosing-Exps/MCs-13-and-14/2026-03-05/bumblebox-18_2026-03-05_01_00_04.mp4,/tmp/bumblebox_hourly_primary_mc9_24_links/MCs-13-and-14/2026-03-05/bumblebox-18_2026-03-05_01_00_04.mp4
20,2,post,true,MCs-15-and-16,15;16,2026-03-02,2026-03-05,post_dose_d_plus_3,01,00,exact_hh00,full_24_hours,bumblebox-15_2026-03-05_01_00_04,bumblebox-15,/media/august/Expansion/Behavioral-Entropy-Pesticide-Dosing-Exps/MCs-15-and-16/2026-03-05/bumblebox-15_2026-03-05_01_00_04.mp4,/tmp/bumblebox_hourly_primary_mc9_24_links/MCs-15-and-16/2026-03-05/bumblebox-15_2026-03-05_01_00_04.mp4
21,2,pre,true,MCs-17-and-18,17;18,2026-03-16,2026-03-15,pre_dose_d_minus_1,01,00,exact_hh00,full_24_hours,bumblebox-9_2026-03-15_01_00_03,bumblebox-9,/media/august/Expansion/Behavioral-Entropy-Pesticide-Dosing-Exps/MCs-17-and-18/2026-03-15/bumblebox-9_2026-03-15_01_00_03.mp4,/tmp/bumblebox_hourly_primary_mc9_24_links/MCs-17-and-18/2026-03-15/bumblebox-9_2026-03-15_01_00_03.mp4
22,2,post,true,MCs-17-and-18,17;18,2026-03-16,2026-03-19,post_dose_d_plus_3,01,00,exact_hh00,full_24_hours,bumblebox-9_2026-03-19_01_00_03,bumblebox-9,/media/august/Expansion/Behavioral-Entropy-Pesticide-Dosing-Exps/MCs-17-and-18/2026-03-19/bumblebox-9_2026-03-19_01_00_03.mp4,/tmp/bumblebox_hourly_primary_mc9_24_links/MCs-17-and-18/2026-03-19/bumblebox-9_2026-03-19_01_00_03.mp4
23,2,pre,true,MCs-19-and-20,19;20,2026-03-16,2026-03-15,pre_dose_d_minus_1,01,00,exact_hh00,full_24_hours,bumblebox-19_2026-03-15_01_00_04,bumblebox-19,/media/august/Expansion/Behavioral-Entropy-Pesticide-Dosing-Exps/MCs-19-and-20/2026-03-15/bumblebox-19_2026-03-15_01_00_04.mp4,/tmp/bumblebox_hourly_primary_mc9_24_links/MCs-19-and-20/2026-03-15/bumblebox-19_2026-03-15_01_00_04.mp4
24,2,post,true,MCs-19-and-20,19;20,2026-03-16,2026-03-19,post_dose_d_plus_3,01,00,exact_hh00,full_24_hours,bumblebox-19_2026-03-19_01_00_03,bumblebox-19,/media/august/Expansion/Behavioral-Entropy-Pesticide-Dosing-Exps/MCs-19-and-20/2026-03-19/bumblebox-19_2026-03-19_01_00_03.mp4,/tmp/bumblebox_hourly_primary_mc9_24_links/MCs-19-and-20/2026-03-19/bumblebox-19_2026-03-19_01_00_03.mp4
25,2,pre,true,MCs-21-and-22,21;22,2026-03-16,2026-03-15,pre_dose_d_minus_1,01,00,exact_hh00,full_24_hours,bumblebox-18_2026-03-15_01_00_03,bumblebox-18,/media/august/Expansion/Behavioral-Entropy-Pesticide-Dosing-Exps/MCs-21-and-22/2026-03-15/bumblebox-18_2026-03-15_01_00_03.mp4,/tmp/bumblebox_hourly_primary_mc9_24_links/MCs-21-and-22/2026-03-15/bumblebox-18_2026-03-15_01_00_03.mp4
26,2,post,true,MCs-21-and-22,21;22,2026-03-16,2026-03-18,post_dose_d_plus_2_substitute,01,00,exact_hh00,full_24_hours,bumblebox-18_2026-03-18_01_00_04,bumblebox-18,/media/august/Expansion/Behavioral-Entropy-Pesticide-Dosing-Exps/MCs-21-and-22/2026-03-18/bumblebox-18_2026-03-18_01_00_04.mp4,/tmp/bumblebox_hourly_primary_mc9_24_links/MCs-21-and-22/2026-03-18/bumblebox-18_2026-03-18_01_00_04.mp4
27,2,pre,true,MCs-23-and-24,23;24,2026-03-16,2026-03-15,pre_dose_d_minus_1,01,00,exact_hh00,full_24_hours,bumblebox-15_2026-03-15_01_00_03,bumblebox-15,/media/august/Expansion/Behavioral-Entropy-Pesticide-Dosing-Exps/MCs-23-and-24/2026-03-15/bumblebox-15_2026-03-15_01_00_03.mp4,/tmp/bumblebox_hourly_primary_mc9_24_links/MCs-23-and-24/2026-03-15/bumblebox-15_2026-03-15_01_00_03.mp4
28,2,post,true,MCs-23-and-24,23;24,2026-03-16,2026-03-19,post_dose_d_plus_3,01,00,exact_hh00,full_24_hours,bumblebox-15_2026-03-19_01_00_04,bumblebox-15,/media/august/Expansion/Behavioral-Entropy-Pesticide-Dosing-Exps/MCs-23-and-24/2026-03-19/bumblebox-15_2026-03-19_01_00_04.mp4,/tmp/bumblebox_hourly_primary_mc9_24_links/MCs-23-and-24/2026-03-19/bumblebox-15_2026-03-19_01_00_04.mp4
29,3,pre,true,MCs-9-and-10,9;10,2026-03-02,2026-03-01,pre_dose_d_minus_1,02,00,exact_hh00,full_24_hours,bumblebox-07_2026-03-01_02_00_03,bumblebox-07,/media/august/Expansion/Behavioral-Entropy-Pesticide-Dosing-Exps/MCs-9-and-10/2026-03-01/bumblebox-07_2026-03-01_02_00_03.mp4,/tmp/bumblebox_hourly_primary_mc9_24_links/MCs-9-and-10/2026-03-01/bumblebox-07_2026-03-01_02_00_03.mp4
30,3,post,true,MCs-9-and-10,9;10,2026-03-02,2026-03-05,post_dose_d_plus_3,02,00,exact_hh00,full_24_hours,bumblebox-07_2026-03-05_02_00_03,bumblebox-07,/media/august/Expansion/Behavioral-Entropy-Pesticide-Dosing-Exps/MCs-9-and-10/2026-03-05/bumblebox-07_2026-03-05_02_00_03.mp4,/tmp/bumblebox_hourly_primary_mc9_24_links/MCs-9-and-10/2026-03-05/bumblebox-07_2026-03-05_02_00_03.mp4
31,3,post,true,MCs-11-and-12,11;12,2026-03-02,2026-03-05,post_dose_d_plus_3,02,00,exact_hh00,partial_day,bumblebox-19_2026-03-05_02_00_04,bumblebox-19,/media/august/Expansion/Behavioral-Entropy-Pesticide-Dosing-Exps/MCs-11-and-12/2026-03-05/bumblebox-19_2026-03-05_02_00_04.mp4,/tmp/bumblebox_hourly_primary_mc9_24_links/MCs-11-and-12/2026-03-05/bumblebox-19_2026-03-05_02_00_04.mp4
32,3,pre,true,MCs-13-and-14,13;14,2026-03-02,2026-03-01,pre_dose_d_minus_1,02,00,exact_hh00,full_24_hours,bumblebox-18_2026-03-01_02_00_03,bumblebox-18,/media/august/Expansion/Behavioral-Entropy-Pesticide-Dosing-Exps/MCs-13-and-14/2026-03-01/bumblebox-18_2026-03-01_02_00_03.mp4,/tmp/bumblebox_hourly_primary_mc9_24_links/MCs-13-and-14/2026-03-01/bumblebox-18_2026-03-01_02_00_03.mp4
33,3,post,true,MCs-13-and-14,13;14,2026-03-02,2026-03-05,post_dose_d_plus_3,02,00,exact_hh00,full_24_hours,bumblebox-18_2026-03-05_02_00_03,bumblebox-18,/media/august/Expansion/Behavioral-Entropy-Pesticide-Dosing-Exps/MCs-13-and-14/2026-03-05/bumblebox-18_2026-03-05_02_00_03.mp4,/tmp/bumblebox_hourly_primary_mc9_24_links/MCs-13-and-14/2026-03-05/bumblebox-18_2026-03-05_02_00_03.mp4
34,3,post,true,MCs-15-and-16,15;16,2026-03-02,2026-03-05,post_dose_d_plus_3,02,00,exact_hh00,full_24_hours,bumblebox-15_2026-03-05_02_00_04,bumblebox-15,/media/august/Expansion/Behavioral-Entropy-Pesticide-Dosing-Exps/MCs-15-and-16/2026-03-05/bumblebox-15_2026-03-05_02_00_04.mp4,/tmp/bumblebox_hourly_primary_mc9_24_links/MCs-15-and-16/2026-03-05/bumblebox-15_2026-03-05_02_00_04.mp4
35,3,pre,true,MCs-17-and-18,17;18,2026-03-16,2026-03-15,pre_dose_d_minus_1,02,00,exact_hh00,full_24_hours,bumblebox-9_2026-03-15_02_00_02,bumblebox-9,/media/august/Expansion/Behavioral-Entropy-Pesticide-Dosing-Exps/MCs-17-and-18/2026-03-15/bumblebox-9_2026-03-15_02_00_02.mp4,/tmp/bumblebox_hourly_primary_mc9_24_links/MCs-17-and-18/2026-03-15/bumblebox-9_2026-03-15_02_00_02.mp4
36,3,post,true,MCs-17-and-18,17;18,2026-03-16,2026-03-19,post_dose_d_plus_3,02,00,exact_hh00,full_24_hours,bumblebox-9_2026-03-19_02_00_02,bumblebox-9,/media/august/Expansion/Behavioral-Entropy-Pesticide-Dosing-Exps/MCs-17-and-18/2026-03-19/bumblebox-9_2026-03-19_02_00_02.mp4,/tmp/bumblebox_hourly_primary_mc9_24_links/MCs-17-and-18/2026-03-19/bumblebox-9_2026-03-19_02_00_02.mp4
37,3,pre,true,MCs-19-and-20,19;20,2026-03-16,2026-03-15,pre_dose_d_minus_1,02,00,exact_hh00,full_24_hours,bumblebox-19_2026-03-15_02_00_04,bumblebox-19,/media/august/Expansion/Behavioral-Entropy-Pesticide-Dosing-Exps/MCs-19-and-20/2026-03-15/bumblebox-19_2026-03-15_02_00_04.mp4,/tmp/bumblebox_hourly_primary_mc9_24_links/MCs-19-and-20/2026-03-15/bumblebox-19_2026-03-15_02_00_04.mp4
38,3,post,true,MCs-19-and-20,19;20,2026-03-16,2026-03-19,post_dose_d_plus_3,02,00,exact_hh00,full_24_hours,bumblebox-19_2026-03-19_02_00_05,bumblebox-19,/media/august/Expansion/Behavioral-Entropy-Pesticide-Dosing-Exps/MCs-19-and-20/2026-03-19/bumblebox-19_2026-03-19_02_00_05.mp4,/tmp/bumblebox_hourly_primary_mc9_24_links/MCs-19-and-20/2026-03-19/bumblebox-19_2026-03-19_02_00_05.mp4
39,3,pre,true,MCs-21-and-22,21;22,2026-03-16,2026-03-15,pre_dose_d_minus_1,02,00,exact_hh00,full_24_hours,bumblebox-18_2026-03-15_02_00_04,bumblebox-18,/media/august/Expansion/Behavioral-Entropy-Pesticide-Dosing-Exps/MCs-21-and-22/2026-03-15/bumblebox-18_2026-03-15_02_00_04.mp4,/tmp/bumblebox_hourly_primary_mc9_24_links/MCs-21-and-22/2026-03-15/bumblebox-18_2026-03-15_02_00_04.mp4
40,3,post,true,MCs-21-and-22,21;22,2026-03-16,2026-03-18,post_dose_d_plus_2_substitute,02,00,exact_hh00,full_24_hours,bumblebox-18_2026-03-18_02_00_04,bumblebox-18,/media/august/Expansion/Behavioral-Entropy-Pesticide-Dosing-Exps/MCs-21-and-22/2026-03-18/bumblebox-18_2026-03-18_02_00_04.mp4,/tmp/bumblebox_hourly_primary_mc9_24_links/MCs-21-and-22/2026-03-18/bumblebox-18_2026-03-18_02_00_04.mp4
41,3,pre,true,MCs-23-and-24,23;24,2026-03-16,2026-03-15,pre_dose_d_minus_1,02,00,exact_hh00,full_24_hours,bumblebox-15_2026-03-15_02_00_04,bumblebox-15,/media/august/Expansion/Behavioral-Entropy-Pesticide-Dosing-Exps/MCs-23-and-24/2026-03-15/bumblebox-15_2026-03-15_02_00_04.mp4,/tmp/bumblebox_hourly_primary_mc9_24_links/MCs-23-and-24/2026-03-15/bumblebox-15_2026-03-15_02_00_04.mp4
42,3,post,true,MCs-23-and-24,23;24,2026-03-16,2026-03-19,post_dose_d_plus_3,02,00,exact_hh00,full_24_hours,bumblebox-15_2026-03-19_02_00_04,bumblebox-15,/media/august/Expansion/Behavioral-Entropy-Pesticide-Dosing-Exps/MCs-23-and-24/2026-03-19/bumblebox-15_2026-03-19_02_00_04.mp4,/tmp/bumblebox_hourly_primary_mc9_24_links/MCs-23-and-24/2026-03-19/bumblebox-15_2026-03-19_02_00_04.mp4
43,4,pre,true,MCs-9-and-10,9;10,2026-03-02,2026-03-01,pre_dose_d_minus_1,03,00,exact_hh00,full_24_hours,bumblebox-07_2026-03-01_03_00_03,bumblebox-07,/media/august/Expansion/Behavioral-Entropy-Pesticide-Dosing-Exps/MCs-9-and-10/2026-03-01/bumblebox-07_2026-03-01_03_00_03.mp4,/tmp/bumblebox_hourly_primary_mc9_24_links/MCs-9-and-10/2026-03-01/bumblebox-07_2026-03-01_03_00_03.mp4
44,4,post,true,MCs-9-and-10,9;10,2026-03-02,2026-03-05,post_dose_d_plus_3,03,00,exact_hh00,full_24_hours,bumblebox-07_2026-03-05_03_00_03,bumblebox-07,/media/august/Expansion/Behavioral-Entropy-Pesticide-Dosing-Exps/MCs-9-and-10/2026-03-05/bumblebox-07_2026-03-05_03_00_03.mp4,/tmp/bumblebox_hourly_primary_mc9_24_links/MCs-9-and-10/2026-03-05/bumblebox-07_2026-03-05_03_00_03.mp4
45,4,post,true,MCs-11-and-12,11;12,2026-03-02,2026-03-05,post_dose_d_plus_3,03,00,exact_hh00,partial_day,bumblebox-19_2026-03-05_03_00_04,bumblebox-19,/media/august/Expansion/Behavioral-Entropy-Pesticide-Dosing-Exps/MCs-11-and-12/2026-03-05/bumblebox-19_2026-03-05_03_00_04.mp4,/tmp/bumblebox_hourly_primary_mc9_24_links/MCs-11-and-12/2026-03-05/bumblebox-19_2026-03-05_03_00_04.mp4
46,4,pre,true,MCs-13-and-14,13;14,2026-03-02,2026-03-01,pre_dose_d_minus_1,03,00,exact_hh00,full_24_hours,bumblebox-18_2026-03-01_03_00_04,bumblebox-18,/media/august/Expansion/Behavioral-Entropy-Pesticide-Dosing-Exps/MCs-13-and-14/2026-03-01/bumblebox-18_2026-03-01_03_00_04.mp4,/tmp/bumblebox_hourly_primary_mc9_24_links/MCs-13-and-14/2026-03-01/bumblebox-18_2026-03-01_03_00_04.mp4
47,4,post,true,MCs-13-and-14,13;14,2026-03-02,2026-03-05,post_dose_d_plus_3,03,00,exact_hh00,full_24_hours,bumblebox-18_2026-03-05_03_00_03,bumblebox-18,/media/august/Expansion/Behavioral-Entropy-Pesticide-Dosing-Exps/MCs-13-and-14/2026-03-05/bumblebox-18_2026-03-05_03_00_03.mp4,/tmp/bumblebox_hourly_primary_mc9_24_links/MCs-13-and-14/2026-03-05/bumblebox-18_2026-03-05_03_00_03.mp4
48,4,post,true,MCs-15-and-16,15;16,2026-03-02,2026-03-05,post_dose_d_plus_3,03,00,exact_hh00,full_24_hours,bumblebox-15_2026-03-05_03_00_04,bumblebox-15,/media/august/Expansion/Behavioral-Entropy-Pesticide-Dosing-Exps/MCs-15-and-16/2026-03-05/bumblebox-15_2026-03-05_03_00_04.mp4,/tmp/bumblebox_hourly_primary_mc9_24_links/MCs-15-and-16/2026-03-05/bumblebox-15_2026-03-05_03_00_04.mp4
49,4,pre,true,MCs-17-and-18,17;18,2026-03-16,2026-03-15,pre_dose_d_minus_1,03,00,exact_hh00,full_24_hours,bumblebox-9_2026-03-15_03_00_03,bumblebox-9,/media/august/Expansion/Behavioral-Entropy-Pesticide-Dosing-Exps/MCs-17-and-18/2026-03-15/bumblebox-9_2026-03-15_03_00_03.mp4,/tmp/bumblebox_hourly_primary_mc9_24_links/MCs-17-and-18/2026-03-15/bumblebox-9_2026-03-15_03_00_03.mp4
50,4,post,true,MCs-17-and-18,17;18,2026-03-16,2026-03-19,post_dose_d_plus_3,03,00,exact_hh00,full_24_hours,bumblebox-9_2026-03-19_03_00_02,bumblebox-9,/media/august/Expansion/Behavioral-Entropy-Pesticide-Dosing-Exps/MCs-17-and-18/2026-03-19/bumblebox-9_2026-03-19_03_00_02.mp4,/tmp/bumblebox_hourly_primary_mc9_24_links/MCs-17-and-18/2026-03-19/bumblebox-9_2026-03-19_03_00_02.mp4
51,4,pre,true,MCs-19-and-20,19;20,2026-03-16,2026-03-15,pre_dose_d_minus_1,03,00,exact_hh00,full_24_hours,bumblebox-19_2026-03-15_03_00_05,bumblebox-19,/media/august/Expansion/Behavioral-Entropy-Pesticide-Dosing-Exps/MCs-19-and-20/2026-03-15/bumblebox-19_2026-03-15_03_00_05.mp4,/tmp/bumblebox_hourly_primary_mc9_24_links/MCs-19-and-20/2026-03-15/bumblebox-19_2026-03-15_03_00_05.mp4
52,4,post,true,MCs-19-and-20,19;20,2026-03-16,2026-03-19,post_dose_d_plus_3,03,00,exact_hh00,full_24_hours,bumblebox-19_2026-03-19_03_00_04,bumblebox-19,/media/august/Expansion/Behavioral-Entropy-Pesticide-Dosing-Exps/MCs-19-and-20/2026-03-19/bumblebox-19_2026-03-19_03_00_04.mp4,/tmp/bumblebox_hourly_primary_mc9_24_links/MCs-19-and-20/2026-03-19/bumblebox-19_2026-03-19_03_00_04.mp4
53,4,pre,true,MCs-21-and-22,21;22,2026-03-16,2026-03-15,pre_dose_d_minus_1,03,00,exact_hh00,full_24_hours,bumblebox-18_2026-03-15_03_00_04,bumblebox-18,/media/august/Expansion/Behavioral-Entropy-Pesticide-Dosing-Exps/MCs-21-and-22/2026-03-15/bumblebox-18_2026-03-15_03_00_04.mp4,/tmp/bumblebox_hourly_primary_mc9_24_links/MCs-21-and-22/2026-03-15/bumblebox-18_2026-03-15_03_00_04.mp4
54,4,post,true,MCs-21-and-22,21;22,2026-03-16,2026-03-18,post_dose_d_plus_2_substitute,03,00,exact_hh00,full_24_hours,bumblebox-18_2026-03-18_03_00_04,bumblebox-18,/media/august/Expansion/Behavioral-Entropy-Pesticide-Dosing-Exps/MCs-21-and-22/2026-03-18/bumblebox-18_2026-03-18_03_00_04.mp4,/tmp/bumblebox_hourly_primary_mc9_24_links/MCs-21-and-22/2026-03-18/bumblebox-18_2026-03-18_03_00_04.mp4
55,4,pre,true,MCs-23-and-24,23;24,2026-03-16,2026-03-15,pre_dose_d_minus_1,03,00,exact_hh00,full_24_hours,bumblebox-15_2026-03-15_03_00_04,bumblebox-15,/media/august/Expansion/Behavioral-Entropy-Pesticide-Dosing-Exps/MCs-23-and-24/2026-03-15/bumblebox-15_2026-03-15_03_00_04.mp4,/tmp/bumblebox_hourly_primary_mc9_24_links/MCs-23-and-24/2026-03-15/bumblebox-15_2026-03-15_03_00_04.mp4
56,4,post,true,MCs-23-and-24,23;24,2026-03-16,2026-03-19,post_dose_d_plus_3,03,00,exact_hh00,full_24_hours,bumblebox-15_2026-03-19_03_00_04,bumblebox-15,/media/august/Expansion/Behavioral-Entropy-Pesticide-Dosing-Exps/MCs-23-and-24/2026-03-19/bumblebox-15_2026-03-19_03_00_04.mp4,/tmp/bumblebox_hourly_primary_mc9_24_links/MCs-23-and-24/2026-03-19/bumblebox-15_2026-03-19_03_00_04.mp4
57,5,pre,true,MCs-9-and-10,9;10,2026-03-02,2026-03-01,pre_dose_d_minus_1,04,00,exact_hh00,full_24_hours,bumblebox-07_2026-03-01_04_00_03,bumblebox-07,/media/august/Expansion/Behavioral-Entropy-Pesticide-Dosing-Exps/MCs-9-and-10/2026-03-01/bumblebox-07_2026-03-01_04_00_03.mp4,/tmp/bumblebox_hourly_primary_mc9_24_links/MCs-9-and-10/2026-03-01/bumblebox-07_2026-03-01_04_00_03.mp4
58,5,post,true,MCs-9-and-10,9;10,2026-03-02,2026-03-05,post_dose_d_plus_3,04,00,exact_hh00,full_24_hours,bumblebox-07_2026-03-05_04_00_03,bumblebox-07,/media/august/Expansion/Behavioral-Entropy-Pesticide-Dosing-Exps/MCs-9-and-10/2026-03-05/bumblebox-07_2026-03-05_04_00_03.mp4,/tmp/bumblebox_hourly_primary_mc9_24_links/MCs-9-and-10/2026-03-05/bumblebox-07_2026-03-05_04_00_03.mp4
59,5,post,true,MCs-11-and-12,11;12,2026-03-02,2026-03-05,post_dose_d_plus_3,04,00,exact_hh00,partial_day,bumblebox-19_2026-03-05_04_00_03,bumblebox-19,/media/august/Expansion/Behavioral-Entropy-Pesticide-Dosing-Exps/MCs-11-and-12/2026-03-05/bumblebox-19_2026-03-05_04_00_03.mp4,/tmp/bumblebox_hourly_primary_mc9_24_links/MCs-11-and-12/2026-03-05/bumblebox-19_2026-03-05_04_00_03.mp4
60,5,pre,true,MCs-13-and-14,13;14,2026-03-02,2026-03-01,pre_dose_d_minus_1,04,00,exact_hh00,full_24_hours,bumblebox-18_2026-03-01_04_00_03,bumblebox-18,/media/august/Expansion/Behavioral-Entropy-Pesticide-Dosing-Exps/MCs-13-and-14/2026-03-01/bumblebox-18_2026-03-01_04_00_03.mp4,/tmp/bumblebox_hourly_primary_mc9_24_links/MCs-13-and-14/2026-03-01/bumblebox-18_2026-03-01_04_00_03.mp4
61,5,post,true,MCs-13-and-14,13;14,2026-03-02,2026-03-05,post_dose_d_plus_3,04,00,exact_hh00,full_24_hours,bumblebox-18_2026-03-05_04_00_04,bumblebox-18,/media/august/Expansion/Behavioral-Entropy-Pesticide-Dosing-Exps/MCs-13-and-14/2026-03-05/bumblebox-18_2026-03-05_04_00_04.mp4,/tmp/bumblebox_hourly_primary_mc9_24_links/MCs-13-and-14/2026-03-05/bumblebox-18_2026-03-05_04_00_04.mp4
62,5,post,true,MCs-15-and-16,15;16,2026-03-02,2026-03-05,post_dose_d_plus_3,04,00,exact_hh00,full_24_hours,bumblebox-15_2026-03-05_04_00_04,bumblebox-15,/media/august/Expansion/Behavioral-Entropy-Pesticide-Dosing-Exps/MCs-15-and-16/2026-03-05/bumblebox-15_2026-03-05_04_00_04.mp4,/tmp/bumblebox_hourly_primary_mc9_24_links/MCs-15-and-16/2026-03-05/bumblebox-15_2026-03-05_04_00_04.mp4
63,5,pre,true,MCs-17-and-18,17;18,2026-03-16,2026-03-15,pre_dose_d_minus_1,04,00,exact_hh00,full_24_hours,bumblebox-9_2026-03-15_04_00_03,bumblebox-9,/media/august/Expansion/Behavioral-Entropy-Pesticide-Dosing-Exps/MCs-17-and-18/2026-03-15/bumblebox-9_2026-03-15_04_00_03.mp4,/tmp/bumblebox_hourly_primary_mc9_24_links/MCs-17-and-18/2026-03-15/bumblebox-9_2026-03-15_04_00_03.mp4
64,5,post,true,MCs-17-and-18,17;18,2026-03-16,2026-03-19,post_dose_d_plus_3,04,00,exact_hh00,full_24_hours,bumblebox-9_2026-03-19_04_00_02,bumblebox-9,/media/august/Expansion/Behavioral-Entropy-Pesticide-Dosing-Exps/MCs-17-and-18/2026-03-19/bumblebox-9_2026-03-19_04_00_02.mp4,/tmp/bumblebox_hourly_primary_mc9_24_links/MCs-17-and-18/2026-03-19/bumblebox-9_2026-03-19_04_00_02.mp4
65,5,pre,true,MCs-19-and-20,19;20,2026-03-16,2026-03-15,pre_dose_d_minus_1,04,00,exact_hh00,full_24_hours,bumblebox-19_2026-03-15_04_00_04,bumblebox-19,/media/august/Expansion/Behavioral-Entropy-Pesticide-Dosing-Exps/MCs-19-and-20/2026-03-15/bumblebox-19_2026-03-15_04_00_04.mp4,/tmp/bumblebox_hourly_primary_mc9_24_links/MCs-19-and-20/2026-03-15/bumblebox-19_2026-03-15_04_00_04.mp4
66,5,post,true,MCs-19-and-20,19;20,2026-03-16,2026-03-19,post_dose_d_plus_3,04,00,exact_hh00,full_24_hours,bumblebox-19_2026-03-19_04_00_04,bumblebox-19,/media/august/Expansion/Behavioral-Entropy-Pesticide-Dosing-Exps/MCs-19-and-20/2026-03-19/bumblebox-19_2026-03-19_04_00_04.mp4,/tmp/bumblebox_hourly_primary_mc9_24_links/MCs-19-and-20/2026-03-19/bumblebox-19_2026-03-19_04_00_04.mp4
67,5,pre,true,MCs-21-and-22,21;22,2026-03-16,2026-03-15,pre_dose_d_minus_1,04,00,exact_hh00,full_24_hours,bumblebox-18_2026-03-15_04_00_06,bumblebox-18,/media/august/Expansion/Behavioral-Entropy-Pesticide-Dosing-Exps/MCs-21-and-22/2026-03-15/bumblebox-18_2026-03-15_04_00_06.mp4,/tmp/bumblebox_hourly_primary_mc9_24_links/MCs-21-and-22/2026-03-15/bumblebox-18_2026-03-15_04_00_06.mp4
68,5,post,true,MCs-21-and-22,21;22,2026-03-16,2026-03-18,post_dose_d_plus_2_substitute,04,00,exact_hh00,full_24_hours,bumblebox-18_2026-03-18_04_00_04,bumblebox-18,/media/august/Expansion/Behavioral-Entropy-Pesticide-Dosing-Exps/MCs-21-and-22/2026-03-18/bumblebox-18_2026-03-18_04_00_04.mp4,/tmp/bumblebox_hourly_primary_mc9_24_links/MCs-21-and-22/2026-03-18/bumblebox-18_2026-03-18_04_00_04.mp4
69,5,pre,true,MCs-23-and-24,23;24,2026-03-16,2026-03-15,pre_dose_d_minus_1,04,00,exact_hh00,full_24_hours,bumblebox-15_2026-03-15_04_00_04,bumblebox-15,/media/august/Expansion/Behavioral-Entropy-Pesticide-Dosing-Exps/MCs-23-and-24/2026-03-15/bumblebox-15_2026-03-15_04_00_04.mp4,/tmp/bumblebox_hourly_primary_mc9_24_links/MCs-23-and-24/2026-03-15/bumblebox-15_2026-03-15_04_00_04.mp4
70,5,post,true,MCs-23-and-24,23;24,2026-03-16,2026-03-19,post_dose_d_plus_3,04,00,exact_hh00,full_24_hours,bumblebox-15_2026-03-19_04_00_04,bumblebox-15,/media/august/Expansion/Behavioral-Entropy-Pesticide-Dosing-Exps/MCs-23-and-24/2026-03-19/bumblebox-15_2026-03-19_04_00_04.mp4,/tmp/bumblebox_hourly_primary_mc9_24_links/MCs-23-and-24/2026-03-19/bumblebox-15_2026-03-19_04_00_04.mp4
71,6,pre,true,MCs-9-and-10,9;10,2026-03-02,2026-03-01,pre_dose_d_minus_1,05,00,exact_hh00,full_24_hours,bumblebox-07_2026-03-01_05_00_03,bumblebox-07,/media/august/Expansion/Behavioral-Entropy-Pesticide-Dosing-Exps/MCs-9-and-10/2026-03-01/bumblebox-07_2026-03-01_05_00_03.mp4,/tmp/bumblebox_hourly_primary_mc9_24_links/MCs-9-and-10/2026-03-01/bumblebox-07_2026-03-01_05_00_03.mp4
72,6,post,true,MCs-9-and-10,9;10,2026-03-02,2026-03-05,post_dose_d_plus_3,05,00,exact_hh00,full_24_hours,bumblebox-07_2026-03-05_05_00_03,bumblebox-07,/media/august/Expansion/Behavioral-Entropy-Pesticide-Dosing-Exps/MCs-9-and-10/2026-03-05/bumblebox-07_2026-03-05_05_00_03.mp4,/tmp/bumblebox_hourly_primary_mc9_24_links/MCs-9-and-10/2026-03-05/bumblebox-07_2026-03-05_05_00_03.mp4
73,6,post,true,MCs-11-and-12,11;12,2026-03-02,2026-03-05,post_dose_d_plus_3,05,00,exact_hh00,partial_day,bumblebox-19_2026-03-05_05_00_05,bumblebox-19,/media/august/Expansion/Behavioral-Entropy-Pesticide-Dosing-Exps/MCs-11-and-12/2026-03-05/bumblebox-19_2026-03-05_05_00_05.mp4,/tmp/bumblebox_hourly_primary_mc9_24_links/MCs-11-and-12/2026-03-05/bumblebox-19_2026-03-05_05_00_05.mp4
74,6,pre,true,MCs-13-and-14,13;14,2026-03-02,2026-03-01,pre_dose_d_minus_1,05,00,exact_hh00,full_24_hours,bumblebox-18_2026-03-01_05_00_04,bumblebox-18,/media/august/Expansion/Behavioral-Entropy-Pesticide-Dosing-Exps/MCs-13-and-14/2026-03-01/bumblebox-18_2026-03-01_05_00_04.mp4,/tmp/bumblebox_hourly_primary_mc9_24_links/MCs-13-and-14/2026-03-01/bumblebox-18_2026-03-01_05_00_04.mp4
75,6,post,true,MCs-13-and-14,13;14,2026-03-02,2026-03-05,post_dose_d_plus_3,05,00,exact_hh00,full_24_hours,bumblebox-18_2026-03-05_05_00_04,bumblebox-18,/media/august/Expansion/Behavioral-Entropy-Pesticide-Dosing-Exps/MCs-13-and-14/2026-03-05/bumblebox-18_2026-03-05_05_00_04.mp4,/tmp/bumblebox_hourly_primary_mc9_24_links/MCs-13-and-14/2026-03-05/bumblebox-18_2026-03-05_05_00_04.mp4
76,6,post,true,MCs-15-and-16,15;16,2026-03-02,2026-03-05,post_dose_d_plus_3,05,00,exact_hh00,full_24_hours,bumblebox-15_2026-03-05_05_00_04,bumblebox-15,/media/august/Expansion/Behavioral-Entropy-Pesticide-Dosing-Exps/MCs-15-and-16/2026-03-05/bumblebox-15_2026-03-05_05_00_04.mp4,/tmp/bumblebox_hourly_primary_mc9_24_links/MCs-15-and-16/2026-03-05/bumblebox-15_2026-03-05_05_00_04.mp4
77,6,pre,true,MCs-17-and-18,17;18,2026-03-16,2026-03-15,pre_dose_d_minus_1,05,00,exact_hh00,full_24_hours,bumblebox-9_2026-03-15_05_00_03,bumblebox-9,/media/august/Expansion/Behavioral-Entropy-Pesticide-Dosing-Exps/MCs-17-and-18/2026-03-15/bumblebox-9_2026-03-15_05_00_03.mp4,/tmp/bumblebox_hourly_primary_mc9_24_links/MCs-17-and-18/2026-03-15/bumblebox-9_2026-03-15_05_00_03.mp4
78,6,post,true,MCs-17-and-18,17;18,2026-03-16,2026-03-19,post_dose_d_plus_3,05,00,exact_hh00,full_24_hours,bumblebox-9_2026-03-19_05_00_02,bumblebox-9,/media/august/Expansion/Behavioral-Entropy-Pesticide-Dosing-Exps/MCs-17-and-18/2026-03-19/bumblebox-9_2026-03-19_05_00_02.mp4,/tmp/bumblebox_hourly_primary_mc9_24_links/MCs-17-and-18/2026-03-19/bumblebox-9_2026-03-19_05_00_02.mp4
79,6,pre,true,MCs-19-and-20,19;20,2026-03-16,2026-03-15,pre_dose_d_minus_1,05,00,exact_hh00,full_24_hours,bumblebox-19_2026-03-15_05_00_05,bumblebox-19,/media/august/Expansion/Behavioral-Entropy-Pesticide-Dosing-Exps/MCs-19-and-20/2026-03-15/bumblebox-19_2026-03-15_05_00_05.mp4,/tmp/bumblebox_hourly_primary_mc9_24_links/MCs-19-and-20/2026-03-15/bumblebox-19_2026-03-15_05_00_05.mp4
80,6,post,true,MCs-19-and-20,19;20,2026-03-16,2026-03-19,post_dose_d_plus_3,05,00,exact_hh00,full_24_hours,bumblebox-19_2026-03-19_05_00_04,bumblebox-19,/media/august/Expansion/Behavioral-Entropy-Pesticide-Dosing-Exps/MCs-19-and-20/2026-03-19/bumblebox-19_2026-03-19_05_00_04.mp4,/tmp/bumblebox_hourly_primary_mc9_24_links/MCs-19-and-20/2026-03-19/bumblebox-19_2026-03-19_05_00_04.mp4
81,6,pre,true,MCs-21-and-22,21;22,2026-03-16,2026-03-15,pre_dose_d_minus_1,05,00,exact_hh00,full_24_hours,bumblebox-18_2026-03-15_05_00_03,bumblebox-18,/media/august/Expansion/Behavioral-Entropy-Pesticide-Dosing-Exps/MCs-21-and-22/2026-03-15/bumblebox-18_2026-03-15_05_00_03.mp4,/tmp/bumblebox_hourly_primary_mc9_24_links/MCs-21-and-22/2026-03-15/bumblebox-18_2026-03-15_05_00_03.mp4
82,6,post,true,MCs-21-and-22,21;22,2026-03-16,2026-03-18,post_dose_d_plus_2_substitute,05,00,exact_hh00,full_24_hours,bumblebox-18_2026-03-18_05_00_03,bumblebox-18,/media/august/Expansion/Behavioral-Entropy-Pesticide-Dosing-Exps/MCs-21-and-22/2026-03-18/bumblebox-18_2026-03-18_05_00_03.mp4,/tmp/bumblebox_hourly_primary_mc9_24_links/MCs-21-and-22/2026-03-18/bumblebox-18_2026-03-18_05_00_03.mp4
83,6,pre,true,MCs-23-and-24,23;24,2026-03-16,2026-03-15,pre_dose_d_minus_1,05,00,exact_hh00,full_24_hours,bumblebox-15_2026-03-15_05_00_04,bumblebox-15,/media/august/Expansion/Behavioral-Entropy-Pesticide-Dosing-Exps/MCs-23-and-24/2026-03-15/bumblebox-15_2026-03-15_05_00_04.mp4,/tmp/bumblebox_hourly_primary_mc9_24_links/MCs-23-and-24/2026-03-15/bumblebox-15_2026-03-15_05_00_04.mp4
84,6,post,true,MCs-23-and-24,23;24,2026-03-16,2026-03-19,post_dose_d_plus_3,05,00,exact_hh00,full_24_hours,bumblebox-15_2026-03-19_05_00_03,bumblebox-15,/media/august/Expansion/Behavioral-Entropy-Pesticide-Dosing-Exps/MCs-23-and-24/2026-03-19/bumblebox-15_2026-03-19_05_00_03.mp4,/tmp/bumblebox_hourly_primary_mc9_24_links/MCs-23-and-24/2026-03-19/bumblebox-15_2026-03-19_05_00_03.mp4
85,7,pre,true,MCs-9-and-10,9;10,2026-03-02,2026-03-01,pre_dose_d_minus_1,06,00,exact_hh00,full_24_hours,bumblebox-07_2026-03-01_06_00_03,bumblebox-07,/media/august/Expansion/Behavioral-Entropy-Pesticide-Dosing-Exps/MCs-9-and-10/2026-03-01/bumblebox-07_2026-03-01_06_00_03.mp4,/tmp/bumblebox_hourly_primary_mc9_24_links/MCs-9-and-10/2026-03-01/bumblebox-07_2026-03-01_06_00_03.mp4
86,7,post,true,MCs-9-and-10,9;10,2026-03-02,2026-03-05,post_dose_d_plus_3,06,00,exact_hh00,full_24_hours,bumblebox-07_2026-03-05_06_00_03,bumblebox-07,/media/august/Expansion/Behavioral-Entropy-Pesticide-Dosing-Exps/MCs-9-and-10/2026-03-05/bumblebox-07_2026-03-05_06_00_03.mp4,/tmp/bumblebox_hourly_primary_mc9_24_links/MCs-9-and-10/2026-03-05/bumblebox-07_2026-03-05_06_00_03.mp4
87,7,post,true,MCs-11-and-12,11;12,2026-03-02,2026-03-05,post_dose_d_plus_3,06,00,exact_hh00,partial_day,bumblebox-19_2026-03-05_06_00_04,bumblebox-19,/media/august/Expansion/Behavioral-Entropy-Pesticide-Dosing-Exps/MCs-11-and-12/2026-03-05/bumblebox-19_2026-03-05_06_00_04.mp4,/tmp/bumblebox_hourly_primary_mc9_24_links/MCs-11-and-12/2026-03-05/bumblebox-19_2026-03-05_06_00_04.mp4
88,7,pre,true,MCs-13-and-14,13;14,2026-03-02,2026-03-01,pre_dose_d_minus_1,06,00,exact_hh00,full_24_hours,bumblebox-18_2026-03-01_06_00_04,bumblebox-18,/media/august/Expansion/Behavioral-Entropy-Pesticide-Dosing-Exps/MCs-13-and-14/2026-03-01/bumblebox-18_2026-03-01_06_00_04.mp4,/tmp/bumblebox_hourly_primary_mc9_24_links/MCs-13-and-14/2026-03-01/bumblebox-18_2026-03-01_06_00_04.mp4
89,7,post,true,MCs-13-and-14,13;14,2026-03-02,2026-03-05,post_dose_d_plus_3,06,00,exact_hh00,full_24_hours,bumblebox-18_2026-03-05_06_00_04,bumblebox-18,/media/august/Expansion/Behavioral-Entropy-Pesticide-Dosing-Exps/MCs-13-and-14/2026-03-05/bumblebox-18_2026-03-05_06_00_04.mp4,/tmp/bumblebox_hourly_primary_mc9_24_links/MCs-13-and-14/2026-03-05/bumblebox-18_2026-03-05_06_00_04.mp4
90,7,post,true,MCs-15-and-16,15;16,2026-03-02,2026-03-05,post_dose_d_plus_3,06,00,exact_hh00,full_24_hours,bumblebox-15_2026-03-05_06_00_04,bumblebox-15,/media/august/Expansion/Behavioral-Entropy-Pesticide-Dosing-Exps/MCs-15-and-16/2026-03-05/bumblebox-15_2026-03-05_06_00_04.mp4,/tmp/bumblebox_hourly_primary_mc9_24_links/MCs-15-and-16/2026-03-05/bumblebox-15_2026-03-05_06_00_04.mp4
91,7,pre,true,MCs-17-and-18,17;18,2026-03-16,2026-03-15,pre_dose_d_minus_1,06,00,exact_hh00,full_24_hours,bumblebox-9_2026-03-15_06_00_03,bumblebox-9,/media/august/Expansion/Behavioral-Entropy-Pesticide-Dosing-Exps/MCs-17-and-18/2026-03-15/bumblebox-9_2026-03-15_06_00_03.mp4,/tmp/bumblebox_hourly_primary_mc9_24_links/MCs-17-and-18/2026-03-15/bumblebox-9_2026-03-15_06_00_03.mp4
92,7,post,true,MCs-17-and-18,17;18,2026-03-16,2026-03-19,post_dose_d_plus_3,06,00,exact_hh00,full_24_hours,bumblebox-9_2026-03-19_06_00_03,bumblebox-9,/media/august/Expansion/Behavioral-Entropy-Pesticide-Dosing-Exps/MCs-17-and-18/2026-03-19/bumblebox-9_2026-03-19_06_00_03.mp4,/tmp/bumblebox_hourly_primary_mc9_24_links/MCs-17-and-18/2026-03-19/bumblebox-9_2026-03-19_06_00_03.mp4
93,7,pre,true,MCs-19-and-20,19;20,2026-03-16,2026-03-15,pre_dose_d_minus_1,06,00,exact_hh00,full_24_hours,bumblebox-19_2026-03-15_06_00_04,bumblebox-19,/media/august/Expansion/Behavioral-Entropy-Pesticide-Dosing-Exps/MCs-19-and-20/2026-03-15/bumblebox-19_2026-03-15_06_00_04.mp4,/tmp/bumblebox_hourly_primary_mc9_24_links/MCs-19-and-20/2026-03-15/bumblebox-19_2026-03-15_06_00_04.mp4
94,7,post,true,MCs-19-and-20,19;20,2026-03-16,2026-03-19,post_dose_d_plus_3,06,00,exact_hh00,full_24_hours,bumblebox-19_2026-03-19_06_00_05,bumblebox-19,/media/august/Expansion/Behavioral-Entropy-Pesticide-Dosing-Exps/MCs-19-and-20/2026-03-19/bumblebox-19_2026-03-19_06_00_05.mp4,/tmp/bumblebox_hourly_primary_mc9_24_links/MCs-19-and-20/2026-03-19/bumblebox-19_2026-03-19_06_00_05.mp4
95,7,pre,true,MCs-21-and-22,21;22,2026-03-16,2026-03-15,pre_dose_d_minus_1,06,00,exact_hh00,full_24_hours,bumblebox-18_2026-03-15_06_00_04,bumblebox-18,/media/august/Expansion/Behavioral-Entropy-Pesticide-Dosing-Exps/MCs-21-and-22/2026-03-15/bumblebox-18_2026-03-15_06_00_04.mp4,/tmp/bumblebox_hourly_primary_mc9_24_links/MCs-21-and-22/2026-03-15/bumblebox-18_2026-03-15_06_00_04.mp4
96,7,post,true,MCs-21-and-22,21;22,2026-03-16,2026-03-18,post_dose_d_plus_2_substitute,06,00,exact_hh00,full_24_hours,bumblebox-18_2026-03-18_06_00_03,bumblebox-18,/media/august/Expansion/Behavioral-Entropy-Pesticide-Dosing-Exps/MCs-21-and-22/2026-03-18/bumblebox-18_2026-03-18_06_00_03.mp4,/tmp/bumblebox_hourly_primary_mc9_24_links/MCs-21-and-22/2026-03-18/bumblebox-18_2026-03-18_06_00_03.mp4
97,7,pre,true,MCs-23-and-24,23;24,2026-03-16,2026-03-15,pre_dose_d_minus_1,06,00,exact_hh00,full_24_hours,bumblebox-15_2026-03-15_06_00_04,bumblebox-15,/media/august/Expansion/Behavioral-Entropy-Pesticide-Dosing-Exps/MCs-23-and-24/2026-03-15/bumblebox-15_2026-03-15_06_00_04.mp4,/tmp/bumblebox_hourly_primary_mc9_24_links/MCs-23-and-24/2026-03-15/bumblebox-15_2026-03-15_06_00_04.mp4
98,7,post,true,MCs-23-and-24,23;24,2026-03-16,2026-03-19,post_dose_d_plus_3,06,00,exact_hh00,full_24_hours,bumblebox-15_2026-03-19_06_00_04,bumblebox-15,/media/august/Expansion/Behavioral-Entropy-Pesticide-Dosing-Exps/MCs-23-and-24/2026-03-19/bumblebox-15_2026-03-19_06_00_04.mp4,/tmp/bumblebox_hourly_primary_mc9_24_links/MCs-23-and-24/2026-03-19/bumblebox-15_2026-03-19_06_00_04.mp4
99,8,pre,true,MCs-9-and-10,9;10,2026-03-02,2026-03-01,pre_dose_d_minus_1,07,00,exact_hh00,full_24_hours,bumblebox-07_2026-03-01_07_00_03,bumblebox-07,/media/august/Expansion/Behavioral-Entropy-Pesticide-Dosing-Exps/MCs-9-and-10/2026-03-01/bumblebox-07_2026-03-01_07_00_03.mp4,/tmp/bumblebox_hourly_primary_mc9_24_links/MCs-9-and-10/2026-03-01/bumblebox-07_2026-03-01_07_00_03.mp4
100,8,post,true,MCs-9-and-10,9;10,2026-03-02,2026-03-05,post_dose_d_plus_3,07,00,exact_hh00,full_24_hours,bumblebox-07_2026-03-05_07_00_03,bumblebox-07,/media/august/Expansion/Behavioral-Entropy-Pesticide-Dosing-Exps/MCs-9-and-10/2026-03-05/bumblebox-07_2026-03-05_07_00_03.mp4,/tmp/bumblebox_hourly_primary_mc9_24_links/MCs-9-and-10/2026-03-05/bumblebox-07_2026-03-05_07_00_03.mp4
101,8,post,true,MCs-11-and-12,11;12,2026-03-02,2026-03-05,post_dose_d_plus_3,07,00,exact_hh00,partial_day,bumblebox-19_2026-03-05_07_00_04,bumblebox-19,/media/august/Expansion/Behavioral-Entropy-Pesticide-Dosing-Exps/MCs-11-and-12/2026-03-05/bumblebox-19_2026-03-05_07_00_04.mp4,/tmp/bumblebox_hourly_primary_mc9_24_links/MCs-11-and-12/2026-03-05/bumblebox-19_2026-03-05_07_00_04.mp4
102,8,pre,true,MCs-13-and-14,13;14,2026-03-02,2026-03-01,pre_dose_d_minus_1,07,00,exact_hh00,full_24_hours,bumblebox-18_2026-03-01_07_00_05,bumblebox-18,/media/august/Expansion/Behavioral-Entropy-Pesticide-Dosing-Exps/MCs-13-and-14/2026-03-01/bumblebox-18_2026-03-01_07_00_05.mp4,/tmp/bumblebox_hourly_primary_mc9_24_links/MCs-13-and-14/2026-03-01/bumblebox-18_2026-03-01_07_00_05.mp4
103,8,post,true,MCs-13-and-14,13;14,2026-03-02,2026-03-05,post_dose_d_plus_3,07,00,exact_hh00,full_24_hours,bumblebox-18_2026-03-05_07_00_03,bumblebox-18,/media/august/Expansion/Behavioral-Entropy-Pesticide-Dosing-Exps/MCs-13-and-14/2026-03-05/bumblebox-18_2026-03-05_07_00_03.mp4,/tmp/bumblebox_hourly_primary_mc9_24_links/MCs-13-and-14/2026-03-05/bumblebox-18_2026-03-05_07_00_03.mp4
104,8,post,true,MCs-15-and-16,15;16,2026-03-02,2026-03-05,post_dose_d_plus_3,07,00,exact_hh00,full_24_hours,bumblebox-15_2026-03-05_07_00_04,bumblebox-15,/media/august/Expansion/Behavioral-Entropy-Pesticide-Dosing-Exps/MCs-15-and-16/2026-03-05/bumblebox-15_2026-03-05_07_00_04.mp4,/tmp/bumblebox_hourly_primary_mc9_24_links/MCs-15-and-16/2026-03-05/bumblebox-15_2026-03-05_07_00_04.mp4
105,8,pre,true,MCs-17-and-18,17;18,2026-03-16,2026-03-15,pre_dose_d_minus_1,07,00,exact_hh00,full_24_hours,bumblebox-9_2026-03-15_07_00_03,bumblebox-9,/media/august/Expansion/Behavioral-Entropy-Pesticide-Dosing-Exps/MCs-17-and-18/2026-03-15/bumblebox-9_2026-03-15_07_00_03.mp4,/tmp/bumblebox_hourly_primary_mc9_24_links/MCs-17-and-18/2026-03-15/bumblebox-9_2026-03-15_07_00_03.mp4
106,8,post,true,MCs-17-and-18,17;18,2026-03-16,2026-03-19,post_dose_d_plus_3,07,00,exact_hh00,full_24_hours,bumblebox-9_2026-03-19_07_00_03,bumblebox-9,/media/august/Expansion/Behavioral-Entropy-Pesticide-Dosing-Exps/MCs-17-and-18/2026-03-19/bumblebox-9_2026-03-19_07_00_03.mp4,/tmp/bumblebox_hourly_primary_mc9_24_links/MCs-17-and-18/2026-03-19/bumblebox-9_2026-03-19_07_00_03.mp4
107,8,pre,true,MCs-19-and-20,19;20,2026-03-16,2026-03-15,pre_dose_d_minus_1,07,00,exact_hh00,full_24_hours,bumblebox-19_2026-03-15_07_00_02,bumblebox-19,/media/august/Expansion/Behavioral-Entropy-Pesticide-Dosing-Exps/MCs-19-and-20/2026-03-15/bumblebox-19_2026-03-15_07_00_02.mp4,/tmp/bumblebox_hourly_primary_mc9_24_links/MCs-19-and-20/2026-03-15/bumblebox-19_2026-03-15_07_00_02.mp4
108,8,post,true,MCs-19-and-20,19;20,2026-03-16,2026-03-19,post_dose_d_plus_3,07,00,exact_hh00,full_24_hours,bumblebox-19_2026-03-19_07_00_04,bumblebox-19,/media/august/Expansion/Behavioral-Entropy-Pesticide-Dosing-Exps/MCs-19-and-20/2026-03-19/bumblebox-19_2026-03-19_07_00_04.mp4,/tmp/bumblebox_hourly_primary_mc9_24_links/MCs-19-and-20/2026-03-19/bumblebox-19_2026-03-19_07_00_04.mp4
109,8,pre,true,MCs-21-and-22,21;22,2026-03-16,2026-03-15,pre_dose_d_minus_1,07,00,exact_hh00,full_24_hours,bumblebox-18_2026-03-15_07_00_04,bumblebox-18,/media/august/Expansion/Behavioral-Entropy-Pesticide-Dosing-Exps/MCs-21-and-22/2026-03-15/bumblebox-18_2026-03-15_07_00_04.mp4,/tmp/bumblebox_hourly_primary_mc9_24_links/MCs-21-and-22/2026-03-15/bumblebox-18_2026-03-15_07_00_04.mp4
110,8,post,true,MCs-21-and-22,21;22,2026-03-16,2026-03-18,post_dose_d_plus_2_substitute,07,00,exact_hh00,full_24_hours,bumblebox-18_2026-03-18_07_00_03,bumblebox-18,/media/august/Expansion/Behavioral-Entropy-Pesticide-Dosing-Exps/MCs-21-and-22/2026-03-18/bumblebox-18_2026-03-18_07_00_03.mp4,/tmp/bumblebox_hourly_primary_mc9_24_links/MCs-21-and-22/2026-03-18/bumblebox-18_2026-03-18_07_00_03.mp4
111,8,pre,true,MCs-23-and-24,23;24,2026-03-16,2026-03-15,pre_dose_d_minus_1,07,00,exact_hh00,full_24_hours,bumblebox-15_2026-03-15_07_00_02,bumblebox-15,/media/august/Expansion/Behavioral-Entropy-Pesticide-Dosing-Exps/MCs-23-and-24/2026-03-15/bumblebox-15_2026-03-15_07_00_02.mp4,/tmp/bumblebox_hourly_primary_mc9_24_links/MCs-23-and-24/2026-03-15/bumblebox-15_2026-03-15_07_00_02.mp4
112,8,post,true,MCs-23-and-24,23;24,2026-03-16,2026-03-19,post_dose_d_plus_3,07,00,exact_hh00,full_24_hours,bumblebox-15_2026-03-19_07_00_03,bumblebox-15,/media/august/Expansion/Behavioral-Entropy-Pesticide-Dosing-Exps/MCs-23-and-24/2026-03-19/bumblebox-15_2026-03-19_07_00_03.mp4,/tmp/bumblebox_hourly_primary_mc9_24_links/MCs-23-and-24/2026-03-19/bumblebox-15_2026-03-19_07_00_03.mp4
113,9,pre,true,MCs-9-and-10,9;10,2026-03-02,2026-03-01,pre_dose_d_minus_1,08,00,exact_hh00,full_24_hours,bumblebox-07_2026-03-01_08_00_03,bumblebox-07,/media/august/Expansion/Behavioral-Entropy-Pesticide-Dosing-Exps/MCs-9-and-10/2026-03-01/bumblebox-07_2026-03-01_08_00_03.mp4,/tmp/bumblebox_hourly_primary_mc9_24_links/MCs-9-and-10/2026-03-01/bumblebox-07_2026-03-01_08_00_03.mp4
114,9,post,true,MCs-9-and-10,9;10,2026-03-02,2026-03-05,post_dose_d_plus_3,08,00,exact_hh00,full_24_hours,bumblebox-07_2026-03-05_08_00_03,bumblebox-07,/media/august/Expansion/Behavioral-Entropy-Pesticide-Dosing-Exps/MCs-9-and-10/2026-03-05/bumblebox-07_2026-03-05_08_00_03.mp4,/tmp/bumblebox_hourly_primary_mc9_24_links/MCs-9-and-10/2026-03-05/bumblebox-07_2026-03-05_08_00_03.mp4
115,9,post,true,MCs-11-and-12,11;12,2026-03-02,2026-03-05,post_dose_d_plus_3,08,00,exact_hh00,partial_day,bumblebox-19_2026-03-05_08_00_03,bumblebox-19,/media/august/Expansion/Behavioral-Entropy-Pesticide-Dosing-Exps/MCs-11-and-12/2026-03-05/bumblebox-19_2026-03-05_08_00_03.mp4,/tmp/bumblebox_hourly_primary_mc9_24_links/MCs-11-and-12/2026-03-05/bumblebox-19_2026-03-05_08_00_03.mp4
116,9,pre,true,MCs-13-and-14,13;14,2026-03-02,2026-03-01,pre_dose_d_minus_1,08,00,exact_hh00,full_24_hours,bumblebox-18_2026-03-01_08_00_04,bumblebox-18,/media/august/Expansion/Behavioral-Entropy-Pesticide-Dosing-Exps/MCs-13-and-14/2026-03-01/bumblebox-18_2026-03-01_08_00_04.mp4,/tmp/bumblebox_hourly_primary_mc9_24_links/MCs-13-and-14/2026-03-01/bumblebox-18_2026-03-01_08_00_04.mp4
117,9,post,true,MCs-13-and-14,13;14,2026-03-02,2026-03-05,post_dose_d_plus_3,08,00,exact_hh00,full_24_hours,bumblebox-18_2026-03-05_08_00_04,bumblebox-18,/media/august/Expansion/Behavioral-Entropy-Pesticide-Dosing-Exps/MCs-13-and-14/2026-03-05/bumblebox-18_2026-03-05_08_00_04.mp4,/tmp/bumblebox_hourly_primary_mc9_24_links/MCs-13-and-14/2026-03-05/bumblebox-18_2026-03-05_08_00_04.mp4
118,9,post,true,MCs-15-and-16,15;16,2026-03-02,2026-03-05,post_dose_d_plus_3,08,00,exact_hh00,full_24_hours,bumblebox-15_2026-03-05_08_00_03,bumblebox-15,/media/august/Expansion/Behavioral-Entropy-Pesticide-Dosing-Exps/MCs-15-and-16/2026-03-05/bumblebox-15_2026-03-05_08_00_03.mp4,/tmp/bumblebox_hourly_primary_mc9_24_links/MCs-15-and-16/2026-03-05/bumblebox-15_2026-03-05_08_00_03.mp4
119,9,pre,true,MCs-17-and-18,17;18,2026-03-16,2026-03-15,pre_dose_d_minus_1,08,00,exact_hh00,full_24_hours,bumblebox-9_2026-03-15_08_00_03,bumblebox-9,/media/august/Expansion/Behavioral-Entropy-Pesticide-Dosing-Exps/MCs-17-and-18/2026-03-15/bumblebox-9_2026-03-15_08_00_03.mp4,/tmp/bumblebox_hourly_primary_mc9_24_links/MCs-17-and-18/2026-03-15/bumblebox-9_2026-03-15_08_00_03.mp4
120,9,post,true,MCs-17-and-18,17;18,2026-03-16,2026-03-19,post_dose_d_plus_3,08,00,exact_hh00,full_24_hours,bumblebox-9_2026-03-19_08_00_03,bumblebox-9,/media/august/Expansion/Behavioral-Entropy-Pesticide-Dosing-Exps/MCs-17-and-18/2026-03-19/bumblebox-9_2026-03-19_08_00_03.mp4,/tmp/bumblebox_hourly_primary_mc9_24_links/MCs-17-and-18/2026-03-19/bumblebox-9_2026-03-19_08_00_03.mp4
121,9,pre,true,MCs-19-and-20,19;20,2026-03-16,2026-03-15,pre_dose_d_minus_1,08,00,exact_hh00,full_24_hours,bumblebox-19_2026-03-15_08_00_03,bumblebox-19,/media/august/Expansion/Behavioral-Entropy-Pesticide-Dosing-Exps/MCs-19-and-20/2026-03-15/bumblebox-19_2026-03-15_08_00_03.mp4,/tmp/bumblebox_hourly_primary_mc9_24_links/MCs-19-and-20/2026-03-15/bumblebox-19_2026-03-15_08_00_03.mp4
122,9,post,true,MCs-19-and-20,19;20,2026-03-16,2026-03-19,post_dose_d_plus_3,08,00,exact_hh00,full_24_hours,bumblebox-19_2026-03-19_08_00_04,bumblebox-19,/media/august/Expansion/Behavioral-Entropy-Pesticide-Dosing-Exps/MCs-19-and-20/2026-03-19/bumblebox-19_2026-03-19_08_00_04.mp4,/tmp/bumblebox_hourly_primary_mc9_24_links/MCs-19-and-20/2026-03-19/bumblebox-19_2026-03-19_08_00_04.mp4
123,9,pre,true,MCs-21-and-22,21;22,2026-03-16,2026-03-15,pre_dose_d_minus_1,08,00,exact_hh00,full_24_hours,bumblebox-18_2026-03-15_08_00_04,bumblebox-18,/media/august/Expansion/Behavioral-Entropy-Pesticide-Dosing-Exps/MCs-21-and-22/2026-03-15/bumblebox-18_2026-03-15_08_00_04.mp4,/tmp/bumblebox_hourly_primary_mc9_24_links/MCs-21-and-22/2026-03-15/bumblebox-18_2026-03-15_08_00_04.mp4
124,9,post,true,MCs-21-and-22,21;22,2026-03-16,2026-03-18,post_dose_d_plus_2_substitute,08,00,exact_hh00,full_24_hours,bumblebox-18_2026-03-18_08_00_03,bumblebox-18,/media/august/Expansion/Behavioral-Entropy-Pesticide-Dosing-Exps/MCs-21-and-22/2026-03-18/bumblebox-18_2026-03-18_08_00_03.mp4,/tmp/bumblebox_hourly_primary_mc9_24_links/MCs-21-and-22/2026-03-18/bumblebox-18_2026-03-18_08_00_03.mp4
125,9,pre,true,MCs-23-and-24,23;24,2026-03-16,2026-03-15,pre_dose_d_minus_1,08,00,exact_hh00,full_24_hours,bumblebox-15_2026-03-15_08_00_03,bumblebox-15,/media/august/Expansion/Behavioral-Entropy-Pesticide-Dosing-Exps/MCs-23-and-24/2026-03-15/bumblebox-15_2026-03-15_08_00_03.mp4,/tmp/bumblebox_hourly_primary_mc9_24_links/MCs-23-and-24/2026-03-15/bumblebox-15_2026-03-15_08_00_03.mp4
126,9,post,true,MCs-23-and-24,23;24,2026-03-16,2026-03-19,post_dose_d_plus_3,08,00,exact_hh00,full_24_hours,bumblebox-15_2026-03-19_08_00_04,bumblebox-15,/media/august/Expansion/Behavioral-Entropy-Pesticide-Dosing-Exps/MCs-23-and-24/2026-03-19/bumblebox-15_2026-03-19_08_00_04.mp4,/tmp/bumblebox_hourly_primary_mc9_24_links/MCs-23-and-24/2026-03-19/bumblebox-15_2026-03-19_08_00_04.mp4
127,10,pre,true,MCs-9-and-10,9;10,2026-03-02,2026-03-01,pre_dose_d_minus_1,09,00,exact_hh00,full_24_hours,bumblebox-07_2026-03-01_09_00_03,bumblebox-07,/media/august/Expansion/Behavioral-Entropy-Pesticide-Dosing-Exps/MCs-9-and-10/2026-03-01/bumblebox-07_2026-03-01_09_00_03.mp4,/tmp/bumblebox_hourly_primary_mc9_24_links/MCs-9-and-10/2026-03-01/bumblebox-07_2026-03-01_09_00_03.mp4
128,10,post,true,MCs-9-and-10,9;10,2026-03-02,2026-03-05,post_dose_d_plus_3,09,00,exact_hh00,full_24_hours,bumblebox-07_2026-03-05_09_00_03,bumblebox-07,/media/august/Expansion/Behavioral-Entropy-Pesticide-Dosing-Exps/MCs-9-and-10/2026-03-05/bumblebox-07_2026-03-05_09_00_03.mp4,/tmp/bumblebox_hourly_primary_mc9_24_links/MCs-9-and-10/2026-03-05/bumblebox-07_2026-03-05_09_00_03.mp4
129,10,post,true,MCs-11-and-12,11;12,2026-03-02,2026-03-05,post_dose_d_plus_3,09,00,exact_hh00,partial_day,bumblebox-19_2026-03-05_09_00_05,bumblebox-19,/media/august/Expansion/Behavioral-Entropy-Pesticide-Dosing-Exps/MCs-11-and-12/2026-03-05/bumblebox-19_2026-03-05_09_00_05.mp4,/tmp/bumblebox_hourly_primary_mc9_24_links/MCs-11-and-12/2026-03-05/bumblebox-19_2026-03-05_09_00_05.mp4
130,10,pre,true,MCs-13-and-14,13;14,2026-03-02,2026-03-01,pre_dose_d_minus_1,09,00,exact_hh00,full_24_hours,bumblebox-18_2026-03-01_09_00_05,bumblebox-18,/media/august/Expansion/Behavioral-Entropy-Pesticide-Dosing-Exps/MCs-13-and-14/2026-03-01/bumblebox-18_2026-03-01_09_00_05.mp4,/tmp/bumblebox_hourly_primary_mc9_24_links/MCs-13-and-14/2026-03-01/bumblebox-18_2026-03-01_09_00_05.mp4
131,10,post,true,MCs-13-and-14,13;14,2026-03-02,2026-03-05,post_dose_d_plus_3,09,00,exact_hh00,full_24_hours,bumblebox-18_2026-03-05_09_00_04,bumblebox-18,/media/august/Expansion/Behavioral-Entropy-Pesticide-Dosing-Exps/MCs-13-and-14/2026-03-05/bumblebox-18_2026-03-05_09_00_04.mp4,/tmp/bumblebox_hourly_primary_mc9_24_links/MCs-13-and-14/2026-03-05/bumblebox-18_2026-03-05_09_00_04.mp4
132,10,post,true,MCs-15-and-16,15;16,2026-03-02,2026-03-05,post_dose_d_plus_3,09,00,exact_hh00,full_24_hours,bumblebox-15_2026-03-05_09_00_03,bumblebox-15,/media/august/Expansion/Behavioral-Entropy-Pesticide-Dosing-Exps/MCs-15-and-16/2026-03-05/bumblebox-15_2026-03-05_09_00_03.mp4,/tmp/bumblebox_hourly_primary_mc9_24_links/MCs-15-and-16/2026-03-05/bumblebox-15_2026-03-05_09_00_03.mp4
133,10,pre,true,MCs-17-and-18,17;18,2026-03-16,2026-03-15,pre_dose_d_minus_1,09,00,exact_hh00,full_24_hours,bumblebox-9_2026-03-15_09_00_03,bumblebox-9,/media/august/Expansion/Behavioral-Entropy-Pesticide-Dosing-Exps/MCs-17-and-18/2026-03-15/bumblebox-9_2026-03-15_09_00_03.mp4,/tmp/bumblebox_hourly_primary_mc9_24_links/MCs-17-and-18/2026-03-15/bumblebox-9_2026-03-15_09_00_03.mp4
134,10,post,true,MCs-17-and-18,17;18,2026-03-16,2026-03-19,post_dose_d_plus_3,09,00,exact_hh00,full_24_hours,bumblebox-9_2026-03-19_09_00_03,bumblebox-9,/media/august/Expansion/Behavioral-Entropy-Pesticide-Dosing-Exps/MCs-17-and-18/2026-03-19/bumblebox-9_2026-03-19_09_00_03.mp4,/tmp/bumblebox_hourly_primary_mc9_24_links/MCs-17-and-18/2026-03-19/bumblebox-9_2026-03-19_09_00_03.mp4
135,10,pre,true,MCs-19-and-20,19;20,2026-03-16,2026-03-15,pre_dose_d_minus_1,09,00,exact_hh00,full_24_hours,bumblebox-19_2026-03-15_09_00_05,bumblebox-19,/media/august/Expansion/Behavioral-Entropy-Pesticide-Dosing-Exps/MCs-19-and-20/2026-03-15/bumblebox-19_2026-03-15_09_00_05.mp4,/tmp/bumblebox_hourly_primary_mc9_24_links/MCs-19-and-20/2026-03-15/bumblebox-19_2026-03-15_09_00_05.mp4
136,10,post,true,MCs-19-and-20,19;20,2026-03-16,2026-03-19,post_dose_d_plus_3,09,00,exact_hh00,full_24_hours,bumblebox-19_2026-03-19_09_00_03,bumblebox-19,/media/august/Expansion/Behavioral-Entropy-Pesticide-Dosing-Exps/MCs-19-and-20/2026-03-19/bumblebox-19_2026-03-19_09_00_03.mp4,/tmp/bumblebox_hourly_primary_mc9_24_links/MCs-19-and-20/2026-03-19/bumblebox-19_2026-03-19_09_00_03.mp4
137,10,pre,true,MCs-21-and-22,21;22,2026-03-16,2026-03-15,pre_dose_d_minus_1,09,00,exact_hh00,full_24_hours,bumblebox-18_2026-03-15_09_00_04,bumblebox-18,/media/august/Expansion/Behavioral-Entropy-Pesticide-Dosing-Exps/MCs-21-and-22/2026-03-15/bumblebox-18_2026-03-15_09_00_04.mp4,/tmp/bumblebox_hourly_primary_mc9_24_links/MCs-21-and-22/2026-03-15/bumblebox-18_2026-03-15_09_00_04.mp4
138,10,post,true,MCs-21-and-22,21;22,2026-03-16,2026-03-18,post_dose_d_plus_2_substitute,09,00,exact_hh00,full_24_hours,bumblebox-18_2026-03-18_09_00_03,bumblebox-18,/media/august/Expansion/Behavioral-Entropy-Pesticide-Dosing-Exps/MCs-21-and-22/2026-03-18/bumblebox-18_2026-03-18_09_00_03.mp4,/tmp/bumblebox_hourly_primary_mc9_24_links/MCs-21-and-22/2026-03-18/bumblebox-18_2026-03-18_09_00_03.mp4
139,10,pre,true,MCs-23-and-24,23;24,2026-03-16,2026-03-15,pre_dose_d_minus_1,09,00,exact_hh00,full_24_hours,bumblebox-15_2026-03-15_09_00_04,bumblebox-15,/media/august/Expansion/Behavioral-Entropy-Pesticide-Dosing-Exps/MCs-23-and-24/2026-03-15/bumblebox-15_2026-03-15_09_00_04.mp4,/tmp/bumblebox_hourly_primary_mc9_24_links/MCs-23-and-24/2026-03-15/bumblebox-15_2026-03-15_09_00_04.mp4
140,10,post,true,MCs-23-and-24,23;24,2026-03-16,2026-03-19,post_dose_d_plus_3,09,00,exact_hh00,full_24_hours,bumblebox-15_2026-03-19_09_00_04,bumblebox-15,/media/august/Expansion/Behavioral-Entropy-Pesticide-Dosing-Exps/MCs-23-and-24/2026-03-19/bumblebox-15_2026-03-19_09_00_04.mp4,/tmp/bumblebox_hourly_primary_mc9_24_links/MCs-23-and-24/2026-03-19/bumblebox-15_2026-03-19_09_00_04.mp4
141,11,pre,true,MCs-9-and-10,9;10,2026-03-02,2026-03-01,pre_dose_d_minus_1,10,00,exact_hh00,full_24_hours,bumblebox-07_2026-03-01_10_00_03,bumblebox-07,/media/august/Expansion/Behavioral-Entropy-Pesticide-Dosing-Exps/MCs-9-and-10/2026-03-01/bumblebox-07_2026-03-01_10_00_03.mp4,/tmp/bumblebox_hourly_primary_mc9_24_links/MCs-9-and-10/2026-03-01/bumblebox-07_2026-03-01_10_00_03.mp4
142,11,post,true,MCs-9-and-10,9;10,2026-03-02,2026-03-05,post_dose_d_plus_3,10,00,exact_hh00,full_24_hours,bumblebox-07_2026-03-05_10_00_03,bumblebox-07,/media/august/Expansion/Behavioral-Entropy-Pesticide-Dosing-Exps/MCs-9-and-10/2026-03-05/bumblebox-07_2026-03-05_10_00_03.mp4,/tmp/bumblebox_hourly_primary_mc9_24_links/MCs-9-and-10/2026-03-05/bumblebox-07_2026-03-05_10_00_03.mp4
143,11,post,true,MCs-11-and-12,11;12,2026-03-02,2026-03-05,post_dose_d_plus_3,10,00,exact_hh00,partial_day,bumblebox-19_2026-03-05_10_00_03,bumblebox-19,/media/august/Expansion/Behavioral-Entropy-Pesticide-Dosing-Exps/MCs-11-and-12/2026-03-05/bumblebox-19_2026-03-05_10_00_03.mp4,/tmp/bumblebox_hourly_primary_mc9_24_links/MCs-11-and-12/2026-03-05/bumblebox-19_2026-03-05_10_00_03.mp4
144,11,pre,true,MCs-13-and-14,13;14,2026-03-02,2026-03-01,pre_dose_d_minus_1,10,00,exact_hh00,full_24_hours,bumblebox-18_2026-03-01_10_00_04,bumblebox-18,/media/august/Expansion/Behavioral-Entropy-Pesticide-Dosing-Exps/MCs-13-and-14/2026-03-01/bumblebox-18_2026-03-01_10_00_04.mp4,/tmp/bumblebox_hourly_primary_mc9_24_links/MCs-13-and-14/2026-03-01/bumblebox-18_2026-03-01_10_00_04.mp4
145,11,post,true,MCs-13-and-14,13;14,2026-03-02,2026-03-05,post_dose_d_plus_3,10,00,exact_hh00,full_24_hours,bumblebox-18_2026-03-05_10_00_03,bumblebox-18,/media/august/Expansion/Behavioral-Entropy-Pesticide-Dosing-Exps/MCs-13-and-14/2026-03-05/bumblebox-18_2026-03-05_10_00_03.mp4,/tmp/bumblebox_hourly_primary_mc9_24_links/MCs-13-and-14/2026-03-05/bumblebox-18_2026-03-05_10_00_03.mp4
146,11,post,true,MCs-15-and-16,15;16,2026-03-02,2026-03-05,post_dose_d_plus_3,10,00,exact_hh00,full_24_hours,bumblebox-15_2026-03-05_10_00_03,bumblebox-15,/media/august/Expansion/Behavioral-Entropy-Pesticide-Dosing-Exps/MCs-15-and-16/2026-03-05/bumblebox-15_2026-03-05_10_00_03.mp4,/tmp/bumblebox_hourly_primary_mc9_24_links/MCs-15-and-16/2026-03-05/bumblebox-15_2026-03-05_10_00_03.mp4
147,11,pre,true,MCs-17-and-18,17;18,2026-03-16,2026-03-15,pre_dose_d_minus_1,10,00,exact_hh00,full_24_hours,bumblebox-9_2026-03-15_10_00_04,bumblebox-9,/media/august/Expansion/Behavioral-Entropy-Pesticide-Dosing-Exps/MCs-17-and-18/2026-03-15/bumblebox-9_2026-03-15_10_00_04.mp4,/tmp/bumblebox_hourly_primary_mc9_24_links/MCs-17-and-18/2026-03-15/bumblebox-9_2026-03-15_10_00_04.mp4
148,11,post,true,MCs-17-and-18,17;18,2026-03-16,2026-03-19,post_dose_d_plus_3,10,00,exact_hh00,full_24_hours,bumblebox-9_2026-03-19_10_00_03,bumblebox-9,/media/august/Expansion/Behavioral-Entropy-Pesticide-Dosing-Exps/MCs-17-and-18/2026-03-19/bumblebox-9_2026-03-19_10_00_03.mp4,/tmp/bumblebox_hourly_primary_mc9_24_links/MCs-17-and-18/2026-03-19/bumblebox-9_2026-03-19_10_00_03.mp4
149,11,pre,true,MCs-19-and-20,19;20,2026-03-16,2026-03-15,pre_dose_d_minus_1,10,00,exact_hh00,full_24_hours,bumblebox-19_2026-03-15_10_00_05,bumblebox-19,/media/august/Expansion/Behavioral-Entropy-Pesticide-Dosing-Exps/MCs-19-and-20/2026-03-15/bumblebox-19_2026-03-15_10_00_05.mp4,/tmp/bumblebox_hourly_primary_mc9_24_links/MCs-19-and-20/2026-03-15/bumblebox-19_2026-03-15_10_00_05.mp4
150,11,post,true,MCs-19-and-20,19;20,2026-03-16,2026-03-19,post_dose_d_plus_3,10,00,exact_hh00,full_24_hours,bumblebox-19_2026-03-19_10_00_04,bumblebox-19,/media/august/Expansion/Behavioral-Entropy-Pesticide-Dosing-Exps/MCs-19-and-20/2026-03-19/bumblebox-19_2026-03-19_10_00_04.mp4,/tmp/bumblebox_hourly_primary_mc9_24_links/MCs-19-and-20/2026-03-19/bumblebox-19_2026-03-19_10_00_04.mp4
151,11,pre,true,MCs-21-and-22,21;22,2026-03-16,2026-03-15,pre_dose_d_minus_1,10,00,exact_hh00,full_24_hours,bumblebox-18_2026-03-15_10_00_04,bumblebox-18,/media/august/Expansion/Behavioral-Entropy-Pesticide-Dosing-Exps/MCs-21-and-22/2026-03-15/bumblebox-18_2026-03-15_10_00_04.mp4,/tmp/bumblebox_hourly_primary_mc9_24_links/MCs-21-and-22/2026-03-15/bumblebox-18_2026-03-15_10_00_04.mp4
152,11,post,true,MCs-21-and-22,21;22,2026-03-16,2026-03-18,post_dose_d_plus_2_substitute,10,00,exact_hh00,full_24_hours,bumblebox-18_2026-03-18_10_00_03,bumblebox-18,/media/august/Expansion/Behavioral-Entropy-Pesticide-Dosing-Exps/MCs-21-and-22/2026-03-18/bumblebox-18_2026-03-18_10_00_03.mp4,/tmp/bumblebox_hourly_primary_mc9_24_links/MCs-21-and-22/2026-03-18/bumblebox-18_2026-03-18_10_00_03.mp4
153,11,pre,true,MCs-23-and-24,23;24,2026-03-16,2026-03-15,pre_dose_d_minus_1,10,00,exact_hh00,full_24_hours,bumblebox-15_2026-03-15_10_00_04,bumblebox-15,/media/august/Expansion/Behavioral-Entropy-Pesticide-Dosing-Exps/MCs-23-and-24/2026-03-15/bumblebox-15_2026-03-15_10_00_04.mp4,/tmp/bumblebox_hourly_primary_mc9_24_links/MCs-23-and-24/2026-03-15/bumblebox-15_2026-03-15_10_00_04.mp4
154,11,post,true,MCs-23-and-24,23;24,2026-03-16,2026-03-19,post_dose_d_plus_3,10,00,exact_hh00,full_24_hours,bumblebox-15_2026-03-19_10_00_04,bumblebox-15,/media/august/Expansion/Behavioral-Entropy-Pesticide-Dosing-Exps/MCs-23-and-24/2026-03-19/bumblebox-15_2026-03-19_10_00_04.mp4,/tmp/bumblebox_hourly_primary_mc9_24_links/MCs-23-and-24/2026-03-19/bumblebox-15_2026-03-19_10_00_04.mp4
155,12,pre,true,MCs-9-and-10,9;10,2026-03-02,2026-03-01,pre_dose_d_minus_1,11,00,exact_hh00,full_24_hours,bumblebox-07_2026-03-01_11_00_03,bumblebox-07,/media/august/Expansion/Behavioral-Entropy-Pesticide-Dosing-Exps/MCs-9-and-10/2026-03-01/bumblebox-07_2026-03-01_11_00_03.mp4,/tmp/bumblebox_hourly_primary_mc9_24_links/MCs-9-and-10/2026-03-01/bumblebox-07_2026-03-01_11_00_03.mp4
156,12,post,true,MCs-9-and-10,9;10,2026-03-02,2026-03-05,post_dose_d_plus_3,11,00,exact_hh00,full_24_hours,bumblebox-07_2026-03-05_11_00_03,bumblebox-07,/media/august/Expansion/Behavioral-Entropy-Pesticide-Dosing-Exps/MCs-9-and-10/2026-03-05/bumblebox-07_2026-03-05_11_00_03.mp4,/tmp/bumblebox_hourly_primary_mc9_24_links/MCs-9-and-10/2026-03-05/bumblebox-07_2026-03-05_11_00_03.mp4
157,12,post,true,MCs-11-and-12,11;12,2026-03-02,2026-03-05,post_dose_d_plus_3,11,00,exact_hh00,partial_day,bumblebox-19_2026-03-05_11_00_04,bumblebox-19,/media/august/Expansion/Behavioral-Entropy-Pesticide-Dosing-Exps/MCs-11-and-12/2026-03-05/bumblebox-19_2026-03-05_11_00_04.mp4,/tmp/bumblebox_hourly_primary_mc9_24_links/MCs-11-and-12/2026-03-05/bumblebox-19_2026-03-05_11_00_04.mp4
158,12,pre,true,MCs-13-and-14,13;14,2026-03-02,2026-03-01,pre_dose_d_minus_1,11,00,exact_hh00,full_24_hours,bumblebox-18_2026-03-01_11_00_04,bumblebox-18,/media/august/Expansion/Behavioral-Entropy-Pesticide-Dosing-Exps/MCs-13-and-14/2026-03-01/bumblebox-18_2026-03-01_11_00_04.mp4,/tmp/bumblebox_hourly_primary_mc9_24_links/MCs-13-and-14/2026-03-01/bumblebox-18_2026-03-01_11_00_04.mp4
159,12,post,true,MCs-13-and-14,13;14,2026-03-02,2026-03-05,post_dose_d_plus_3,11,00,exact_hh00,full_24_hours,bumblebox-18_2026-03-05_11_00_04,bumblebox-18,/media/august/Expansion/Behavioral-Entropy-Pesticide-Dosing-Exps/MCs-13-and-14/2026-03-05/bumblebox-18_2026-03-05_11_00_04.mp4,/tmp/bumblebox_hourly_primary_mc9_24_links/MCs-13-and-14/2026-03-05/bumblebox-18_2026-03-05_11_00_04.mp4
160,12,post,true,MCs-15-and-16,15;16,2026-03-02,2026-03-05,post_dose_d_plus_3,11,00,exact_hh00,full_24_hours,bumblebox-15_2026-03-05_11_00_04,bumblebox-15,/media/august/Expansion/Behavioral-Entropy-Pesticide-Dosing-Exps/MCs-15-and-16/2026-03-05/bumblebox-15_2026-03-05_11_00_04.mp4,/tmp/bumblebox_hourly_primary_mc9_24_links/MCs-15-and-16/2026-03-05/bumblebox-15_2026-03-05_11_00_04.mp4
161,12,pre,true,MCs-17-and-18,17;18,2026-03-16,2026-03-15,pre_dose_d_minus_1,11,00,exact_hh00,full_24_hours,bumblebox-9_2026-03-15_11_00_03,bumblebox-9,/media/august/Expansion/Behavioral-Entropy-Pesticide-Dosing-Exps/MCs-17-and-18/2026-03-15/bumblebox-9_2026-03-15_11_00_03.mp4,/tmp/bumblebox_hourly_primary_mc9_24_links/MCs-17-and-18/2026-03-15/bumblebox-9_2026-03-15_11_00_03.mp4
162,12,post,true,MCs-17-and-18,17;18,2026-03-16,2026-03-19,post_dose_d_plus_3,11,00,exact_hh00,full_24_hours,bumblebox-9_2026-03-19_11_00_03,bumblebox-9,/media/august/Expansion/Behavioral-Entropy-Pesticide-Dosing-Exps/MCs-17-and-18/2026-03-19/bumblebox-9_2026-03-19_11_00_03.mp4,/tmp/bumblebox_hourly_primary_mc9_24_links/MCs-17-and-18/2026-03-19/bumblebox-9_2026-03-19_11_00_03.mp4
163,12,pre,true,MCs-19-and-20,19;20,2026-03-16,2026-03-15,pre_dose_d_minus_1,11,00,exact_hh00,full_24_hours,bumblebox-19_2026-03-15_11_00_02,bumblebox-19,/media/august/Expansion/Behavioral-Entropy-Pesticide-Dosing-Exps/MCs-19-and-20/2026-03-15/bumblebox-19_2026-03-15_11_00_02.mp4,/tmp/bumblebox_hourly_primary_mc9_24_links/MCs-19-and-20/2026-03-15/bumblebox-19_2026-03-15_11_00_02.mp4
164,12,post,true,MCs-19-and-20,19;20,2026-03-16,2026-03-19,post_dose_d_plus_3,11,00,exact_hh00,full_24_hours,bumblebox-19_2026-03-19_11_00_04,bumblebox-19,/media/august/Expansion/Behavioral-Entropy-Pesticide-Dosing-Exps/MCs-19-and-20/2026-03-19/bumblebox-19_2026-03-19_11_00_04.mp4,/tmp/bumblebox_hourly_primary_mc9_24_links/MCs-19-and-20/2026-03-19/bumblebox-19_2026-03-19_11_00_04.mp4
165,12,pre,true,MCs-21-and-22,21;22,2026-03-16,2026-03-15,pre_dose_d_minus_1,11,00,exact_hh00,full_24_hours,bumblebox-18_2026-03-15_11_00_04,bumblebox-18,/media/august/Expansion/Behavioral-Entropy-Pesticide-Dosing-Exps/MCs-21-and-22/2026-03-15/bumblebox-18_2026-03-15_11_00_04.mp4,/tmp/bumblebox_hourly_primary_mc9_24_links/MCs-21-and-22/2026-03-15/bumblebox-18_2026-03-15_11_00_04.mp4
166,12,post,true,MCs-21-and-22,21;22,2026-03-16,2026-03-18,post_dose_d_plus_2_substitute,11,00,exact_hh00,full_24_hours,bumblebox-18_2026-03-18_11_00_04,bumblebox-18,/media/august/Expansion/Behavioral-Entropy-Pesticide-Dosing-Exps/MCs-21-and-22/2026-03-18/bumblebox-18_2026-03-18_11_00_04.mp4,/tmp/bumblebox_hourly_primary_mc9_24_links/MCs-21-and-22/2026-03-18/bumblebox-18_2026-03-18_11_00_04.mp4
167,12,pre,true,MCs-23-and-24,23;24,2026-03-16,2026-03-15,pre_dose_d_minus_1,11,00,exact_hh00,full_24_hours,bumblebox-15_2026-03-15_11_00_03,bumblebox-15,/media/august/Expansion/Behavioral-Entropy-Pesticide-Dosing-Exps/MCs-23-and-24/2026-03-15/bumblebox-15_2026-03-15_11_00_03.mp4,/tmp/bumblebox_hourly_primary_mc9_24_links/MCs-23-and-24/2026-03-15/bumblebox-15_2026-03-15_11_00_03.mp4
168,12,post,true,MCs-23-and-24,23;24,2026-03-16,2026-03-19,post_dose_d_plus_3,11,00,exact_hh00,full_24_hours,bumblebox-15_2026-03-19_11_00_04,bumblebox-15,/media/august/Expansion/Behavioral-Entropy-Pesticide-Dosing-Exps/MCs-23-and-24/2026-03-19/bumblebox-15_2026-03-19_11_00_04.mp4,/tmp/bumblebox_hourly_primary_mc9_24_links/MCs-23-and-24/2026-03-19/bumblebox-15_2026-03-19_11_00_04.mp4
169,13,pre,true,MCs-9-and-10,9;10,2026-03-02,2026-03-01,pre_dose_d_minus_1,12,00,exact_hh00,full_24_hours,bumblebox-07_2026-03-01_12_00_03,bumblebox-07,/media/august/Expansion/Behavioral-Entropy-Pesticide-Dosing-Exps/MCs-9-and-10/2026-03-01/bumblebox-07_2026-03-01_12_00_03.mp4,/tmp/bumblebox_hourly_primary_mc9_24_links/MCs-9-and-10/2026-03-01/bumblebox-07_2026-03-01_12_00_03.mp4
170,13,post,true,MCs-9-and-10,9;10,2026-03-02,2026-03-05,post_dose_d_plus_3,12,00,exact_hh00,full_24_hours,bumblebox-07_2026-03-05_12_00_03,bumblebox-07,/media/august/Expansion/Behavioral-Entropy-Pesticide-Dosing-Exps/MCs-9-and-10/2026-03-05/bumblebox-07_2026-03-05_12_00_03.mp4,/tmp/bumblebox_hourly_primary_mc9_24_links/MCs-9-and-10/2026-03-05/bumblebox-07_2026-03-05_12_00_03.mp4
171,13,post,true,MCs-11-and-12,11;12,2026-03-02,2026-03-05,post_dose_d_plus_3,12,00,exact_hh00,partial_day,bumblebox-19_2026-03-05_12_00_04,bumblebox-19,/media/august/Expansion/Behavioral-Entropy-Pesticide-Dosing-Exps/MCs-11-and-12/2026-03-05/bumblebox-19_2026-03-05_12_00_04.mp4,/tmp/bumblebox_hourly_primary_mc9_24_links/MCs-11-and-12/2026-03-05/bumblebox-19_2026-03-05_12_00_04.mp4
172,13,pre,true,MCs-13-and-14,13;14,2026-03-02,2026-03-01,pre_dose_d_minus_1,12,00,exact_hh00,full_24_hours,bumblebox-18_2026-03-01_12_00_04,bumblebox-18,/media/august/Expansion/Behavioral-Entropy-Pesticide-Dosing-Exps/MCs-13-and-14/2026-03-01/bumblebox-18_2026-03-01_12_00_04.mp4,/tmp/bumblebox_hourly_primary_mc9_24_links/MCs-13-and-14/2026-03-01/bumblebox-18_2026-03-01_12_00_04.mp4
173,13,post,true,MCs-13-and-14,13;14,2026-03-02,2026-03-05,post_dose_d_plus_3,12,00,exact_hh00,full_24_hours,bumblebox-18_2026-03-05_12_00_04,bumblebox-18,/media/august/Expansion/Behavioral-Entropy-Pesticide-Dosing-Exps/MCs-13-and-14/2026-03-05/bumblebox-18_2026-03-05_12_00_04.mp4,/tmp/bumblebox_hourly_primary_mc9_24_links/MCs-13-and-14/2026-03-05/bumblebox-18_2026-03-05_12_00_04.mp4
174,13,post,true,MCs-15-and-16,15;16,2026-03-02,2026-03-05,post_dose_d_plus_3,12,00,exact_hh00,full_24_hours,bumblebox-15_2026-03-05_12_00_04,bumblebox-15,/media/august/Expansion/Behavioral-Entropy-Pesticide-Dosing-Exps/MCs-15-and-16/2026-03-05/bumblebox-15_2026-03-05_12_00_04.mp4,/tmp/bumblebox_hourly_primary_mc9_24_links/MCs-15-and-16/2026-03-05/bumblebox-15_2026-03-05_12_00_04.mp4
175,13,pre,true,MCs-17-and-18,17;18,2026-03-16,2026-03-15,pre_dose_d_minus_1,12,00,exact_hh00,full_24_hours,bumblebox-9_2026-03-15_12_00_03,bumblebox-9,/media/august/Expansion/Behavioral-Entropy-Pesticide-Dosing-Exps/MCs-17-and-18/2026-03-15/bumblebox-9_2026-03-15_12_00_03.mp4,/tmp/bumblebox_hourly_primary_mc9_24_links/MCs-17-and-18/2026-03-15/bumblebox-9_2026-03-15_12_00_03.mp4
176,13,post,true,MCs-17-and-18,17;18,2026-03-16,2026-03-19,post_dose_d_plus_3,12,00,exact_hh00,full_24_hours,bumblebox-9_2026-03-19_12_00_04,bumblebox-9,/media/august/Expansion/Behavioral-Entropy-Pesticide-Dosing-Exps/MCs-17-and-18/2026-03-19/bumblebox-9_2026-03-19_12_00_04.mp4,/tmp/bumblebox_hourly_primary_mc9_24_links/MCs-17-and-18/2026-03-19/bumblebox-9_2026-03-19_12_00_04.mp4
177,13,pre,true,MCs-19-and-20,19;20,2026-03-16,2026-03-15,pre_dose_d_minus_1,12,00,exact_hh00,full_24_hours,bumblebox-19_2026-03-15_12_00_04,bumblebox-19,/media/august/Expansion/Behavioral-Entropy-Pesticide-Dosing-Exps/MCs-19-and-20/2026-03-15/bumblebox-19_2026-03-15_12_00_04.mp4,/tmp/bumblebox_hourly_primary_mc9_24_links/MCs-19-and-20/2026-03-15/bumblebox-19_2026-03-15_12_00_04.mp4
178,13,post,true,MCs-19-and-20,19;20,2026-03-16,2026-03-19,post_dose_d_plus_3,12,00,exact_hh00,full_24_hours,bumblebox-19_2026-03-19_12_00_04,bumblebox-19,/media/august/Expansion/Behavioral-Entropy-Pesticide-Dosing-Exps/MCs-19-and-20/2026-03-19/bumblebox-19_2026-03-19_12_00_04.mp4,/tmp/bumblebox_hourly_primary_mc9_24_links/MCs-19-and-20/2026-03-19/bumblebox-19_2026-03-19_12_00_04.mp4
179,13,pre,true,MCs-21-and-22,21;22,2026-03-16,2026-03-15,pre_dose_d_minus_1,12,00,exact_hh00,full_24_hours,bumblebox-18_2026-03-15_12_00_04,bumblebox-18,/media/august/Expansion/Behavioral-Entropy-Pesticide-Dosing-Exps/MCs-21-and-22/2026-03-15/bumblebox-18_2026-03-15_12_00_04.mp4,/tmp/bumblebox_hourly_primary_mc9_24_links/MCs-21-and-22/2026-03-15/bumblebox-18_2026-03-15_12_00_04.mp4
180,13,post,true,MCs-21-and-22,21;22,2026-03-16,2026-03-18,post_dose_d_plus_2_substitute,12,00,exact_hh00,full_24_hours,bumblebox-18_2026-03-18_12_00_04,bumblebox-18,/media/august/Expansion/Behavioral-Entropy-Pesticide-Dosing-Exps/MCs-21-and-22/2026-03-18/bumblebox-18_2026-03-18_12_00_04.mp4,/tmp/bumblebox_hourly_primary_mc9_24_links/MCs-21-and-22/2026-03-18/bumblebox-18_2026-03-18_12_00_04.mp4
181,13,pre,true,MCs-23-and-24,23;24,2026-03-16,2026-03-15,pre_dose_d_minus_1,12,00,exact_hh00,full_24_hours,bumblebox-15_2026-03-15_12_00_04,bumblebox-15,/media/august/Expansion/Behavioral-Entropy-Pesticide-Dosing-Exps/MCs-23-and-24/2026-03-15/bumblebox-15_2026-03-15_12_00_04.mp4,/tmp/bumblebox_hourly_primary_mc9_24_links/MCs-23-and-24/2026-03-15/bumblebox-15_2026-03-15_12_00_04.mp4
182,13,post,true,MCs-23-and-24,23;24,2026-03-16,2026-03-19,post_dose_d_plus_3,12,00,exact_hh00,full_24_hours,bumblebox-15_2026-03-19_12_00_03,bumblebox-15,/media/august/Expansion/Behavioral-Entropy-Pesticide-Dosing-Exps/MCs-23-and-24/2026-03-19/bumblebox-15_2026-03-19_12_00_03.mp4,/tmp/bumblebox_hourly_primary_mc9_24_links/MCs-23-and-24/2026-03-19/bumblebox-15_2026-03-19_12_00_03.mp4
183,14,pre,true,MCs-9-and-10,9;10,2026-03-02,2026-03-01,pre_dose_d_minus_1,13,00,exact_hh00,full_24_hours,bumblebox-07_2026-03-01_13_00_03,bumblebox-07,/media/august/Expansion/Behavioral-Entropy-Pesticide-Dosing-Exps/MCs-9-and-10/2026-03-01/bumblebox-07_2026-03-01_13_00_03.mp4,/tmp/bumblebox_hourly_primary_mc9_24_links/MCs-9-and-10/2026-03-01/bumblebox-07_2026-03-01_13_00_03.mp4
184,14,post,true,MCs-9-and-10,9;10,2026-03-02,2026-03-05,post_dose_d_plus_3,13,00,exact_hh00,full_24_hours,bumblebox-07_2026-03-05_13_00_03,bumblebox-07,/media/august/Expansion/Behavioral-Entropy-Pesticide-Dosing-Exps/MCs-9-and-10/2026-03-05/bumblebox-07_2026-03-05_13_00_03.mp4,/tmp/bumblebox_hourly_primary_mc9_24_links/MCs-9-and-10/2026-03-05/bumblebox-07_2026-03-05_13_00_03.mp4
185,14,post,true,MCs-11-and-12,11;12,2026-03-02,2026-03-05,post_dose_d_plus_3,13,00,exact_hh00,partial_day,bumblebox-19_2026-03-05_13_00_04,bumblebox-19,/media/august/Expansion/Behavioral-Entropy-Pesticide-Dosing-Exps/MCs-11-and-12/2026-03-05/bumblebox-19_2026-03-05_13_00_04.mp4,/tmp/bumblebox_hourly_primary_mc9_24_links/MCs-11-and-12/2026-03-05/bumblebox-19_2026-03-05_13_00_04.mp4
186,14,pre,true,MCs-13-and-14,13;14,2026-03-02,2026-03-01,pre_dose_d_minus_1,13,00,exact_hh00,full_24_hours,bumblebox-18_2026-03-01_13_00_04,bumblebox-18,/media/august/Expansion/Behavioral-Entropy-Pesticide-Dosing-Exps/MCs-13-and-14/2026-03-01/bumblebox-18_2026-03-01_13_00_04.mp4,/tmp/bumblebox_hourly_primary_mc9_24_links/MCs-13-and-14/2026-03-01/bumblebox-18_2026-03-01_13_00_04.mp4
187,14,post,true,MCs-13-and-14,13;14,2026-03-02,2026-03-05,post_dose_d_plus_3,13,00,exact_hh00,full_24_hours,bumblebox-18_2026-03-05_13_00_04,bumblebox-18,/media/august/Expansion/Behavioral-Entropy-Pesticide-Dosing-Exps/MCs-13-and-14/2026-03-05/bumblebox-18_2026-03-05_13_00_04.mp4,/tmp/bumblebox_hourly_primary_mc9_24_links/MCs-13-and-14/2026-03-05/bumblebox-18_2026-03-05_13_00_04.mp4
188,14,post,true,MCs-15-and-16,15;16,2026-03-02,2026-03-05,post_dose_d_plus_3,13,00,exact_hh00,full_24_hours,bumblebox-15_2026-03-05_13_00_04,bumblebox-15,/media/august/Expansion/Behavioral-Entropy-Pesticide-Dosing-Exps/MCs-15-and-16/2026-03-05/bumblebox-15_2026-03-05_13_00_04.mp4,/tmp/bumblebox_hourly_primary_mc9_24_links/MCs-15-and-16/2026-03-05/bumblebox-15_2026-03-05_13_00_04.mp4
189,14,pre,true,MCs-17-and-18,17;18,2026-03-16,2026-03-15,pre_dose_d_minus_1,13,00,exact_hh00,full_24_hours,bumblebox-9_2026-03-15_13_00_04,bumblebox-9,/media/august/Expansion/Behavioral-Entropy-Pesticide-Dosing-Exps/MCs-17-and-18/2026-03-15/bumblebox-9_2026-03-15_13_00_04.mp4,/tmp/bumblebox_hourly_primary_mc9_24_links/MCs-17-and-18/2026-03-15/bumblebox-9_2026-03-15_13_00_04.mp4
190,14,post,true,MCs-17-and-18,17;18,2026-03-16,2026-03-19,post_dose_d_plus_3,13,00,exact_hh00,full_24_hours,bumblebox-9_2026-03-19_13_00_03,bumblebox-9,/media/august/Expansion/Behavioral-Entropy-Pesticide-Dosing-Exps/MCs-17-and-18/2026-03-19/bumblebox-9_2026-03-19_13_00_03.mp4,/tmp/bumblebox_hourly_primary_mc9_24_links/MCs-17-and-18/2026-03-19/bumblebox-9_2026-03-19_13_00_03.mp4
191,14,pre,true,MCs-19-and-20,19;20,2026-03-16,2026-03-15,pre_dose_d_minus_1,13,00,exact_hh00,full_24_hours,bumblebox-19_2026-03-15_13_00_05,bumblebox-19,/media/august/Expansion/Behavioral-Entropy-Pesticide-Dosing-Exps/MCs-19-and-20/2026-03-15/bumblebox-19_2026-03-15_13_00_05.mp4,/tmp/bumblebox_hourly_primary_mc9_24_links/MCs-19-and-20/2026-03-15/bumblebox-19_2026-03-15_13_00_05.mp4
192,14,post,true,MCs-19-and-20,19;20,2026-03-16,2026-03-19,post_dose_d_plus_3,13,00,exact_hh00,full_24_hours,bumblebox-19_2026-03-19_13_00_04,bumblebox-19,/media/august/Expansion/Behavioral-Entropy-Pesticide-Dosing-Exps/MCs-19-and-20/2026-03-19/bumblebox-19_2026-03-19_13_00_04.mp4,/tmp/bumblebox_hourly_primary_mc9_24_links/MCs-19-and-20/2026-03-19/bumblebox-19_2026-03-19_13_00_04.mp4
193,14,pre,true,MCs-21-and-22,21;22,2026-03-16,2026-03-15,pre_dose_d_minus_1,13,00,exact_hh00,full_24_hours,bumblebox-18_2026-03-15_13_00_04,bumblebox-18,/media/august/Expansion/Behavioral-Entropy-Pesticide-Dosing-Exps/MCs-21-and-22/2026-03-15/bumblebox-18_2026-03-15_13_00_04.mp4,/tmp/bumblebox_hourly_primary_mc9_24_links/MCs-21-and-22/2026-03-15/bumblebox-18_2026-03-15_13_00_04.mp4
194,14,post,true,MCs-21-and-22,21;22,2026-03-16,2026-03-18,post_dose_d_plus_2_substitute,13,00,exact_hh00,full_24_hours,bumblebox-18_2026-03-18_13_00_05,bumblebox-18,/media/august/Expansion/Behavioral-Entropy-Pesticide-Dosing-Exps/MCs-21-and-22/2026-03-18/bumblebox-18_2026-03-18_13_00_05.mp4,/tmp/bumblebox_hourly_primary_mc9_24_links/MCs-21-and-22/2026-03-18/bumblebox-18_2026-03-18_13_00_05.mp4
195,14,pre,true,MCs-23-and-24,23;24,2026-03-16,2026-03-15,pre_dose_d_minus_1,13,00,exact_hh00,full_24_hours,bumblebox-15_2026-03-15_13_00_04,bumblebox-15,/media/august/Expansion/Behavioral-Entropy-Pesticide-Dosing-Exps/MCs-23-and-24/2026-03-15/bumblebox-15_2026-03-15_13_00_04.mp4,/tmp/bumblebox_hourly_primary_mc9_24_links/MCs-23-and-24/2026-03-15/bumblebox-15_2026-03-15_13_00_04.mp4
196,14,post,true,MCs-23-and-24,23;24,2026-03-16,2026-03-19,post_dose_d_plus_3,13,00,exact_hh00,full_24_hours,bumblebox-15_2026-03-19_13_00_04,bumblebox-15,/media/august/Expansion/Behavioral-Entropy-Pesticide-Dosing-Exps/MCs-23-and-24/2026-03-19/bumblebox-15_2026-03-19_13_00_04.mp4,/tmp/bumblebox_hourly_primary_mc9_24_links/MCs-23-and-24/2026-03-19/bumblebox-15_2026-03-19_13_00_04.mp4
197,15,pre,true,MCs-9-and-10,9;10,2026-03-02,2026-03-01,pre_dose_d_minus_1,14,00,exact_hh00,full_24_hours,bumblebox-07_2026-03-01_14_00_03,bumblebox-07,/media/august/Expansion/Behavioral-Entropy-Pesticide-Dosing-Exps/MCs-9-and-10/2026-03-01/bumblebox-07_2026-03-01_14_00_03.mp4,/tmp/bumblebox_hourly_primary_mc9_24_links/MCs-9-and-10/2026-03-01/bumblebox-07_2026-03-01_14_00_03.mp4
198,15,post,true,MCs-9-and-10,9;10,2026-03-02,2026-03-05,post_dose_d_plus_3,14,00,exact_hh00,full_24_hours,bumblebox-07_2026-03-05_14_00_03,bumblebox-07,/media/august/Expansion/Behavioral-Entropy-Pesticide-Dosing-Exps/MCs-9-and-10/2026-03-05/bumblebox-07_2026-03-05_14_00_03.mp4,/tmp/bumblebox_hourly_primary_mc9_24_links/MCs-9-and-10/2026-03-05/bumblebox-07_2026-03-05_14_00_03.mp4
199,15,post,true,MCs-11-and-12,11;12,2026-03-02,2026-03-05,post_dose_d_plus_3,14,00,exact_hh00,partial_day,bumblebox-19_2026-03-05_14_00_02,bumblebox-19,/media/august/Expansion/Behavioral-Entropy-Pesticide-Dosing-Exps/MCs-11-and-12/2026-03-05/bumblebox-19_2026-03-05_14_00_02.mp4,/tmp/bumblebox_hourly_primary_mc9_24_links/MCs-11-and-12/2026-03-05/bumblebox-19_2026-03-05_14_00_02.mp4
200,15,pre,true,MCs-13-and-14,13;14,2026-03-02,2026-03-01,pre_dose_d_minus_1,14,00,exact_hh00,full_24_hours,bumblebox-18_2026-03-01_14_00_04,bumblebox-18,/media/august/Expansion/Behavioral-Entropy-Pesticide-Dosing-Exps/MCs-13-and-14/2026-03-01/bumblebox-18_2026-03-01_14_00_04.mp4,/tmp/bumblebox_hourly_primary_mc9_24_links/MCs-13-and-14/2026-03-01/bumblebox-18_2026-03-01_14_00_04.mp4
201,15,post,true,MCs-13-and-14,13;14,2026-03-02,2026-03-05,post_dose_d_plus_3,14,00,exact_hh00,full_24_hours,bumblebox-18_2026-03-05_14_00_04,bumblebox-18,/media/august/Expansion/Behavioral-Entropy-Pesticide-Dosing-Exps/MCs-13-and-14/2026-03-05/bumblebox-18_2026-03-05_14_00_04.mp4,/tmp/bumblebox_hourly_primary_mc9_24_links/MCs-13-and-14/2026-03-05/bumblebox-18_2026-03-05_14_00_04.mp4
202,15,post,true,MCs-15-and-16,15;16,2026-03-02,2026-03-05,post_dose_d_plus_3,14,00,exact_hh00,full_24_hours,bumblebox-15_2026-03-05_14_00_04,bumblebox-15,/media/august/Expansion/Behavioral-Entropy-Pesticide-Dosing-Exps/MCs-15-and-16/2026-03-05/bumblebox-15_2026-03-05_14_00_04.mp4,/tmp/bumblebox_hourly_primary_mc9_24_links/MCs-15-and-16/2026-03-05/bumblebox-15_2026-03-05_14_00_04.mp4
203,15,pre,true,MCs-17-and-18,17;18,2026-03-16,2026-03-15,pre_dose_d_minus_1,14,00,exact_hh00,full_24_hours,bumblebox-9_2026-03-15_14_00_03,bumblebox-9,/media/august/Expansion/Behavioral-Entropy-Pesticide-Dosing-Exps/MCs-17-and-18/2026-03-15/bumblebox-9_2026-03-15_14_00_03.mp4,/tmp/bumblebox_hourly_primary_mc9_24_links/MCs-17-and-18/2026-03-15/bumblebox-9_2026-03-15_14_00_03.mp4
204,15,post,true,MCs-17-and-18,17;18,2026-03-16,2026-03-19,post_dose_d_plus_3,14,00,exact_hh00,full_24_hours,bumblebox-9_2026-03-19_14_00_03,bumblebox-9,/media/august/Expansion/Behavioral-Entropy-Pesticide-Dosing-Exps/MCs-17-and-18/2026-03-19/bumblebox-9_2026-03-19_14_00_03.mp4,/tmp/bumblebox_hourly_primary_mc9_24_links/MCs-17-and-18/2026-03-19/bumblebox-9_2026-03-19_14_00_03.mp4
205,15,pre,true,MCs-19-and-20,19;20,2026-03-16,2026-03-15,pre_dose_d_minus_1,14,00,exact_hh00,full_24_hours,bumblebox-19_2026-03-15_14_00_05,bumblebox-19,/media/august/Expansion/Behavioral-Entropy-Pesticide-Dosing-Exps/MCs-19-and-20/2026-03-15/bumblebox-19_2026-03-15_14_00_05.mp4,/tmp/bumblebox_hourly_primary_mc9_24_links/MCs-19-and-20/2026-03-15/bumblebox-19_2026-03-15_14_00_05.mp4
206,15,post,true,MCs-19-and-20,19;20,2026-03-16,2026-03-19,post_dose_d_plus_3,14,00,exact_hh00,full_24_hours,bumblebox-19_2026-03-19_14_00_04,bumblebox-19,/media/august/Expansion/Behavioral-Entropy-Pesticide-Dosing-Exps/MCs-19-and-20/2026-03-19/bumblebox-19_2026-03-19_14_00_04.mp4,/tmp/bumblebox_hourly_primary_mc9_24_links/MCs-19-and-20/2026-03-19/bumblebox-19_2026-03-19_14_00_04.mp4
207,15,pre,true,MCs-21-and-22,21;22,2026-03-16,2026-03-15,pre_dose_d_minus_1,14,00,exact_hh00,full_24_hours,bumblebox-18_2026-03-15_14_00_04,bumblebox-18,/media/august/Expansion/Behavioral-Entropy-Pesticide-Dosing-Exps/MCs-21-and-22/2026-03-15/bumblebox-18_2026-03-15_14_00_04.mp4,/tmp/bumblebox_hourly_primary_mc9_24_links/MCs-21-and-22/2026-03-15/bumblebox-18_2026-03-15_14_00_04.mp4
208,15,post,true,MCs-21-and-22,21;22,2026-03-16,2026-03-18,post_dose_d_plus_2_substitute,14,00,exact_hh00,full_24_hours,bumblebox-18_2026-03-18_14_00_03,bumblebox-18,/media/august/Expansion/Behavioral-Entropy-Pesticide-Dosing-Exps/MCs-21-and-22/2026-03-18/bumblebox-18_2026-03-18_14_00_03.mp4,/tmp/bumblebox_hourly_primary_mc9_24_links/MCs-21-and-22/2026-03-18/bumblebox-18_2026-03-18_14_00_03.mp4
209,15,pre,true,MCs-23-and-24,23;24,2026-03-16,2026-03-15,pre_dose_d_minus_1,14,00,exact_hh00,full_24_hours,bumblebox-15_2026-03-15_14_00_04,bumblebox-15,/media/august/Expansion/Behavioral-Entropy-Pesticide-Dosing-Exps/MCs-23-and-24/2026-03-15/bumblebox-15_2026-03-15_14_00_04.mp4,/tmp/bumblebox_hourly_primary_mc9_24_links/MCs-23-and-24/2026-03-15/bumblebox-15_2026-03-15_14_00_04.mp4
210,15,post,true,MCs-23-and-24,23;24,2026-03-16,2026-03-19,post_dose_d_plus_3,14,00,exact_hh00,full_24_hours,bumblebox-15_2026-03-19_14_00_04,bumblebox-15,/media/august/Expansion/Behavioral-Entropy-Pesticide-Dosing-Exps/MCs-23-and-24/2026-03-19/bumblebox-15_2026-03-19_14_00_04.mp4,/tmp/bumblebox_hourly_primary_mc9_24_links/MCs-23-and-24/2026-03-19/bumblebox-15_2026-03-19_14_00_04.mp4
211,16,pre,true,MCs-9-and-10,9;10,2026-03-02,2026-03-01,pre_dose_d_minus_1,15,00,exact_hh00,full_24_hours,bumblebox-07_2026-03-01_15_00_03,bumblebox-07,/media/august/Expansion/Behavioral-Entropy-Pesticide-Dosing-Exps/MCs-9-and-10/2026-03-01/bumblebox-07_2026-03-01_15_00_03.mp4,/tmp/bumblebox_hourly_primary_mc9_24_links/MCs-9-and-10/2026-03-01/bumblebox-07_2026-03-01_15_00_03.mp4
212,16,post,true,MCs-9-and-10,9;10,2026-03-02,2026-03-05,post_dose_d_plus_3,15,00,exact_hh00,full_24_hours,bumblebox-07_2026-03-05_15_00_03,bumblebox-07,/media/august/Expansion/Behavioral-Entropy-Pesticide-Dosing-Exps/MCs-9-and-10/2026-03-05/bumblebox-07_2026-03-05_15_00_03.mp4,/tmp/bumblebox_hourly_primary_mc9_24_links/MCs-9-and-10/2026-03-05/bumblebox-07_2026-03-05_15_00_03.mp4
213,16,post,true,MCs-11-and-12,11;12,2026-03-02,2026-03-05,post_dose_d_plus_3,15,00,exact_hh00,partial_day,bumblebox-19_2026-03-05_15_00_05,bumblebox-19,/media/august/Expansion/Behavioral-Entropy-Pesticide-Dosing-Exps/MCs-11-and-12/2026-03-05/bumblebox-19_2026-03-05_15_00_05.mp4,/tmp/bumblebox_hourly_primary_mc9_24_links/MCs-11-and-12/2026-03-05/bumblebox-19_2026-03-05_15_00_05.mp4
214,16,pre,true,MCs-13-and-14,13;14,2026-03-02,2026-03-01,pre_dose_d_minus_1,15,00,exact_hh00,full_24_hours,bumblebox-18_2026-03-01_15_00_04,bumblebox-18,/media/august/Expansion/Behavioral-Entropy-Pesticide-Dosing-Exps/MCs-13-and-14/2026-03-01/bumblebox-18_2026-03-01_15_00_04.mp4,/tmp/bumblebox_hourly_primary_mc9_24_links/MCs-13-and-14/2026-03-01/bumblebox-18_2026-03-01_15_00_04.mp4
215,16,post,true,MCs-13-and-14,13;14,2026-03-02,2026-03-05,post_dose_d_plus_3,15,00,exact_hh00,full_24_hours,bumblebox-18_2026-03-05_15_00_03,bumblebox-18,/media/august/Expansion/Behavioral-Entropy-Pesticide-Dosing-Exps/MCs-13-and-14/2026-03-05/bumblebox-18_2026-03-05_15_00_03.mp4,/tmp/bumblebox_hourly_primary_mc9_24_links/MCs-13-and-14/2026-03-05/bumblebox-18_2026-03-05_15_00_03.mp4
216,16,post,true,MCs-15-and-16,15;16,2026-03-02,2026-03-05,post_dose_d_plus_3,15,00,exact_hh00,full_24_hours,bumblebox-15_2026-03-05_15_00_04,bumblebox-15,/media/august/Expansion/Behavioral-Entropy-Pesticide-Dosing-Exps/MCs-15-and-16/2026-03-05/bumblebox-15_2026-03-05_15_00_04.mp4,/tmp/bumblebox_hourly_primary_mc9_24_links/MCs-15-and-16/2026-03-05/bumblebox-15_2026-03-05_15_00_04.mp4
217,16,pre,true,MCs-17-and-18,17;18,2026-03-16,2026-03-15,pre_dose_d_minus_1,15,00,exact_hh00,full_24_hours,bumblebox-9_2026-03-15_15_00_03,bumblebox-9,/media/august/Expansion/Behavioral-Entropy-Pesticide-Dosing-Exps/MCs-17-and-18/2026-03-15/bumblebox-9_2026-03-15_15_00_03.mp4,/tmp/bumblebox_hourly_primary_mc9_24_links/MCs-17-and-18/2026-03-15/bumblebox-9_2026-03-15_15_00_03.mp4
218,16,post,true,MCs-17-and-18,17;18,2026-03-16,2026-03-19,post_dose_d_plus_3,15,00,exact_hh00,full_24_hours,bumblebox-9_2026-03-19_15_00_04,bumblebox-9,/media/august/Expansion/Behavioral-Entropy-Pesticide-Dosing-Exps/MCs-17-and-18/2026-03-19/bumblebox-9_2026-03-19_15_00_04.mp4,/tmp/bumblebox_hourly_primary_mc9_24_links/MCs-17-and-18/2026-03-19/bumblebox-9_2026-03-19_15_00_04.mp4
219,16,pre,true,MCs-19-and-20,19;20,2026-03-16,2026-03-15,pre_dose_d_minus_1,15,00,exact_hh00,full_24_hours,bumblebox-19_2026-03-15_15_00_03,bumblebox-19,/media/august/Expansion/Behavioral-Entropy-Pesticide-Dosing-Exps/MCs-19-and-20/2026-03-15/bumblebox-19_2026-03-15_15_00_03.mp4,/tmp/bumblebox_hourly_primary_mc9_24_links/MCs-19-and-20/2026-03-15/bumblebox-19_2026-03-15_15_00_03.mp4
220,16,post,true,MCs-19-and-20,19;20,2026-03-16,2026-03-19,post_dose_d_plus_3,15,00,exact_hh00,full_24_hours,bumblebox-19_2026-03-19_15_00_05,bumblebox-19,/media/august/Expansion/Behavioral-Entropy-Pesticide-Dosing-Exps/MCs-19-and-20/2026-03-19/bumblebox-19_2026-03-19_15_00_05.mp4,/tmp/bumblebox_hourly_primary_mc9_24_links/MCs-19-and-20/2026-03-19/bumblebox-19_2026-03-19_15_00_05.mp4
221,16,pre,true,MCs-21-and-22,21;22,2026-03-16,2026-03-15,pre_dose_d_minus_1,15,00,exact_hh00,full_24_hours,bumblebox-18_2026-03-15_15_00_04,bumblebox-18,/media/august/Expansion/Behavioral-Entropy-Pesticide-Dosing-Exps/MCs-21-and-22/2026-03-15/bumblebox-18_2026-03-15_15_00_04.mp4,/tmp/bumblebox_hourly_primary_mc9_24_links/MCs-21-and-22/2026-03-15/bumblebox-18_2026-03-15_15_00_04.mp4
222,16,post,true,MCs-21-and-22,21;22,2026-03-16,2026-03-18,post_dose_d_plus_2_substitute,15,00,exact_hh00,full_24_hours,bumblebox-18_2026-03-18_15_00_03,bumblebox-18,/media/august/Expansion/Behavioral-Entropy-Pesticide-Dosing-Exps/MCs-21-and-22/2026-03-18/bumblebox-18_2026-03-18_15_00_03.mp4,/tmp/bumblebox_hourly_primary_mc9_24_links/MCs-21-and-22/2026-03-18/bumblebox-18_2026-03-18_15_00_03.mp4
223,16,pre,true,MCs-23-and-24,23;24,2026-03-16,2026-03-15,pre_dose_d_minus_1,15,00,exact_hh00,full_24_hours,bumblebox-15_2026-03-15_15_00_04,bumblebox-15,/media/august/Expansion/Behavioral-Entropy-Pesticide-Dosing-Exps/MCs-23-and-24/2026-03-15/bumblebox-15_2026-03-15_15_00_04.mp4,/tmp/bumblebox_hourly_primary_mc9_24_links/MCs-23-and-24/2026-03-15/bumblebox-15_2026-03-15_15_00_04.mp4
224,16,post,true,MCs-23-and-24,23;24,2026-03-16,2026-03-19,post_dose_d_plus_3,15,00,exact_hh00,full_24_hours,bumblebox-15_2026-03-19_15_00_04,bumblebox-15,/media/august/Expansion/Behavioral-Entropy-Pesticide-Dosing-Exps/MCs-23-and-24/2026-03-19/bumblebox-15_2026-03-19_15_00_04.mp4,/tmp/bumblebox_hourly_primary_mc9_24_links/MCs-23-and-24/2026-03-19/bumblebox-15_2026-03-19_15_00_04.mp4
225,17,pre,true,MCs-9-and-10,9;10,2026-03-02,2026-03-01,pre_dose_d_minus_1,16,00,exact_hh00,full_24_hours,bumblebox-07_2026-03-01_16_00_03,bumblebox-07,/media/august/Expansion/Behavioral-Entropy-Pesticide-Dosing-Exps/MCs-9-and-10/2026-03-01/bumblebox-07_2026-03-01_16_00_03.mp4,/tmp/bumblebox_hourly_primary_mc9_24_links/MCs-9-and-10/2026-03-01/bumblebox-07_2026-03-01_16_00_03.mp4
226,17,post,true,MCs-9-and-10,9;10,2026-03-02,2026-03-05,post_dose_d_plus_3,16,00,exact_hh00,full_24_hours,bumblebox-07_2026-03-05_16_00_03,bumblebox-07,/media/august/Expansion/Behavioral-Entropy-Pesticide-Dosing-Exps/MCs-9-and-10/2026-03-05/bumblebox-07_2026-03-05_16_00_03.mp4,/tmp/bumblebox_hourly_primary_mc9_24_links/MCs-9-and-10/2026-03-05/bumblebox-07_2026-03-05_16_00_03.mp4
227,17,post,true,MCs-11-and-12,11;12,2026-03-02,2026-03-05,post_dose_d_plus_3,16,00,exact_hh00,partial_day,bumblebox-19_2026-03-05_16_00_04,bumblebox-19,/media/august/Expansion/Behavioral-Entropy-Pesticide-Dosing-Exps/MCs-11-and-12/2026-03-05/bumblebox-19_2026-03-05_16_00_04.mp4,/tmp/bumblebox_hourly_primary_mc9_24_links/MCs-11-and-12/2026-03-05/bumblebox-19_2026-03-05_16_00_04.mp4
228,17,pre,true,MCs-13-and-14,13;14,2026-03-02,2026-03-01,pre_dose_d_minus_1,16,00,exact_hh00,full_24_hours,bumblebox-18_2026-03-01_16_00_04,bumblebox-18,/media/august/Expansion/Behavioral-Entropy-Pesticide-Dosing-Exps/MCs-13-and-14/2026-03-01/bumblebox-18_2026-03-01_16_00_04.mp4,/tmp/bumblebox_hourly_primary_mc9_24_links/MCs-13-and-14/2026-03-01/bumblebox-18_2026-03-01_16_00_04.mp4
229,17,post,true,MCs-13-and-14,13;14,2026-03-02,2026-03-05,post_dose_d_plus_3,16,00,exact_hh00,full_24_hours,bumblebox-18_2026-03-05_16_00_04,bumblebox-18,/media/august/Expansion/Behavioral-Entropy-Pesticide-Dosing-Exps/MCs-13-and-14/2026-03-05/bumblebox-18_2026-03-05_16_00_04.mp4,/tmp/bumblebox_hourly_primary_mc9_24_links/MCs-13-and-14/2026-03-05/bumblebox-18_2026-03-05_16_00_04.mp4
230,17,post,true,MCs-15-and-16,15;16,2026-03-02,2026-03-05,post_dose_d_plus_3,16,00,exact_hh00,full_24_hours,bumblebox-15_2026-03-05_16_00_03,bumblebox-15,/media/august/Expansion/Behavioral-Entropy-Pesticide-Dosing-Exps/MCs-15-and-16/2026-03-05/bumblebox-15_2026-03-05_16_00_03.mp4,/tmp/bumblebox_hourly_primary_mc9_24_links/MCs-15-and-16/2026-03-05/bumblebox-15_2026-03-05_16_00_03.mp4
231,17,pre,true,MCs-17-and-18,17;18,2026-03-16,2026-03-15,pre_dose_d_minus_1,16,00,exact_hh00,full_24_hours,bumblebox-9_2026-03-15_16_00_03,bumblebox-9,/media/august/Expansion/Behavioral-Entropy-Pesticide-Dosing-Exps/MCs-17-and-18/2026-03-15/bumblebox-9_2026-03-15_16_00_03.mp4,/tmp/bumblebox_hourly_primary_mc9_24_links/MCs-17-and-18/2026-03-15/bumblebox-9_2026-03-15_16_00_03.mp4
232,17,post,true,MCs-17-and-18,17;18,2026-03-16,2026-03-19,post_dose_d_plus_3,16,00,exact_hh00,full_24_hours,bumblebox-9_2026-03-19_16_00_04,bumblebox-9,/media/august/Expansion/Behavioral-Entropy-Pesticide-Dosing-Exps/MCs-17-and-18/2026-03-19/bumblebox-9_2026-03-19_16_00_04.mp4,/tmp/bumblebox_hourly_primary_mc9_24_links/MCs-17-and-18/2026-03-19/bumblebox-9_2026-03-19_16_00_04.mp4
233,17,pre,true,MCs-19-and-20,19;20,2026-03-16,2026-03-15,pre_dose_d_minus_1,16,00,exact_hh00,full_24_hours,bumblebox-19_2026-03-15_16_00_05,bumblebox-19,/media/august/Expansion/Behavioral-Entropy-Pesticide-Dosing-Exps/MCs-19-and-20/2026-03-15/bumblebox-19_2026-03-15_16_00_05.mp4,/tmp/bumblebox_hourly_primary_mc9_24_links/MCs-19-and-20/2026-03-15/bumblebox-19_2026-03-15_16_00_05.mp4
234,17,post,true,MCs-19-and-20,19;20,2026-03-16,2026-03-19,post_dose_d_plus_3,16,00,exact_hh00,full_24_hours,bumblebox-19_2026-03-19_16_00_05,bumblebox-19,/media/august/Expansion/Behavioral-Entropy-Pesticide-Dosing-Exps/MCs-19-and-20/2026-03-19/bumblebox-19_2026-03-19_16_00_05.mp4,/tmp/bumblebox_hourly_primary_mc9_24_links/MCs-19-and-20/2026-03-19/bumblebox-19_2026-03-19_16_00_05.mp4
235,17,pre,true,MCs-21-and-22,21;22,2026-03-16,2026-03-15,pre_dose_d_minus_1,16,00,exact_hh00,full_24_hours,bumblebox-18_2026-03-15_16_00_04,bumblebox-18,/media/august/Expansion/Behavioral-Entropy-Pesticide-Dosing-Exps/MCs-21-and-22/2026-03-15/bumblebox-18_2026-03-15_16_00_04.mp4,/tmp/bumblebox_hourly_primary_mc9_24_links/MCs-21-and-22/2026-03-15/bumblebox-18_2026-03-15_16_00_04.mp4
236,17,post,true,MCs-21-and-22,21;22,2026-03-16,2026-03-18,post_dose_d_plus_2_substitute,16,00,exact_hh00,full_24_hours,bumblebox-18_2026-03-18_16_00_04,bumblebox-18,/media/august/Expansion/Behavioral-Entropy-Pesticide-Dosing-Exps/MCs-21-and-22/2026-03-18/bumblebox-18_2026-03-18_16_00_04.mp4,/tmp/bumblebox_hourly_primary_mc9_24_links/MCs-21-and-22/2026-03-18/bumblebox-18_2026-03-18_16_00_04.mp4
237,17,pre,true,MCs-23-and-24,23;24,2026-03-16,2026-03-15,pre_dose_d_minus_1,16,00,exact_hh00,full_24_hours,bumblebox-15_2026-03-15_16_00_03,bumblebox-15,/media/august/Expansion/Behavioral-Entropy-Pesticide-Dosing-Exps/MCs-23-and-24/2026-03-15/bumblebox-15_2026-03-15_16_00_03.mp4,/tmp/bumblebox_hourly_primary_mc9_24_links/MCs-23-and-24/2026-03-15/bumblebox-15_2026-03-15_16_00_03.mp4
238,17,post,true,MCs-23-and-24,23;24,2026-03-16,2026-03-19,post_dose_d_plus_3,16,00,exact_hh00,full_24_hours,bumblebox-15_2026-03-19_16_00_04,bumblebox-15,/media/august/Expansion/Behavioral-Entropy-Pesticide-Dosing-Exps/MCs-23-and-24/2026-03-19/bumblebox-15_2026-03-19_16_00_04.mp4,/tmp/bumblebox_hourly_primary_mc9_24_links/MCs-23-and-24/2026-03-19/bumblebox-15_2026-03-19_16_00_04.mp4
239,18,pre,true,MCs-9-and-10,9;10,2026-03-02,2026-03-01,pre_dose_d_minus_1,17,00,exact_hh00,full_24_hours,bumblebox-07_2026-03-01_17_00_03,bumblebox-07,/media/august/Expansion/Behavioral-Entropy-Pesticide-Dosing-Exps/MCs-9-and-10/2026-03-01/bumblebox-07_2026-03-01_17_00_03.mp4,/tmp/bumblebox_hourly_primary_mc9_24_links/MCs-9-and-10/2026-03-01/bumblebox-07_2026-03-01_17_00_03.mp4
240,18,post,true,MCs-9-and-10,9;10,2026-03-02,2026-03-05,post_dose_d_plus_3,17,00,exact_hh00,full_24_hours,bumblebox-07_2026-03-05_17_00_03,bumblebox-07,/media/august/Expansion/Behavioral-Entropy-Pesticide-Dosing-Exps/MCs-9-and-10/2026-03-05/bumblebox-07_2026-03-05_17_00_03.mp4,/tmp/bumblebox_hourly_primary_mc9_24_links/MCs-9-and-10/2026-03-05/bumblebox-07_2026-03-05_17_00_03.mp4
241,18,post,true,MCs-11-and-12,11;12,2026-03-02,2026-03-05,post_dose_d_plus_3,17,00,exact_hh00,partial_day,bumblebox-19_2026-03-05_17_00_04,bumblebox-19,/media/august/Expansion/Behavioral-Entropy-Pesticide-Dosing-Exps/MCs-11-and-12/2026-03-05/bumblebox-19_2026-03-05_17_00_04.mp4,/tmp/bumblebox_hourly_primary_mc9_24_links/MCs-11-and-12/2026-03-05/bumblebox-19_2026-03-05_17_00_04.mp4
242,18,pre,true,MCs-13-and-14,13;14,2026-03-02,2026-03-01,pre_dose_d_minus_1,17,00,exact_hh00,full_24_hours,bumblebox-18_2026-03-01_17_00_04,bumblebox-18,/media/august/Expansion/Behavioral-Entropy-Pesticide-Dosing-Exps/MCs-13-and-14/2026-03-01/bumblebox-18_2026-03-01_17_00_04.mp4,/tmp/bumblebox_hourly_primary_mc9_24_links/MCs-13-and-14/2026-03-01/bumblebox-18_2026-03-01_17_00_04.mp4
243,18,post,true,MCs-13-and-14,13;14,2026-03-02,2026-03-05,post_dose_d_plus_3,17,00,exact_hh00,full_24_hours,bumblebox-18_2026-03-05_17_00_04,bumblebox-18,/media/august/Expansion/Behavioral-Entropy-Pesticide-Dosing-Exps/MCs-13-and-14/2026-03-05/bumblebox-18_2026-03-05_17_00_04.mp4,/tmp/bumblebox_hourly_primary_mc9_24_links/MCs-13-and-14/2026-03-05/bumblebox-18_2026-03-05_17_00_04.mp4
244,18,post,true,MCs-15-and-16,15;16,2026-03-02,2026-03-05,post_dose_d_plus_3,17,00,exact_hh00,full_24_hours,bumblebox-15_2026-03-05_17_00_04,bumblebox-15,/media/august/Expansion/Behavioral-Entropy-Pesticide-Dosing-Exps/MCs-15-and-16/2026-03-05/bumblebox-15_2026-03-05_17_00_04.mp4,/tmp/bumblebox_hourly_primary_mc9_24_links/MCs-15-and-16/2026-03-05/bumblebox-15_2026-03-05_17_00_04.mp4
245,18,pre,true,MCs-17-and-18,17;18,2026-03-16,2026-03-15,pre_dose_d_minus_1,17,00,exact_hh00,full_24_hours,bumblebox-9_2026-03-15_17_00_02,bumblebox-9,/media/august/Expansion/Behavioral-Entropy-Pesticide-Dosing-Exps/MCs-17-and-18/2026-03-15/bumblebox-9_2026-03-15_17_00_02.mp4,/tmp/bumblebox_hourly_primary_mc9_24_links/MCs-17-and-18/2026-03-15/bumblebox-9_2026-03-15_17_00_02.mp4
246,18,post,true,MCs-17-and-18,17;18,2026-03-16,2026-03-19,post_dose_d_plus_3,17,00,exact_hh00,full_24_hours,bumblebox-9_2026-03-19_17_00_03,bumblebox-9,/media/august/Expansion/Behavioral-Entropy-Pesticide-Dosing-Exps/MCs-17-and-18/2026-03-19/bumblebox-9_2026-03-19_17_00_03.mp4,/tmp/bumblebox_hourly_primary_mc9_24_links/MCs-17-and-18/2026-03-19/bumblebox-9_2026-03-19_17_00_03.mp4
247,18,pre,true,MCs-19-and-20,19;20,2026-03-16,2026-03-15,pre_dose_d_minus_1,17,00,exact_hh00,full_24_hours,bumblebox-19_2026-03-15_17_00_04,bumblebox-19,/media/august/Expansion/Behavioral-Entropy-Pesticide-Dosing-Exps/MCs-19-and-20/2026-03-15/bumblebox-19_2026-03-15_17_00_04.mp4,/tmp/bumblebox_hourly_primary_mc9_24_links/MCs-19-and-20/2026-03-15/bumblebox-19_2026-03-15_17_00_04.mp4
248,18,post,true,MCs-19-and-20,19;20,2026-03-16,2026-03-19,post_dose_d_plus_3,17,00,exact_hh00,full_24_hours,bumblebox-19_2026-03-19_17_00_05,bumblebox-19,/media/august/Expansion/Behavioral-Entropy-Pesticide-Dosing-Exps/MCs-19-and-20/2026-03-19/bumblebox-19_2026-03-19_17_00_05.mp4,/tmp/bumblebox_hourly_primary_mc9_24_links/MCs-19-and-20/2026-03-19/bumblebox-19_2026-03-19_17_00_05.mp4
249,18,pre,true,MCs-21-and-22,21;22,2026-03-16,2026-03-15,pre_dose_d_minus_1,17,00,exact_hh00,full_24_hours,bumblebox-18_2026-03-15_17_00_04,bumblebox-18,/media/august/Expansion/Behavioral-Entropy-Pesticide-Dosing-Exps/MCs-21-and-22/2026-03-15/bumblebox-18_2026-03-15_17_00_04.mp4,/tmp/bumblebox_hourly_primary_mc9_24_links/MCs-21-and-22/2026-03-15/bumblebox-18_2026-03-15_17_00_04.mp4
250,18,post,true,MCs-21-and-22,21;22,2026-03-16,2026-03-18,post_dose_d_plus_2_substitute,17,00,exact_hh00,full_24_hours,bumblebox-18_2026-03-18_17_00_03,bumblebox-18,/media/august/Expansion/Behavioral-Entropy-Pesticide-Dosing-Exps/MCs-21-and-22/2026-03-18/bumblebox-18_2026-03-18_17_00_03.mp4,/tmp/bumblebox_hourly_primary_mc9_24_links/MCs-21-and-22/2026-03-18/bumblebox-18_2026-03-18_17_00_03.mp4
251,18,pre,true,MCs-23-and-24,23;24,2026-03-16,2026-03-15,pre_dose_d_minus_1,17,00,exact_hh00,full_24_hours,bumblebox-15_2026-03-15_17_00_04,bumblebox-15,/media/august/Expansion/Behavioral-Entropy-Pesticide-Dosing-Exps/MCs-23-and-24/2026-03-15/bumblebox-15_2026-03-15_17_00_04.mp4,/tmp/bumblebox_hourly_primary_mc9_24_links/MCs-23-and-24/2026-03-15/bumblebox-15_2026-03-15_17_00_04.mp4
252,18,post,true,MCs-23-and-24,23;24,2026-03-16,2026-03-19,post_dose_d_plus_3,17,00,exact_hh00,full_24_hours,bumblebox-15_2026-03-19_17_00_04,bumblebox-15,/media/august/Expansion/Behavioral-Entropy-Pesticide-Dosing-Exps/MCs-23-and-24/2026-03-19/bumblebox-15_2026-03-19_17_00_04.mp4,/tmp/bumblebox_hourly_primary_mc9_24_links/MCs-23-and-24/2026-03-19/bumblebox-15_2026-03-19_17_00_04.mp4
253,19,pre,true,MCs-9-and-10,9;10,2026-03-02,2026-03-01,pre_dose_d_minus_1,18,00,exact_hh00,full_24_hours,bumblebox-07_2026-03-01_18_00_03,bumblebox-07,/media/august/Expansion/Behavioral-Entropy-Pesticide-Dosing-Exps/MCs-9-and-10/2026-03-01/bumblebox-07_2026-03-01_18_00_03.mp4,/tmp/bumblebox_hourly_primary_mc9_24_links/MCs-9-and-10/2026-03-01/bumblebox-07_2026-03-01_18_00_03.mp4
254,19,post,true,MCs-9-and-10,9;10,2026-03-02,2026-03-05,post_dose_d_plus_3,18,00,exact_hh00,full_24_hours,bumblebox-07_2026-03-05_18_00_03,bumblebox-07,/media/august/Expansion/Behavioral-Entropy-Pesticide-Dosing-Exps/MCs-9-and-10/2026-03-05/bumblebox-07_2026-03-05_18_00_03.mp4,/tmp/bumblebox_hourly_primary_mc9_24_links/MCs-9-and-10/2026-03-05/bumblebox-07_2026-03-05_18_00_03.mp4
255,19,post,true,MCs-11-and-12,11;12,2026-03-02,2026-03-05,post_dose_d_plus_3,18,00,exact_hh00,partial_day,bumblebox-19_2026-03-05_18_00_04,bumblebox-19,/media/august/Expansion/Behavioral-Entropy-Pesticide-Dosing-Exps/MCs-11-and-12/2026-03-05/bumblebox-19_2026-03-05_18_00_04.mp4,/tmp/bumblebox_hourly_primary_mc9_24_links/MCs-11-and-12/2026-03-05/bumblebox-19_2026-03-05_18_00_04.mp4
256,19,pre,true,MCs-13-and-14,13;14,2026-03-02,2026-03-01,pre_dose_d_minus_1,18,00,exact_hh00,full_24_hours,bumblebox-18_2026-03-01_18_00_04,bumblebox-18,/media/august/Expansion/Behavioral-Entropy-Pesticide-Dosing-Exps/MCs-13-and-14/2026-03-01/bumblebox-18_2026-03-01_18_00_04.mp4,/tmp/bumblebox_hourly_primary_mc9_24_links/MCs-13-and-14/2026-03-01/bumblebox-18_2026-03-01_18_00_04.mp4
257,19,post,true,MCs-13-and-14,13;14,2026-03-02,2026-03-05,post_dose_d_plus_3,18,00,exact_hh00,full_24_hours,bumblebox-18_2026-03-05_18_00_03,bumblebox-18,/media/august/Expansion/Behavioral-Entropy-Pesticide-Dosing-Exps/MCs-13-and-14/2026-03-05/bumblebox-18_2026-03-05_18_00_03.mp4,/tmp/bumblebox_hourly_primary_mc9_24_links/MCs-13-and-14/2026-03-05/bumblebox-18_2026-03-05_18_00_03.mp4
258,19,post,true,MCs-15-and-16,15;16,2026-03-02,2026-03-05,post_dose_d_plus_3,18,00,exact_hh00,full_24_hours,bumblebox-15_2026-03-05_18_00_03,bumblebox-15,/media/august/Expansion/Behavioral-Entropy-Pesticide-Dosing-Exps/MCs-15-and-16/2026-03-05/bumblebox-15_2026-03-05_18_00_03.mp4,/tmp/bumblebox_hourly_primary_mc9_24_links/MCs-15-and-16/2026-03-05/bumblebox-15_2026-03-05_18_00_03.mp4
259,19,pre,true,MCs-17-and-18,17;18,2026-03-16,2026-03-15,pre_dose_d_minus_1,18,00,exact_hh00,full_24_hours,bumblebox-9_2026-03-15_18_00_04,bumblebox-9,/media/august/Expansion/Behavioral-Entropy-Pesticide-Dosing-Exps/MCs-17-and-18/2026-03-15/bumblebox-9_2026-03-15_18_00_04.mp4,/tmp/bumblebox_hourly_primary_mc9_24_links/MCs-17-and-18/2026-03-15/bumblebox-9_2026-03-15_18_00_04.mp4
260,19,post,true,MCs-17-and-18,17;18,2026-03-16,2026-03-19,post_dose_d_plus_3,18,00,exact_hh00,full_24_hours,bumblebox-9_2026-03-19_18_00_04,bumblebox-9,/media/august/Expansion/Behavioral-Entropy-Pesticide-Dosing-Exps/MCs-17-and-18/2026-03-19/bumblebox-9_2026-03-19_18_00_04.mp4,/tmp/bumblebox_hourly_primary_mc9_24_links/MCs-17-and-18/2026-03-19/bumblebox-9_2026-03-19_18_00_04.mp4
261,19,pre,true,MCs-19-and-20,19;20,2026-03-16,2026-03-15,pre_dose_d_minus_1,18,00,exact_hh00,full_24_hours,bumblebox-19_2026-03-15_18_00_05,bumblebox-19,/media/august/Expansion/Behavioral-Entropy-Pesticide-Dosing-Exps/MCs-19-and-20/2026-03-15/bumblebox-19_2026-03-15_18_00_05.mp4,/tmp/bumblebox_hourly_primary_mc9_24_links/MCs-19-and-20/2026-03-15/bumblebox-19_2026-03-15_18_00_05.mp4
262,19,post,true,MCs-19-and-20,19;20,2026-03-16,2026-03-19,post_dose_d_plus_3,18,00,exact_hh00,full_24_hours,bumblebox-19_2026-03-19_18_00_03,bumblebox-19,/media/august/Expansion/Behavioral-Entropy-Pesticide-Dosing-Exps/MCs-19-and-20/2026-03-19/bumblebox-19_2026-03-19_18_00_03.mp4,/tmp/bumblebox_hourly_primary_mc9_24_links/MCs-19-and-20/2026-03-19/bumblebox-19_2026-03-19_18_00_03.mp4
263,19,pre,true,MCs-21-and-22,21;22,2026-03-16,2026-03-15,pre_dose_d_minus_1,18,00,exact_hh00,full_24_hours,bumblebox-18_2026-03-15_18_00_04,bumblebox-18,/media/august/Expansion/Behavioral-Entropy-Pesticide-Dosing-Exps/MCs-21-and-22/2026-03-15/bumblebox-18_2026-03-15_18_00_04.mp4,/tmp/bumblebox_hourly_primary_mc9_24_links/MCs-21-and-22/2026-03-15/bumblebox-18_2026-03-15_18_00_04.mp4
264,19,post,true,MCs-21-and-22,21;22,2026-03-16,2026-03-18,post_dose_d_plus_2_substitute,18,00,exact_hh00,full_24_hours,bumblebox-18_2026-03-18_18_00_04,bumblebox-18,/media/august/Expansion/Behavioral-Entropy-Pesticide-Dosing-Exps/MCs-21-and-22/2026-03-18/bumblebox-18_2026-03-18_18_00_04.mp4,/tmp/bumblebox_hourly_primary_mc9_24_links/MCs-21-and-22/2026-03-18/bumblebox-18_2026-03-18_18_00_04.mp4
265,19,pre,true,MCs-23-and-24,23;24,2026-03-16,2026-03-15,pre_dose_d_minus_1,18,00,exact_hh00,full_24_hours,bumblebox-15_2026-03-15_18_00_03,bumblebox-15,/media/august/Expansion/Behavioral-Entropy-Pesticide-Dosing-Exps/MCs-23-and-24/2026-03-15/bumblebox-15_2026-03-15_18_00_03.mp4,/tmp/bumblebox_hourly_primary_mc9_24_links/MCs-23-and-24/2026-03-15/bumblebox-15_2026-03-15_18_00_03.mp4
266,19,post,true,MCs-23-and-24,23;24,2026-03-16,2026-03-19,post_dose_d_plus_3,18,00,exact_hh00,full_24_hours,bumblebox-15_2026-03-19_18_00_03,bumblebox-15,/media/august/Expansion/Behavioral-Entropy-Pesticide-Dosing-Exps/MCs-23-and-24/2026-03-19/bumblebox-15_2026-03-19_18_00_03.mp4,/tmp/bumblebox_hourly_primary_mc9_24_links/MCs-23-and-24/2026-03-19/bumblebox-15_2026-03-19_18_00_03.mp4
267,20,pre,true,MCs-9-and-10,9;10,2026-03-02,2026-03-01,pre_dose_d_minus_1,19,00,exact_hh00,full_24_hours,bumblebox-07_2026-03-01_19_00_03,bumblebox-07,/media/august/Expansion/Behavioral-Entropy-Pesticide-Dosing-Exps/MCs-9-and-10/2026-03-01/bumblebox-07_2026-03-01_19_00_03.mp4,/tmp/bumblebox_hourly_primary_mc9_24_links/MCs-9-and-10/2026-03-01/bumblebox-07_2026-03-01_19_00_03.mp4
268,20,post,true,MCs-9-and-10,9;10,2026-03-02,2026-03-05,post_dose_d_plus_3,19,00,exact_hh00,full_24_hours,bumblebox-07_2026-03-05_19_00_03,bumblebox-07,/media/august/Expansion/Behavioral-Entropy-Pesticide-Dosing-Exps/MCs-9-and-10/2026-03-05/bumblebox-07_2026-03-05_19_00_03.mp4,/tmp/bumblebox_hourly_primary_mc9_24_links/MCs-9-and-10/2026-03-05/bumblebox-07_2026-03-05_19_00_03.mp4
269,20,post,true,MCs-11-and-12,11;12,2026-03-02,2026-03-05,post_dose_d_plus_3,19,00,exact_hh00,partial_day,bumblebox-19_2026-03-05_19_00_03,bumblebox-19,/media/august/Expansion/Behavioral-Entropy-Pesticide-Dosing-Exps/MCs-11-and-12/2026-03-05/bumblebox-19_2026-03-05_19_00_03.mp4,/tmp/bumblebox_hourly_primary_mc9_24_links/MCs-11-and-12/2026-03-05/bumblebox-19_2026-03-05_19_00_03.mp4
270,20,pre,true,MCs-13-and-14,13;14,2026-03-02,2026-03-01,pre_dose_d_minus_1,19,00,exact_hh00,full_24_hours,bumblebox-18_2026-03-01_19_00_03,bumblebox-18,/media/august/Expansion/Behavioral-Entropy-Pesticide-Dosing-Exps/MCs-13-and-14/2026-03-01/bumblebox-18_2026-03-01_19_00_03.mp4,/tmp/bumblebox_hourly_primary_mc9_24_links/MCs-13-and-14/2026-03-01/bumblebox-18_2026-03-01_19_00_03.mp4
271,20,post,true,MCs-13-and-14,13;14,2026-03-02,2026-03-05,post_dose_d_plus_3,19,00,exact_hh00,full_24_hours,bumblebox-18_2026-03-05_19_00_04,bumblebox-18,/media/august/Expansion/Behavioral-Entropy-Pesticide-Dosing-Exps/MCs-13-and-14/2026-03-05/bumblebox-18_2026-03-05_19_00_04.mp4,/tmp/bumblebox_hourly_primary_mc9_24_links/MCs-13-and-14/2026-03-05/bumblebox-18_2026-03-05_19_00_04.mp4
272,20,post,true,MCs-15-and-16,15;16,2026-03-02,2026-03-05,post_dose_d_plus_3,19,00,exact_hh00,full_24_hours,bumblebox-15_2026-03-05_19_00_04,bumblebox-15,/media/august/Expansion/Behavioral-Entropy-Pesticide-Dosing-Exps/MCs-15-and-16/2026-03-05/bumblebox-15_2026-03-05_19_00_04.mp4,/tmp/bumblebox_hourly_primary_mc9_24_links/MCs-15-and-16/2026-03-05/bumblebox-15_2026-03-05_19_00_04.mp4
273,20,pre,true,MCs-17-and-18,17;18,2026-03-16,2026-03-15,pre_dose_d_minus_1,19,00,exact_hh00,full_24_hours,bumblebox-9_2026-03-15_19_00_03,bumblebox-9,/media/august/Expansion/Behavioral-Entropy-Pesticide-Dosing-Exps/MCs-17-and-18/2026-03-15/bumblebox-9_2026-03-15_19_00_03.mp4,/tmp/bumblebox_hourly_primary_mc9_24_links/MCs-17-and-18/2026-03-15/bumblebox-9_2026-03-15_19_00_03.mp4
274,20,post,true,MCs-17-and-18,17;18,2026-03-16,2026-03-19,post_dose_d_plus_3,19,00,exact_hh00,full_24_hours,bumblebox-9_2026-03-19_19_00_04,bumblebox-9,/media/august/Expansion/Behavioral-Entropy-Pesticide-Dosing-Exps/MCs-17-and-18/2026-03-19/bumblebox-9_2026-03-19_19_00_04.mp4,/tmp/bumblebox_hourly_primary_mc9_24_links/MCs-17-and-18/2026-03-19/bumblebox-9_2026-03-19_19_00_04.mp4
275,20,pre,true,MCs-19-and-20,19;20,2026-03-16,2026-03-15,pre_dose_d_minus_1,19,00,exact_hh00,full_24_hours,bumblebox-19_2026-03-15_19_00_05,bumblebox-19,/media/august/Expansion/Behavioral-Entropy-Pesticide-Dosing-Exps/MCs-19-and-20/2026-03-15/bumblebox-19_2026-03-15_19_00_05.mp4,/tmp/bumblebox_hourly_primary_mc9_24_links/MCs-19-and-20/2026-03-15/bumblebox-19_2026-03-15_19_00_05.mp4
276,20,post,true,MCs-19-and-20,19;20,2026-03-16,2026-03-19,post_dose_d_plus_3,19,00,exact_hh00,full_24_hours,bumblebox-19_2026-03-19_19_00_06,bumblebox-19,/media/august/Expansion/Behavioral-Entropy-Pesticide-Dosing-Exps/MCs-19-and-20/2026-03-19/bumblebox-19_2026-03-19_19_00_06.mp4,/tmp/bumblebox_hourly_primary_mc9_24_links/MCs-19-and-20/2026-03-19/bumblebox-19_2026-03-19_19_00_06.mp4
277,20,pre,true,MCs-21-and-22,21;22,2026-03-16,2026-03-15,pre_dose_d_minus_1,19,00,exact_hh00,full_24_hours,bumblebox-18_2026-03-15_19_00_04,bumblebox-18,/media/august/Expansion/Behavioral-Entropy-Pesticide-Dosing-Exps/MCs-21-and-22/2026-03-15/bumblebox-18_2026-03-15_19_00_04.mp4,/tmp/bumblebox_hourly_primary_mc9_24_links/MCs-21-and-22/2026-03-15/bumblebox-18_2026-03-15_19_00_04.mp4
278,20,post,true,MCs-21-and-22,21;22,2026-03-16,2026-03-18,post_dose_d_plus_2_substitute,19,00,exact_hh00,full_24_hours,bumblebox-18_2026-03-18_19_00_03,bumblebox-18,/media/august/Expansion/Behavioral-Entropy-Pesticide-Dosing-Exps/MCs-21-and-22/2026-03-18/bumblebox-18_2026-03-18_19_00_03.mp4,/tmp/bumblebox_hourly_primary_mc9_24_links/MCs-21-and-22/2026-03-18/bumblebox-18_2026-03-18_19_00_03.mp4
279,20,pre,true,MCs-23-and-24,23;24,2026-03-16,2026-03-15,pre_dose_d_minus_1,19,00,exact_hh00,full_24_hours,bumblebox-15_2026-03-15_19_00_03,bumblebox-15,/media/august/Expansion/Behavioral-Entropy-Pesticide-Dosing-Exps/MCs-23-and-24/2026-03-15/bumblebox-15_2026-03-15_19_00_03.mp4,/tmp/bumblebox_hourly_primary_mc9_24_links/MCs-23-and-24/2026-03-15/bumblebox-15_2026-03-15_19_00_03.mp4
280,20,post,true,MCs-23-and-24,23;24,2026-03-16,2026-03-19,post_dose_d_plus_3,19,00,exact_hh00,full_24_hours,bumblebox-15_2026-03-19_19_00_03,bumblebox-15,/media/august/Expansion/Behavioral-Entropy-Pesticide-Dosing-Exps/MCs-23-and-24/2026-03-19/bumblebox-15_2026-03-19_19_00_03.mp4,/tmp/bumblebox_hourly_primary_mc9_24_links/MCs-23-and-24/2026-03-19/bumblebox-15_2026-03-19_19_00_03.mp4
281,21,pre,true,MCs-9-and-10,9;10,2026-03-02,2026-03-01,pre_dose_d_minus_1,20,00,exact_hh00,full_24_hours,bumblebox-07_2026-03-01_20_00_03,bumblebox-07,/media/august/Expansion/Behavioral-Entropy-Pesticide-Dosing-Exps/MCs-9-and-10/2026-03-01/bumblebox-07_2026-03-01_20_00_03.mp4,/tmp/bumblebox_hourly_primary_mc9_24_links/MCs-9-and-10/2026-03-01/bumblebox-07_2026-03-01_20_00_03.mp4
282,21,post,true,MCs-9-and-10,9;10,2026-03-02,2026-03-05,post_dose_d_plus_3,20,00,exact_hh00,full_24_hours,bumblebox-07_2026-03-05_20_00_03,bumblebox-07,/media/august/Expansion/Behavioral-Entropy-Pesticide-Dosing-Exps/MCs-9-and-10/2026-03-05/bumblebox-07_2026-03-05_20_00_03.mp4,/tmp/bumblebox_hourly_primary_mc9_24_links/MCs-9-and-10/2026-03-05/bumblebox-07_2026-03-05_20_00_03.mp4
283,21,post,true,MCs-11-and-12,11;12,2026-03-02,2026-03-05,post_dose_d_plus_3,20,00,exact_hh00,partial_day,bumblebox-19_2026-03-05_20_00_04,bumblebox-19,/media/august/Expansion/Behavioral-Entropy-Pesticide-Dosing-Exps/MCs-11-and-12/2026-03-05/bumblebox-19_2026-03-05_20_00_04.mp4,/tmp/bumblebox_hourly_primary_mc9_24_links/MCs-11-and-12/2026-03-05/bumblebox-19_2026-03-05_20_00_04.mp4
284,21,pre,true,MCs-13-and-14,13;14,2026-03-02,2026-03-01,pre_dose_d_minus_1,20,00,exact_hh00,full_24_hours,bumblebox-18_2026-03-01_20_00_02,bumblebox-18,/media/august/Expansion/Behavioral-Entropy-Pesticide-Dosing-Exps/MCs-13-and-14/2026-03-01/bumblebox-18_2026-03-01_20_00_02.mp4,/tmp/bumblebox_hourly_primary_mc9_24_links/MCs-13-and-14/2026-03-01/bumblebox-18_2026-03-01_20_00_02.mp4
285,21,post,true,MCs-13-and-14,13;14,2026-03-02,2026-03-05,post_dose_d_plus_3,20,00,exact_hh00,full_24_hours,bumblebox-18_2026-03-05_20_00_04,bumblebox-18,/media/august/Expansion/Behavioral-Entropy-Pesticide-Dosing-Exps/MCs-13-and-14/2026-03-05/bumblebox-18_2026-03-05_20_00_04.mp4,/tmp/bumblebox_hourly_primary_mc9_24_links/MCs-13-and-14/2026-03-05/bumblebox-18_2026-03-05_20_00_04.mp4
286,21,post,true,MCs-15-and-16,15;16,2026-03-02,2026-03-05,post_dose_d_plus_3,20,00,exact_hh00,full_24_hours,bumblebox-15_2026-03-05_20_00_03,bumblebox-15,/media/august/Expansion/Behavioral-Entropy-Pesticide-Dosing-Exps/MCs-15-and-16/2026-03-05/bumblebox-15_2026-03-05_20_00_03.mp4,/tmp/bumblebox_hourly_primary_mc9_24_links/MCs-15-and-16/2026-03-05/bumblebox-15_2026-03-05_20_00_03.mp4
287,21,pre,true,MCs-17-and-18,17;18,2026-03-16,2026-03-15,pre_dose_d_minus_1,20,00,exact_hh00,full_24_hours,bumblebox-9_2026-03-15_20_00_03,bumblebox-9,/media/august/Expansion/Behavioral-Entropy-Pesticide-Dosing-Exps/MCs-17-and-18/2026-03-15/bumblebox-9_2026-03-15_20_00_03.mp4,/tmp/bumblebox_hourly_primary_mc9_24_links/MCs-17-and-18/2026-03-15/bumblebox-9_2026-03-15_20_00_03.mp4
288,21,post,true,MCs-17-and-18,17;18,2026-03-16,2026-03-19,post_dose_d_plus_3,20,00,exact_hh00,full_24_hours,bumblebox-9_2026-03-19_20_00_03,bumblebox-9,/media/august/Expansion/Behavioral-Entropy-Pesticide-Dosing-Exps/MCs-17-and-18/2026-03-19/bumblebox-9_2026-03-19_20_00_03.mp4,/tmp/bumblebox_hourly_primary_mc9_24_links/MCs-17-and-18/2026-03-19/bumblebox-9_2026-03-19_20_00_03.mp4
289,21,pre,true,MCs-19-and-20,19;20,2026-03-16,2026-03-15,pre_dose_d_minus_1,20,00,exact_hh00,full_24_hours,bumblebox-19_2026-03-15_20_00_05,bumblebox-19,/media/august/Expansion/Behavioral-Entropy-Pesticide-Dosing-Exps/MCs-19-and-20/2026-03-15/bumblebox-19_2026-03-15_20_00_05.mp4,/tmp/bumblebox_hourly_primary_mc9_24_links/MCs-19-and-20/2026-03-15/bumblebox-19_2026-03-15_20_00_05.mp4
290,21,post,true,MCs-19-and-20,19;20,2026-03-16,2026-03-19,post_dose_d_plus_3,20,00,exact_hh00,full_24_hours,bumblebox-19_2026-03-19_20_00_04,bumblebox-19,/media/august/Expansion/Behavioral-Entropy-Pesticide-Dosing-Exps/MCs-19-and-20/2026-03-19/bumblebox-19_2026-03-19_20_00_04.mp4,/tmp/bumblebox_hourly_primary_mc9_24_links/MCs-19-and-20/2026-03-19/bumblebox-19_2026-03-19_20_00_04.mp4
291,21,pre,true,MCs-21-and-22,21;22,2026-03-16,2026-03-15,pre_dose_d_minus_1,20,00,exact_hh00,full_24_hours,bumblebox-18_2026-03-15_20_00_04,bumblebox-18,/media/august/Expansion/Behavioral-Entropy-Pesticide-Dosing-Exps/MCs-21-and-22/2026-03-15/bumblebox-18_2026-03-15_20_00_04.mp4,/tmp/bumblebox_hourly_primary_mc9_24_links/MCs-21-and-22/2026-03-15/bumblebox-18_2026-03-15_20_00_04.mp4
292,21,post,true,MCs-21-and-22,21;22,2026-03-16,2026-03-18,post_dose_d_plus_2_substitute,20,00,exact_hh00,full_24_hours,bumblebox-18_2026-03-18_20_00_04,bumblebox-18,/media/august/Expansion/Behavioral-Entropy-Pesticide-Dosing-Exps/MCs-21-and-22/2026-03-18/bumblebox-18_2026-03-18_20_00_04.mp4,/tmp/bumblebox_hourly_primary_mc9_24_links/MCs-21-and-22/2026-03-18/bumblebox-18_2026-03-18_20_00_04.mp4
293,21,pre,true,MCs-23-and-24,23;24,2026-03-16,2026-03-15,pre_dose_d_minus_1,20,00,exact_hh00,full_24_hours,bumblebox-15_2026-03-15_20_00_04,bumblebox-15,/media/august/Expansion/Behavioral-Entropy-Pesticide-Dosing-Exps/MCs-23-and-24/2026-03-15/bumblebox-15_2026-03-15_20_00_04.mp4,/tmp/bumblebox_hourly_primary_mc9_24_links/MCs-23-and-24/2026-03-15/bumblebox-15_2026-03-15_20_00_04.mp4
294,21,post,true,MCs-23-and-24,23;24,2026-03-16,2026-03-19,post_dose_d_plus_3,20,00,exact_hh00,full_24_hours,bumblebox-15_2026-03-19_20_00_03,bumblebox-15,/media/august/Expansion/Behavioral-Entropy-Pesticide-Dosing-Exps/MCs-23-and-24/2026-03-19/bumblebox-15_2026-03-19_20_00_03.mp4,/tmp/bumblebox_hourly_primary_mc9_24_links/MCs-23-and-24/2026-03-19/bumblebox-15_2026-03-19_20_00_03.mp4
295,22,pre,true,MCs-9-and-10,9;10,2026-03-02,2026-03-01,pre_dose_d_minus_1,21,00,exact_hh00,full_24_hours,bumblebox-07_2026-03-01_21_00_03,bumblebox-07,/media/august/Expansion/Behavioral-Entropy-Pesticide-Dosing-Exps/MCs-9-and-10/2026-03-01/bumblebox-07_2026-03-01_21_00_03.mp4,/tmp/bumblebox_hourly_primary_mc9_24_links/MCs-9-and-10/2026-03-01/bumblebox-07_2026-03-01_21_00_03.mp4
296,22,post,true,MCs-9-and-10,9;10,2026-03-02,2026-03-05,post_dose_d_plus_3,21,00,exact_hh00,full_24_hours,bumblebox-07_2026-03-05_21_00_03,bumblebox-07,/media/august/Expansion/Behavioral-Entropy-Pesticide-Dosing-Exps/MCs-9-and-10/2026-03-05/bumblebox-07_2026-03-05_21_00_03.mp4,/tmp/bumblebox_hourly_primary_mc9_24_links/MCs-9-and-10/2026-03-05/bumblebox-07_2026-03-05_21_00_03.mp4
297,22,pre,true,MCs-13-and-14,13;14,2026-03-02,2026-03-01,pre_dose_d_minus_1,21,00,exact_hh00,full_24_hours,bumblebox-18_2026-03-01_21_00_04,bumblebox-18,/media/august/Expansion/Behavioral-Entropy-Pesticide-Dosing-Exps/MCs-13-and-14/2026-03-01/bumblebox-18_2026-03-01_21_00_04.mp4,/tmp/bumblebox_hourly_primary_mc9_24_links/MCs-13-and-14/2026-03-01/bumblebox-18_2026-03-01_21_00_04.mp4
298,22,post,true,MCs-13-and-14,13;14,2026-03-02,2026-03-05,post_dose_d_plus_3,21,00,exact_hh00,full_24_hours,bumblebox-18_2026-03-05_21_00_04,bumblebox-18,/media/august/Expansion/Behavioral-Entropy-Pesticide-Dosing-Exps/MCs-13-and-14/2026-03-05/bumblebox-18_2026-03-05_21_00_04.mp4,/tmp/bumblebox_hourly_primary_mc9_24_links/MCs-13-and-14/2026-03-05/bumblebox-18_2026-03-05_21_00_04.mp4
299,22,post,true,MCs-15-and-16,15;16,2026-03-02,2026-03-05,post_dose_d_plus_3,21,00,exact_hh00,full_24_hours,bumblebox-15_2026-03-05_21_00_04,bumblebox-15,/media/august/Expansion/Behavioral-Entropy-Pesticide-Dosing-Exps/MCs-15-and-16/2026-03-05/bumblebox-15_2026-03-05_21_00_04.mp4,/tmp/bumblebox_hourly_primary_mc9_24_links/MCs-15-and-16/2026-03-05/bumblebox-15_2026-03-05_21_00_04.mp4
300,22,pre,true,MCs-17-and-18,17;18,2026-03-16,2026-03-15,pre_dose_d_minus_1,21,00,exact_hh00,full_24_hours,bumblebox-9_2026-03-15_21_00_03,bumblebox-9,/media/august/Expansion/Behavioral-Entropy-Pesticide-Dosing-Exps/MCs-17-and-18/2026-03-15/bumblebox-9_2026-03-15_21_00_03.mp4,/tmp/bumblebox_hourly_primary_mc9_24_links/MCs-17-and-18/2026-03-15/bumblebox-9_2026-03-15_21_00_03.mp4
301,22,post,true,MCs-17-and-18,17;18,2026-03-16,2026-03-19,post_dose_d_plus_3,21,00,exact_hh00,full_24_hours,bumblebox-9_2026-03-19_21_00_03,bumblebox-9,/media/august/Expansion/Behavioral-Entropy-Pesticide-Dosing-Exps/MCs-17-and-18/2026-03-19/bumblebox-9_2026-03-19_21_00_03.mp4,/tmp/bumblebox_hourly_primary_mc9_24_links/MCs-17-and-18/2026-03-19/bumblebox-9_2026-03-19_21_00_03.mp4
302,22,pre,true,MCs-19-and-20,19;20,2026-03-16,2026-03-15,pre_dose_d_minus_1,21,00,exact_hh00,full_24_hours,bumblebox-19_2026-03-15_21_00_05,bumblebox-19,/media/august/Expansion/Behavioral-Entropy-Pesticide-Dosing-Exps/MCs-19-and-20/2026-03-15/bumblebox-19_2026-03-15_21_00_05.mp4,/tmp/bumblebox_hourly_primary_mc9_24_links/MCs-19-and-20/2026-03-15/bumblebox-19_2026-03-15_21_00_05.mp4
303,22,post,true,MCs-19-and-20,19;20,2026-03-16,2026-03-19,post_dose_d_plus_3,21,00,exact_hh00,full_24_hours,bumblebox-19_2026-03-19_21_00_04,bumblebox-19,/media/august/Expansion/Behavioral-Entropy-Pesticide-Dosing-Exps/MCs-19-and-20/2026-03-19/bumblebox-19_2026-03-19_21_00_04.mp4,/tmp/bumblebox_hourly_primary_mc9_24_links/MCs-19-and-20/2026-03-19/bumblebox-19_2026-03-19_21_00_04.mp4
304,22,pre,true,MCs-21-and-22,21;22,2026-03-16,2026-03-15,pre_dose_d_minus_1,21,00,exact_hh00,full_24_hours,bumblebox-18_2026-03-15_21_00_03,bumblebox-18,/media/august/Expansion/Behavioral-Entropy-Pesticide-Dosing-Exps/MCs-21-and-22/2026-03-15/bumblebox-18_2026-03-15_21_00_03.mp4,/tmp/bumblebox_hourly_primary_mc9_24_links/MCs-21-and-22/2026-03-15/bumblebox-18_2026-03-15_21_00_03.mp4
305,22,post,true,MCs-21-and-22,21;22,2026-03-16,2026-03-18,post_dose_d_plus_2_substitute,21,00,exact_hh00,full_24_hours,bumblebox-18_2026-03-18_21_00_04,bumblebox-18,/media/august/Expansion/Behavioral-Entropy-Pesticide-Dosing-Exps/MCs-21-and-22/2026-03-18/bumblebox-18_2026-03-18_21_00_04.mp4,/tmp/bumblebox_hourly_primary_mc9_24_links/MCs-21-and-22/2026-03-18/bumblebox-18_2026-03-18_21_00_04.mp4
306,22,pre,true,MCs-23-and-24,23;24,2026-03-16,2026-03-15,pre_dose_d_minus_1,21,00,exact_hh00,full_24_hours,bumblebox-15_2026-03-15_21_00_03,bumblebox-15,/media/august/Expansion/Behavioral-Entropy-Pesticide-Dosing-Exps/MCs-23-and-24/2026-03-15/bumblebox-15_2026-03-15_21_00_03.mp4,/tmp/bumblebox_hourly_primary_mc9_24_links/MCs-23-and-24/2026-03-15/bumblebox-15_2026-03-15_21_00_03.mp4
307,22,post,true,MCs-23-and-24,23;24,2026-03-16,2026-03-19,post_dose_d_plus_3,21,00,exact_hh00,full_24_hours,bumblebox-15_2026-03-19_21_00_04,bumblebox-15,/media/august/Expansion/Behavioral-Entropy-Pesticide-Dosing-Exps/MCs-23-and-24/2026-03-19/bumblebox-15_2026-03-19_21_00_04.mp4,/tmp/bumblebox_hourly_primary_mc9_24_links/MCs-23-and-24/2026-03-19/bumblebox-15_2026-03-19_21_00_04.mp4
308,23,pre,true,MCs-9-and-10,9;10,2026-03-02,2026-03-01,pre_dose_d_minus_1,22,00,exact_hh00,full_24_hours,bumblebox-07_2026-03-01_22_00_03,bumblebox-07,/media/august/Expansion/Behavioral-Entropy-Pesticide-Dosing-Exps/MCs-9-and-10/2026-03-01/bumblebox-07_2026-03-01_22_00_03.mp4,/tmp/bumblebox_hourly_primary_mc9_24_links/MCs-9-and-10/2026-03-01/bumblebox-07_2026-03-01_22_00_03.mp4
309,23,post,true,MCs-9-and-10,9;10,2026-03-02,2026-03-05,post_dose_d_plus_3,22,00,exact_hh00,full_24_hours,bumblebox-07_2026-03-05_22_00_03,bumblebox-07,/media/august/Expansion/Behavioral-Entropy-Pesticide-Dosing-Exps/MCs-9-and-10/2026-03-05/bumblebox-07_2026-03-05_22_00_03.mp4,/tmp/bumblebox_hourly_primary_mc9_24_links/MCs-9-and-10/2026-03-05/bumblebox-07_2026-03-05_22_00_03.mp4
310,23,pre,true,MCs-13-and-14,13;14,2026-03-02,2026-03-01,pre_dose_d_minus_1,22,00,exact_hh00,full_24_hours,bumblebox-18_2026-03-01_22_00_03,bumblebox-18,/media/august/Expansion/Behavioral-Entropy-Pesticide-Dosing-Exps/MCs-13-and-14/2026-03-01/bumblebox-18_2026-03-01_22_00_03.mp4,/tmp/bumblebox_hourly_primary_mc9_24_links/MCs-13-and-14/2026-03-01/bumblebox-18_2026-03-01_22_00_03.mp4
311,23,post,true,MCs-13-and-14,13;14,2026-03-02,2026-03-05,post_dose_d_plus_3,22,00,exact_hh00,full_24_hours,bumblebox-18_2026-03-05_22_00_04,bumblebox-18,/media/august/Expansion/Behavioral-Entropy-Pesticide-Dosing-Exps/MCs-13-and-14/2026-03-05/bumblebox-18_2026-03-05_22_00_04.mp4,/tmp/bumblebox_hourly_primary_mc9_24_links/MCs-13-and-14/2026-03-05/bumblebox-18_2026-03-05_22_00_04.mp4
312,23,post,true,MCs-15-and-16,15;16,2026-03-02,2026-03-05,post_dose_d_plus_3,22,00,exact_hh00,full_24_hours,bumblebox-15_2026-03-05_22_00_04,bumblebox-15,/media/august/Expansion/Behavioral-Entropy-Pesticide-Dosing-Exps/MCs-15-and-16/2026-03-05/bumblebox-15_2026-03-05_22_00_04.mp4,/tmp/bumblebox_hourly_primary_mc9_24_links/MCs-15-and-16/2026-03-05/bumblebox-15_2026-03-05_22_00_04.mp4
313,23,pre,true,MCs-17-and-18,17;18,2026-03-16,2026-03-15,pre_dose_d_minus_1,22,00,exact_hh00,full_24_hours,bumblebox-9_2026-03-15_22_00_03,bumblebox-9,/media/august/Expansion/Behavioral-Entropy-Pesticide-Dosing-Exps/MCs-17-and-18/2026-03-15/bumblebox-9_2026-03-15_22_00_03.mp4,/tmp/bumblebox_hourly_primary_mc9_24_links/MCs-17-and-18/2026-03-15/bumblebox-9_2026-03-15_22_00_03.mp4
314,23,post,true,MCs-17-and-18,17;18,2026-03-16,2026-03-19,post_dose_d_plus_3,22,00,exact_hh00,full_24_hours,bumblebox-9_2026-03-19_22_00_04,bumblebox-9,/media/august/Expansion/Behavioral-Entropy-Pesticide-Dosing-Exps/MCs-17-and-18/2026-03-19/bumblebox-9_2026-03-19_22_00_04.mp4,/tmp/bumblebox_hourly_primary_mc9_24_links/MCs-17-and-18/2026-03-19/bumblebox-9_2026-03-19_22_00_04.mp4
315,23,pre,true,MCs-19-and-20,19;20,2026-03-16,2026-03-15,pre_dose_d_minus_1,22,00,exact_hh00,full_24_hours,bumblebox-19_2026-03-15_22_00_04,bumblebox-19,/media/august/Expansion/Behavioral-Entropy-Pesticide-Dosing-Exps/MCs-19-and-20/2026-03-15/bumblebox-19_2026-03-15_22_00_04.mp4,/tmp/bumblebox_hourly_primary_mc9_24_links/MCs-19-and-20/2026-03-15/bumblebox-19_2026-03-15_22_00_04.mp4
316,23,post,true,MCs-19-and-20,19;20,2026-03-16,2026-03-19,post_dose_d_plus_3,22,00,exact_hh00,full_24_hours,bumblebox-19_2026-03-19_22_00_03,bumblebox-19,/media/august/Expansion/Behavioral-Entropy-Pesticide-Dosing-Exps/MCs-19-and-20/2026-03-19/bumblebox-19_2026-03-19_22_00_03.mp4,/tmp/bumblebox_hourly_primary_mc9_24_links/MCs-19-and-20/2026-03-19/bumblebox-19_2026-03-19_22_00_03.mp4
317,23,pre,true,MCs-21-and-22,21;22,2026-03-16,2026-03-15,pre_dose_d_minus_1,22,00,exact_hh00,full_24_hours,bumblebox-18_2026-03-15_22_00_04,bumblebox-18,/media/august/Expansion/Behavioral-Entropy-Pesticide-Dosing-Exps/MCs-21-and-22/2026-03-15/bumblebox-18_2026-03-15_22_00_04.mp4,/tmp/bumblebox_hourly_primary_mc9_24_links/MCs-21-and-22/2026-03-15/bumblebox-18_2026-03-15_22_00_04.mp4
318,23,post,true,MCs-21-and-22,21;22,2026-03-16,2026-03-18,post_dose_d_plus_2_substitute,22,00,exact_hh00,full_24_hours,bumblebox-18_2026-03-18_22_00_04,bumblebox-18,/media/august/Expansion/Behavioral-Entropy-Pesticide-Dosing-Exps/MCs-21-and-22/2026-03-18/bumblebox-18_2026-03-18_22_00_04.mp4,/tmp/bumblebox_hourly_primary_mc9_24_links/MCs-21-and-22/2026-03-18/bumblebox-18_2026-03-18_22_00_04.mp4
319,23,pre,true,MCs-23-and-24,23;24,2026-03-16,2026-03-15,pre_dose_d_minus_1,22,00,exact_hh00,full_24_hours,bumblebox-15_2026-03-15_22_00_04,bumblebox-15,/media/august/Expansion/Behavioral-Entropy-Pesticide-Dosing-Exps/MCs-23-and-24/2026-03-15/bumblebox-15_2026-03-15_22_00_04.mp4,/tmp/bumblebox_hourly_primary_mc9_24_links/MCs-23-and-24/2026-03-15/bumblebox-15_2026-03-15_22_00_04.mp4
320,23,post,true,MCs-23-and-24,23;24,2026-03-16,2026-03-19,post_dose_d_plus_3,22,00,exact_hh00,full_24_hours,bumblebox-15_2026-03-19_22_00_04,bumblebox-15,/media/august/Expansion/Behavioral-Entropy-Pesticide-Dosing-Exps/MCs-23-and-24/2026-03-19/bumblebox-15_2026-03-19_22_00_04.mp4,/tmp/bumblebox_hourly_primary_mc9_24_links/MCs-23-and-24/2026-03-19/bumblebox-15_2026-03-19_22_00_04.mp4
321,24,pre,true,MCs-9-and-10,9;10,2026-03-02,2026-03-01,pre_dose_d_minus_1,23,30,fallback_hh30_missing_hh00,full_24_hours,bumblebox-07_2026-03-01_23_30_03,bumblebox-07,/media/august/Expansion/Behavioral-Entropy-Pesticide-Dosing-Exps/MCs-9-and-10/2026-03-01/bumblebox-07_2026-03-01_23_30_03.mp4,/tmp/bumblebox_hourly_primary_mc9_24_links/MCs-9-and-10/2026-03-01/bumblebox-07_2026-03-01_23_30_03.mp4
322,24,post,true,MCs-9-and-10,9;10,2026-03-02,2026-03-05,post_dose_d_plus_3,23,30,fallback_hh30_missing_hh00,full_24_hours,bumblebox-07_2026-03-05_23_30_03,bumblebox-07,/media/august/Expansion/Behavioral-Entropy-Pesticide-Dosing-Exps/MCs-9-and-10/2026-03-05/bumblebox-07_2026-03-05_23_30_03.mp4,/tmp/bumblebox_hourly_primary_mc9_24_links/MCs-9-and-10/2026-03-05/bumblebox-07_2026-03-05_23_30_03.mp4
323,24,pre,true,MCs-13-and-14,13;14,2026-03-02,2026-03-01,pre_dose_d_minus_1,23,30,fallback_hh30_missing_hh00,full_24_hours,bumblebox-18_2026-03-01_23_30_03,bumblebox-18,/media/august/Expansion/Behavioral-Entropy-Pesticide-Dosing-Exps/MCs-13-and-14/2026-03-01/bumblebox-18_2026-03-01_23_30_03.mp4,/tmp/bumblebox_hourly_primary_mc9_24_links/MCs-13-and-14/2026-03-01/bumblebox-18_2026-03-01_23_30_03.mp4
324,24,post,true,MCs-13-and-14,13;14,2026-03-02,2026-03-05,post_dose_d_plus_3,23,30,fallback_hh30_missing_hh00,full_24_hours,bumblebox-18_2026-03-05_23_30_04,bumblebox-18,/media/august/Expansion/Behavioral-Entropy-Pesticide-Dosing-Exps/MCs-13-and-14/2026-03-05/bumblebox-18_2026-03-05_23_30_04.mp4,/tmp/bumblebox_hourly_primary_mc9_24_links/MCs-13-and-14/2026-03-05/bumblebox-18_2026-03-05_23_30_04.mp4
325,24,post,true,MCs-15-and-16,15;16,2026-03-02,2026-03-05,post_dose_d_plus_3,23,30,fallback_hh30_missing_hh00,full_24_hours,bumblebox-15_2026-03-05_23_30_03,bumblebox-15,/media/august/Expansion/Behavioral-Entropy-Pesticide-Dosing-Exps/MCs-15-and-16/2026-03-05/bumblebox-15_2026-03-05_23_30_03.mp4,/tmp/bumblebox_hourly_primary_mc9_24_links/MCs-15-and-16/2026-03-05/bumblebox-15_2026-03-05_23_30_03.mp4
326,24,pre,true,MCs-17-and-18,17;18,2026-03-16,2026-03-15,pre_dose_d_minus_1,23,30,fallback_hh30_missing_hh00,full_24_hours,bumblebox-9_2026-03-15_23_30_04,bumblebox-9,/media/august/Expansion/Behavioral-Entropy-Pesticide-Dosing-Exps/MCs-17-and-18/2026-03-15/bumblebox-9_2026-03-15_23_30_04.mp4,/tmp/bumblebox_hourly_primary_mc9_24_links/MCs-17-and-18/2026-03-15/bumblebox-9_2026-03-15_23_30_04.mp4
327,24,post,true,MCs-17-and-18,17;18,2026-03-16,2026-03-19,post_dose_d_plus_3,23,30,fallback_hh30_missing_hh00,full_24_hours,bumblebox-9_2026-03-19_23_30_05,bumblebox-9,/media/august/Expansion/Behavioral-Entropy-Pesticide-Dosing-Exps/MCs-17-and-18/2026-03-19/bumblebox-9_2026-03-19_23_30_05.mp4,/tmp/bumblebox_hourly_primary_mc9_24_links/MCs-17-and-18/2026-03-19/bumblebox-9_2026-03-19_23_30_05.mp4
328,24,pre,true,MCs-19-and-20,19;20,2026-03-16,2026-03-15,pre_dose_d_minus_1,23,30,fallback_hh30_missing_hh00,full_24_hours,bumblebox-19_2026-03-15_23_30_03,bumblebox-19,/media/august/Expansion/Behavioral-Entropy-Pesticide-Dosing-Exps/MCs-19-and-20/2026-03-15/bumblebox-19_2026-03-15_23_30_03.mp4,/tmp/bumblebox_hourly_primary_mc9_24_links/MCs-19-and-20/2026-03-15/bumblebox-19_2026-03-15_23_30_03.mp4
329,24,post,true,MCs-19-and-20,19;20,2026-03-16,2026-03-19,post_dose_d_plus_3,23,30,fallback_hh30_missing_hh00,full_24_hours,bumblebox-19_2026-03-19_23_30_04,bumblebox-19,/media/august/Expansion/Behavioral-Entropy-Pesticide-Dosing-Exps/MCs-19-and-20/2026-03-19/bumblebox-19_2026-03-19_23_30_04.mp4,/tmp/bumblebox_hourly_primary_mc9_24_links/MCs-19-and-20/2026-03-19/bumblebox-19_2026-03-19_23_30_04.mp4
330,24,pre,true,MCs-21-and-22,21;22,2026-03-16,2026-03-15,pre_dose_d_minus_1,23,30,fallback_hh30_missing_hh00,full_24_hours,bumblebox-18_2026-03-15_23_30_04,bumblebox-18,/media/august/Expansion/Behavioral-Entropy-Pesticide-Dosing-Exps/MCs-21-and-22/2026-03-15/bumblebox-18_2026-03-15_23_30_04.mp4,/tmp/bumblebox_hourly_primary_mc9_24_links/MCs-21-and-22/2026-03-15/bumblebox-18_2026-03-15_23_30_04.mp4
331,24,post,true,MCs-21-and-22,21;22,2026-03-16,2026-03-18,post_dose_d_plus_2_substitute,23,30,fallback_hh30_missing_hh00,full_24_hours,bumblebox-18_2026-03-18_23_30_04,bumblebox-18,/media/august/Expansion/Behavioral-Entropy-Pesticide-Dosing-Exps/MCs-21-and-22/2026-03-18/bumblebox-18_2026-03-18_23_30_04.mp4,/tmp/bumblebox_hourly_primary_mc9_24_links/MCs-21-and-22/2026-03-18/bumblebox-18_2026-03-18_23_30_04.mp4
332,24,pre,true,MCs-23-and-24,23;24,2026-03-16,2026-03-15,pre_dose_d_minus_1,23,30,fallback_hh30_missing_hh00,full_24_hours,bumblebox-15_2026-03-15_23_30_03,bumblebox-15,/media/august/Expansion/Behavioral-Entropy-Pesticide-Dosing-Exps/MCs-23-and-24/2026-03-15/bumblebox-15_2026-03-15_23_30_03.mp4,/tmp/bumblebox_hourly_primary_mc9_24_links/MCs-23-and-24/2026-03-15/bumblebox-15_2026-03-15_23_30_03.mp4
333,24,post,true,MCs-23-and-24,23;24,2026-03-16,2026-03-19,post_dose_d_plus_3,23,30,fallback_hh30_missing_hh00,full_24_hours,bumblebox-15_2026-03-19_23_30_03,bumblebox-15,/media/august/Expansion/Behavioral-Entropy-Pesticide-Dosing-Exps/MCs-23-and-24/2026-03-19/bumblebox-15_2026-03-19_23_30_03.mp4,/tmp/bumblebox_hourly_primary_mc9_24_links/MCs-23-and-24/2026-03-19/bumblebox-15_2026-03-19_23_30_03.mp4
