balanced_round_robin_order,balanced_slot_index,balanced_period,include_in_hourly_primary,microcolony_pair,microcolony_ids,exposure_date,source_date,relative_period,target_hour,selected_minute,selection_status,day_status,video_id,filename_camera_label,source_video_path,symlink_path,augmentation_reason,augmentation_note
1,1,pre,true,MCs-1-and-2,1;2,2026-02-23,2026-02-23,pre_exposure_folder,00,00,exact_hh00,partial_day,bumblebox-19_2026-02-23_00_00_03,bumblebox-19,/media/august/AutoPolls9/dose-curve-pesticide-data/MCs-1-and-2/pre-exposure/bumblebox-19_2026-02-23_00_00_03.mp4,/tmp/bumblebox_hourly_primary_mc1_8_explicit_links/MCs-1-and-2/pre/2026-02-23/bumblebox-19_2026-02-23_00_00_03.mp4,base_hourly,original hourly round-robin selection
2,1,pre,true,MCs-1-and-2,1;2,,2026-02-23,augmented_pre_exposure,00,10,augmented_extra,augmented,bumblebox-19_2026-02-23_00_10_02,bumblebox-19,/media/august/AutoPolls9/dose-curve-pesticide-data/MCs-1-and-2/pre-exposure/bumblebox-19_2026-02-23_00_10_02.mp4,,pre_fill_to_24_if_possible,fill MCs-1-and-2 pre from 16 toward 24 using non-hourly pre videos
3,1,post,true,MCs-1-and-2,1;2,2026-02-23,2026-02-26,post_exposure_folder,00,00,exact_hh00,full_24_hours,bumblebox-19_2026-02-26_00_00_04,bumblebox-19,/media/august/AutoPolls9/dose-curve-pesticide-data/MCs-1-and-2/post-exposure/bumblebox-19_2026-02-26_00_00_04.mp4,/tmp/bumblebox_hourly_primary_mc1_8_explicit_links/MCs-1-and-2/post/2026-02-26/bumblebox-19_2026-02-26_00_00_04.mp4,base_hourly,original hourly round-robin selection
4,1,pre,true,MCs-3-and-4,3;4,2026-02-23,2026-02-22,pre_exposure_folder,00,00,exact_hh00,full_24_hours,bumblebox-07_2026-02-22_00_00_03,bumblebox-07,/media/august/AutoPolls9/dose-curve-pesticide-data/MCs-3-and-4/pre-exposure/bumblebox-07_2026-02-22_00_00_03.mp4,/tmp/bumblebox_hourly_primary_mc1_8_explicit_links/MCs-3-and-4/pre/2026-02-22/bumblebox-07_2026-02-22_00_00_03.mp4,base_hourly,original hourly round-robin selection
5,1,post,true,MCs-3-and-4,3;4,2026-02-23,2026-02-26,post_exposure_folder,00,00,exact_hh00,full_24_hours,bumblebox-07_2026-02-26_00_00_03,bumblebox-07,/media/august/AutoPolls9/dose-curve-pesticide-data/MCs-3-and-4/post-exposure/bumblebox-07_2026-02-26_00_00_03.mp4,/tmp/bumblebox_hourly_primary_mc1_8_explicit_links/MCs-3-and-4/post/2026-02-26/bumblebox-07_2026-02-26_00_00_03.mp4,base_hourly,original hourly round-robin selection
6,1,post,true,MCs-5-and-6,5;6,2026-02-23,2026-02-26,post_exposure_folder,00,00,exact_hh00,full_24_hours,bumblebox-18_2026-02-26_00_00_05,bumblebox-18,/media/august/AutoPolls9/dose-curve-pesticide-data/MCs-5-and-6/post-exposure/bumblebox-18_2026-02-26_00_00_05.mp4,/tmp/bumblebox_hourly_primary_mc1_8_explicit_links/MCs-5-and-6/post/2026-02-26/bumblebox-18_2026-02-26_00_00_05.mp4,base_hourly,original hourly round-robin selection
7,1,post,true,MCs-7-and-8,7;8,2026-02-23,2026-02-26,post_exposure_folder,00,00,exact_hh00,full_24_hours,bumblebox-15_2026-02-26_00_00_03,bumblebox-15,/media/august/AutoPolls9/dose-curve-pesticide-data/MCs-7-and-8/post-exposure/bumblebox-15_2026-02-26_00_00_03.mp4,/tmp/bumblebox_hourly_primary_mc1_8_explicit_links/MCs-7-and-8/post/2026-02-26/bumblebox-15_2026-02-26_00_00_03.mp4,base_hourly,original hourly round-robin selection
8,1,pre,true,MCs-13-and-14,13;14,,2026-03-01,augmented_pre_exposure,00,30,augmented_extra,augmented,bumblebox-18_2026-03-01_00_30_07,bumblebox-18,/media/august/Expansion/Behavioral-Entropy-Pesticide-Dosing-Exps/MCs-13-and-14/2026-03-01/bumblebox-18_2026-03-01_00_30_07.mp4,,blur_compensation_0.5ppb,extra pre videos for MC14 to compensate blurry MC1 0.5ppb
9,1,post,true,MCs-13-and-14,13;14,2026-03-02,2026-03-05,post_dose_d_plus_3,00,30,augmented_extra,augmented,bumblebox-18_2026-03-05_00_30_03,bumblebox-18,/media/august/Expansion/Behavioral-Entropy-Pesticide-Dosing-Exps/MCs-13-and-14/2026-03-05/bumblebox-18_2026-03-05_00_30_03.mp4,,post_compensate_blurry_mc1_2,post compensation for blurry MC1/2: MC14 matches MC1 0.5ppb
10,1,post,true,MCs-15-and-16,15;16,2026-03-02,2026-03-05,post_dose_d_plus_3,00,30,augmented_extra,augmented,bumblebox-15_2026-03-05_00_30_03,bumblebox-15,/media/august/Expansion/Behavioral-Entropy-Pesticide-Dosing-Exps/MCs-15-and-16/2026-03-05/bumblebox-15_2026-03-05_00_30_03.mp4,,post_compensate_blurry_mc1_2,post compensation for blurry MC1/2: MC16 matches MC2 10ppb
11,1,pre,true,MCs-17-and-18,17;18,,2026-03-15,augmented_pre_exposure,00,30,augmented_extra,augmented,bumblebox-9_2026-03-15_00_30_03,bumblebox-9,/media/august/Expansion/Behavioral-Entropy-Pesticide-Dosing-Exps/MCs-17-and-18/2026-03-15/bumblebox-9_2026-03-15_00_30_03.mp4,,blur_compensation_10ppb,all available extra pre videos for MC17 to compensate blurry MC2 10ppb; MC16 has no pre source videos
12,1,post,true,MCs-17-and-18,17;18,2026-03-16,2026-03-19,post_dose_d_plus_3,00,30,augmented_extra,augmented,bumblebox-9_2026-03-19_00_30_03,bumblebox-9,/media/august/Expansion/Behavioral-Entropy-Pesticide-Dosing-Exps/MCs-17-and-18/2026-03-19/bumblebox-9_2026-03-19_00_30_03.mp4,,post_compensate_blurry_mc1_2,post compensation for blurry MC1/2: MC17 matches MC2 10ppb
13,1,pre,true,MCs-21-and-22,21;22,,2026-03-15,augmented_pre_exposure,00,30,augmented_extra,augmented,bumblebox-18_2026-03-15_00_30_04,bumblebox-18,/media/august/Expansion/Behavioral-Entropy-Pesticide-Dosing-Exps/MCs-21-and-22/2026-03-15/bumblebox-18_2026-03-15_00_30_04.mp4,,blur_compensation_0.5ppb,extra pre videos for MC21 to compensate blurry MC1 0.5ppb
14,1,post,true,MCs-21-and-22,21;22,2026-03-16,2026-03-18,post_dose_d_plus_2_substitute,00,30,augmented_extra,augmented,bumblebox-18_2026-03-18_00_30_05,bumblebox-18,/media/august/Expansion/Behavioral-Entropy-Pesticide-Dosing-Exps/MCs-21-and-22/2026-03-18/bumblebox-18_2026-03-18_00_30_05.mp4,,post_compensate_blurry_mc1_2,post compensation for blurry MC1/2: MC21 matches MC1 0.5ppb
15,2,pre,true,MCs-1-and-2,1;2,2026-02-23,2026-02-23,pre_exposure_folder,01,00,exact_hh00,partial_day,bumblebox-19_2026-02-23_01_00_03,bumblebox-19,/media/august/AutoPolls9/dose-curve-pesticide-data/MCs-1-and-2/pre-exposure/bumblebox-19_2026-02-23_01_00_03.mp4,/tmp/bumblebox_hourly_primary_mc1_8_explicit_links/MCs-1-and-2/pre/2026-02-23/bumblebox-19_2026-02-23_01_00_03.mp4,base_hourly,original hourly round-robin selection
16,2,post,true,MCs-1-and-2,1;2,2026-02-23,2026-02-26,post_exposure_folder,01,00,exact_hh00,full_24_hours,bumblebox-19_2026-02-26_01_00_04,bumblebox-19,/media/august/AutoPolls9/dose-curve-pesticide-data/MCs-1-and-2/post-exposure/bumblebox-19_2026-02-26_01_00_04.mp4,/tmp/bumblebox_hourly_primary_mc1_8_explicit_links/MCs-1-and-2/post/2026-02-26/bumblebox-19_2026-02-26_01_00_04.mp4,base_hourly,original hourly round-robin selection
17,2,pre,true,MCs-3-and-4,3;4,2026-02-23,2026-02-22,pre_exposure_folder,01,00,exact_hh00,full_24_hours,bumblebox-07_2026-02-22_01_00_02,bumblebox-07,/media/august/AutoPolls9/dose-curve-pesticide-data/MCs-3-and-4/pre-exposure/bumblebox-07_2026-02-22_01_00_02.mp4,/tmp/bumblebox_hourly_primary_mc1_8_explicit_links/MCs-3-and-4/pre/2026-02-22/bumblebox-07_2026-02-22_01_00_02.mp4,base_hourly,original hourly round-robin selection
18,2,post,true,MCs-3-and-4,3;4,2026-02-23,2026-02-26,post_exposure_folder,01,00,exact_hh00,full_24_hours,bumblebox-07_2026-02-26_01_00_03,bumblebox-07,/media/august/AutoPolls9/dose-curve-pesticide-data/MCs-3-and-4/post-exposure/bumblebox-07_2026-02-26_01_00_03.mp4,/tmp/bumblebox_hourly_primary_mc1_8_explicit_links/MCs-3-and-4/post/2026-02-26/bumblebox-07_2026-02-26_01_00_03.mp4,base_hourly,original hourly round-robin selection
19,2,post,true,MCs-5-and-6,5;6,2026-02-23,2026-02-26,post_exposure_folder,01,00,exact_hh00,full_24_hours,bumblebox-18_2026-02-26_01_00_04,bumblebox-18,/media/august/AutoPolls9/dose-curve-pesticide-data/MCs-5-and-6/post-exposure/bumblebox-18_2026-02-26_01_00_04.mp4,/tmp/bumblebox_hourly_primary_mc1_8_explicit_links/MCs-5-and-6/post/2026-02-26/bumblebox-18_2026-02-26_01_00_04.mp4,base_hourly,original hourly round-robin selection
20,2,post,true,MCs-7-and-8,7;8,2026-02-23,2026-02-26,post_exposure_folder,01,00,exact_hh00,full_24_hours,bumblebox-15_2026-02-26_01_00_02,bumblebox-15,/media/august/AutoPolls9/dose-curve-pesticide-data/MCs-7-and-8/post-exposure/bumblebox-15_2026-02-26_01_00_02.mp4,/tmp/bumblebox_hourly_primary_mc1_8_explicit_links/MCs-7-and-8/post/2026-02-26/bumblebox-15_2026-02-26_01_00_02.mp4,base_hourly,original hourly round-robin selection
21,2,pre,true,MCs-17-and-18,17;18,,2026-03-15,augmented_pre_exposure,01,30,augmented_extra,augmented,bumblebox-9_2026-03-15_01_30_03,bumblebox-9,/media/august/Expansion/Behavioral-Entropy-Pesticide-Dosing-Exps/MCs-17-and-18/2026-03-15/bumblebox-9_2026-03-15_01_30_03.mp4,,blur_compensation_10ppb,all available extra pre videos for MC17 to compensate blurry MC2 10ppb; MC16 has no pre source videos
22,3,pre,true,MCs-1-and-2,1;2,2026-02-23,2026-02-23,pre_exposure_folder,02,00,exact_hh00,partial_day,bumblebox-19_2026-02-23_02_00_03,bumblebox-19,/media/august/AutoPolls9/dose-curve-pesticide-data/MCs-1-and-2/pre-exposure/bumblebox-19_2026-02-23_02_00_03.mp4,/tmp/bumblebox_hourly_primary_mc1_8_explicit_links/MCs-1-and-2/pre/2026-02-23/bumblebox-19_2026-02-23_02_00_03.mp4,base_hourly,original hourly round-robin selection
23,3,pre,true,MCs-1-and-2,1;2,,2026-02-23,augmented_pre_exposure,02,20,augmented_extra,augmented,bumblebox-19_2026-02-23_02_20_03,bumblebox-19,/media/august/AutoPolls9/dose-curve-pesticide-data/MCs-1-and-2/pre-exposure/bumblebox-19_2026-02-23_02_20_03.mp4,,pre_fill_to_24_if_possible,fill MCs-1-and-2 pre from 16 toward 24 using non-hourly pre videos
24,3,post,true,MCs-1-and-2,1;2,2026-02-23,2026-02-26,post_exposure_folder,02,00,exact_hh00,full_24_hours,bumblebox-19_2026-02-26_02_00_03,bumblebox-19,/media/august/AutoPolls9/dose-curve-pesticide-data/MCs-1-and-2/post-exposure/bumblebox-19_2026-02-26_02_00_03.mp4,/tmp/bumblebox_hourly_primary_mc1_8_explicit_links/MCs-1-and-2/post/2026-02-26/bumblebox-19_2026-02-26_02_00_03.mp4,base_hourly,original hourly round-robin selection
25,3,pre,true,MCs-3-and-4,3;4,2026-02-23,2026-02-22,pre_exposure_folder,02,00,exact_hh00,full_24_hours,bumblebox-07_2026-02-22_02_00_03,bumblebox-07,/media/august/AutoPolls9/dose-curve-pesticide-data/MCs-3-and-4/pre-exposure/bumblebox-07_2026-02-22_02_00_03.mp4,/tmp/bumblebox_hourly_primary_mc1_8_explicit_links/MCs-3-and-4/pre/2026-02-22/bumblebox-07_2026-02-22_02_00_03.mp4,base_hourly,original hourly round-robin selection
26,3,post,true,MCs-3-and-4,3;4,2026-02-23,2026-02-26,post_exposure_folder,02,00,exact_hh00,full_24_hours,bumblebox-07_2026-02-26_02_00_03,bumblebox-07,/media/august/AutoPolls9/dose-curve-pesticide-data/MCs-3-and-4/post-exposure/bumblebox-07_2026-02-26_02_00_03.mp4,/tmp/bumblebox_hourly_primary_mc1_8_explicit_links/MCs-3-and-4/post/2026-02-26/bumblebox-07_2026-02-26_02_00_03.mp4,base_hourly,original hourly round-robin selection
27,3,post,true,MCs-5-and-6,5;6,2026-02-23,2026-02-26,post_exposure_folder,02,00,exact_hh00,full_24_hours,bumblebox-18_2026-02-26_02_00_04,bumblebox-18,/media/august/AutoPolls9/dose-curve-pesticide-data/MCs-5-and-6/post-exposure/bumblebox-18_2026-02-26_02_00_04.mp4,/tmp/bumblebox_hourly_primary_mc1_8_explicit_links/MCs-5-and-6/post/2026-02-26/bumblebox-18_2026-02-26_02_00_04.mp4,base_hourly,original hourly round-robin selection
28,3,post,true,MCs-7-and-8,7;8,2026-02-23,2026-02-26,post_exposure_folder,02,00,exact_hh00,full_24_hours,bumblebox-15_2026-02-26_02_00_03,bumblebox-15,/media/august/AutoPolls9/dose-curve-pesticide-data/MCs-7-and-8/post-exposure/bumblebox-15_2026-02-26_02_00_03.mp4,/tmp/bumblebox_hourly_primary_mc1_8_explicit_links/MCs-7-and-8/post/2026-02-26/bumblebox-15_2026-02-26_02_00_03.mp4,base_hourly,original hourly round-robin selection
29,3,pre,true,MCs-13-and-14,13;14,,2026-03-01,augmented_pre_exposure,02,30,augmented_extra,augmented,bumblebox-18_2026-03-01_02_30_05,bumblebox-18,/media/august/Expansion/Behavioral-Entropy-Pesticide-Dosing-Exps/MCs-13-and-14/2026-03-01/bumblebox-18_2026-03-01_02_30_05.mp4,,blur_compensation_0.5ppb,extra pre videos for MC14 to compensate blurry MC1 0.5ppb
30,3,post,true,MCs-13-and-14,13;14,2026-03-02,2026-03-05,post_dose_d_plus_3,02,30,augmented_extra,augmented,bumblebox-18_2026-03-05_02_30_04,bumblebox-18,/media/august/Expansion/Behavioral-Entropy-Pesticide-Dosing-Exps/MCs-13-and-14/2026-03-05/bumblebox-18_2026-03-05_02_30_04.mp4,,post_compensate_blurry_mc1_2,post compensation for blurry MC1/2: MC14 matches MC1 0.5ppb
31,3,post,true,MCs-15-and-16,15;16,2026-03-02,2026-03-05,post_dose_d_plus_3,02,30,augmented_extra,augmented,bumblebox-15_2026-03-05_02_30_04,bumblebox-15,/media/august/Expansion/Behavioral-Entropy-Pesticide-Dosing-Exps/MCs-15-and-16/2026-03-05/bumblebox-15_2026-03-05_02_30_04.mp4,,post_compensate_blurry_mc1_2,post compensation for blurry MC1/2: MC16 matches MC2 10ppb
32,3,pre,true,MCs-17-and-18,17;18,,2026-03-15,augmented_pre_exposure,02,30,augmented_extra,augmented,bumblebox-9_2026-03-15_02_30_03,bumblebox-9,/media/august/Expansion/Behavioral-Entropy-Pesticide-Dosing-Exps/MCs-17-and-18/2026-03-15/bumblebox-9_2026-03-15_02_30_03.mp4,,blur_compensation_10ppb,all available extra pre videos for MC17 to compensate blurry MC2 10ppb; MC16 has no pre source videos
33,3,post,true,MCs-17-and-18,17;18,2026-03-16,2026-03-19,post_dose_d_plus_3,02,30,augmented_extra,augmented,bumblebox-9_2026-03-19_02_30_03,bumblebox-9,/media/august/Expansion/Behavioral-Entropy-Pesticide-Dosing-Exps/MCs-17-and-18/2026-03-19/bumblebox-9_2026-03-19_02_30_03.mp4,,post_compensate_blurry_mc1_2,post compensation for blurry MC1/2: MC17 matches MC2 10ppb
34,3,pre,true,MCs-21-and-22,21;22,,2026-03-15,augmented_pre_exposure,02,30,augmented_extra,augmented,bumblebox-18_2026-03-15_02_30_04,bumblebox-18,/media/august/Expansion/Behavioral-Entropy-Pesticide-Dosing-Exps/MCs-21-and-22/2026-03-15/bumblebox-18_2026-03-15_02_30_04.mp4,,blur_compensation_0.5ppb,extra pre videos for MC21 to compensate blurry MC1 0.5ppb
35,3,post,true,MCs-21-and-22,21;22,2026-03-16,2026-03-18,post_dose_d_plus_2_substitute,02,30,augmented_extra,augmented,bumblebox-18_2026-03-18_02_30_04,bumblebox-18,/media/august/Expansion/Behavioral-Entropy-Pesticide-Dosing-Exps/MCs-21-and-22/2026-03-18/bumblebox-18_2026-03-18_02_30_04.mp4,,post_compensate_blurry_mc1_2,post compensation for blurry MC1/2: MC21 matches MC1 0.5ppb
36,4,pre,true,MCs-1-and-2,1;2,2026-02-23,2026-02-23,pre_exposure_folder,03,00,exact_hh00,partial_day,bumblebox-19_2026-02-23_03_00_02,bumblebox-19,/media/august/AutoPolls9/dose-curve-pesticide-data/MCs-1-and-2/pre-exposure/bumblebox-19_2026-02-23_03_00_02.mp4,/tmp/bumblebox_hourly_primary_mc1_8_explicit_links/MCs-1-and-2/pre/2026-02-23/bumblebox-19_2026-02-23_03_00_02.mp4,base_hourly,original hourly round-robin selection
37,4,post,true,MCs-1-and-2,1;2,2026-02-23,2026-02-26,post_exposure_folder,03,00,exact_hh00,full_24_hours,bumblebox-19_2026-02-26_03_00_03,bumblebox-19,/media/august/AutoPolls9/dose-curve-pesticide-data/MCs-1-and-2/post-exposure/bumblebox-19_2026-02-26_03_00_03.mp4,/tmp/bumblebox_hourly_primary_mc1_8_explicit_links/MCs-1-and-2/post/2026-02-26/bumblebox-19_2026-02-26_03_00_03.mp4,base_hourly,original hourly round-robin selection
38,4,pre,true,MCs-3-and-4,3;4,2026-02-23,2026-02-22,pre_exposure_folder,03,00,exact_hh00,full_24_hours,bumblebox-07_2026-02-22_03_00_02,bumblebox-07,/media/august/AutoPolls9/dose-curve-pesticide-data/MCs-3-and-4/pre-exposure/bumblebox-07_2026-02-22_03_00_02.mp4,/tmp/bumblebox_hourly_primary_mc1_8_explicit_links/MCs-3-and-4/pre/2026-02-22/bumblebox-07_2026-02-22_03_00_02.mp4,base_hourly,original hourly round-robin selection
39,4,post,true,MCs-3-and-4,3;4,2026-02-23,2026-02-26,post_exposure_folder,03,00,exact_hh00,full_24_hours,bumblebox-07_2026-02-26_03_00_03,bumblebox-07,/media/august/AutoPolls9/dose-curve-pesticide-data/MCs-3-and-4/post-exposure/bumblebox-07_2026-02-26_03_00_03.mp4,/tmp/bumblebox_hourly_primary_mc1_8_explicit_links/MCs-3-and-4/post/2026-02-26/bumblebox-07_2026-02-26_03_00_03.mp4,base_hourly,original hourly round-robin selection
40,4,post,true,MCs-5-and-6,5;6,2026-02-23,2026-02-26,post_exposure_folder,03,00,exact_hh00,full_24_hours,bumblebox-18_2026-02-26_03_00_04,bumblebox-18,/media/august/AutoPolls9/dose-curve-pesticide-data/MCs-5-and-6/post-exposure/bumblebox-18_2026-02-26_03_00_04.mp4,/tmp/bumblebox_hourly_primary_mc1_8_explicit_links/MCs-5-and-6/post/2026-02-26/bumblebox-18_2026-02-26_03_00_04.mp4,base_hourly,original hourly round-robin selection
41,4,post,true,MCs-7-and-8,7;8,2026-02-23,2026-02-26,post_exposure_folder,03,00,exact_hh00,full_24_hours,bumblebox-15_2026-02-26_03_00_03,bumblebox-15,/media/august/AutoPolls9/dose-curve-pesticide-data/MCs-7-and-8/post-exposure/bumblebox-15_2026-02-26_03_00_03.mp4,/tmp/bumblebox_hourly_primary_mc1_8_explicit_links/MCs-7-and-8/post/2026-02-26/bumblebox-15_2026-02-26_03_00_03.mp4,base_hourly,original hourly round-robin selection
42,4,pre,true,MCs-17-and-18,17;18,,2026-03-15,augmented_pre_exposure,03,30,augmented_extra,augmented,bumblebox-9_2026-03-15_03_30_02,bumblebox-9,/media/august/Expansion/Behavioral-Entropy-Pesticide-Dosing-Exps/MCs-17-and-18/2026-03-15/bumblebox-9_2026-03-15_03_30_02.mp4,,blur_compensation_10ppb,all available extra pre videos for MC17 to compensate blurry MC2 10ppb; MC16 has no pre source videos
43,5,pre,true,MCs-1-and-2,1;2,2026-02-23,2026-02-23,pre_exposure_folder,04,00,exact_hh00,partial_day,bumblebox-19_2026-02-23_04_00_03,bumblebox-19,/media/august/AutoPolls9/dose-curve-pesticide-data/MCs-1-and-2/pre-exposure/bumblebox-19_2026-02-23_04_00_03.mp4,/tmp/bumblebox_hourly_primary_mc1_8_explicit_links/MCs-1-and-2/pre/2026-02-23/bumblebox-19_2026-02-23_04_00_03.mp4,base_hourly,original hourly round-robin selection
44,5,pre,true,MCs-1-and-2,1;2,,2026-02-23,augmented_pre_exposure,04,30,augmented_extra,augmented,bumblebox-19_2026-02-23_04_30_04,bumblebox-19,/media/august/AutoPolls9/dose-curve-pesticide-data/MCs-1-and-2/pre-exposure/bumblebox-19_2026-02-23_04_30_04.mp4,,pre_fill_to_24_if_possible,fill MCs-1-and-2 pre from 16 toward 24 using non-hourly pre videos
45,5,post,true,MCs-1-and-2,1;2,2026-02-23,2026-02-26,post_exposure_folder,04,00,exact_hh00,full_24_hours,bumblebox-19_2026-02-26_04_00_04,bumblebox-19,/media/august/AutoPolls9/dose-curve-pesticide-data/MCs-1-and-2/post-exposure/bumblebox-19_2026-02-26_04_00_04.mp4,/tmp/bumblebox_hourly_primary_mc1_8_explicit_links/MCs-1-and-2/post/2026-02-26/bumblebox-19_2026-02-26_04_00_04.mp4,base_hourly,original hourly round-robin selection
46,5,pre,true,MCs-3-and-4,3;4,2026-02-23,2026-02-22,pre_exposure_folder,04,00,exact_hh00,full_24_hours,bumblebox-07_2026-02-22_04_00_03,bumblebox-07,/media/august/AutoPolls9/dose-curve-pesticide-data/MCs-3-and-4/pre-exposure/bumblebox-07_2026-02-22_04_00_03.mp4,/tmp/bumblebox_hourly_primary_mc1_8_explicit_links/MCs-3-and-4/pre/2026-02-22/bumblebox-07_2026-02-22_04_00_03.mp4,base_hourly,original hourly round-robin selection
47,5,post,true,MCs-3-and-4,3;4,2026-02-23,2026-02-26,post_exposure_folder,04,00,exact_hh00,full_24_hours,bumblebox-07_2026-02-26_04_00_03,bumblebox-07,/media/august/AutoPolls9/dose-curve-pesticide-data/MCs-3-and-4/post-exposure/bumblebox-07_2026-02-26_04_00_03.mp4,/tmp/bumblebox_hourly_primary_mc1_8_explicit_links/MCs-3-and-4/post/2026-02-26/bumblebox-07_2026-02-26_04_00_03.mp4,base_hourly,original hourly round-robin selection
48,5,post,true,MCs-5-and-6,5;6,2026-02-23,2026-02-26,post_exposure_folder,04,00,exact_hh00,full_24_hours,bumblebox-18_2026-02-26_04_00_04,bumblebox-18,/media/august/AutoPolls9/dose-curve-pesticide-data/MCs-5-and-6/post-exposure/bumblebox-18_2026-02-26_04_00_04.mp4,/tmp/bumblebox_hourly_primary_mc1_8_explicit_links/MCs-5-and-6/post/2026-02-26/bumblebox-18_2026-02-26_04_00_04.mp4,base_hourly,original hourly round-robin selection
49,5,post,true,MCs-7-and-8,7;8,2026-02-23,2026-02-26,post_exposure_folder,04,00,exact_hh00,full_24_hours,bumblebox-15_2026-02-26_04_00_03,bumblebox-15,/media/august/AutoPolls9/dose-curve-pesticide-data/MCs-7-and-8/post-exposure/bumblebox-15_2026-02-26_04_00_03.mp4,/tmp/bumblebox_hourly_primary_mc1_8_explicit_links/MCs-7-and-8/post/2026-02-26/bumblebox-15_2026-02-26_04_00_03.mp4,base_hourly,original hourly round-robin selection
50,5,pre,true,MCs-13-and-14,13;14,,2026-03-01,augmented_pre_exposure,04,30,augmented_extra,augmented,bumblebox-18_2026-03-01_04_30_04,bumblebox-18,/media/august/Expansion/Behavioral-Entropy-Pesticide-Dosing-Exps/MCs-13-and-14/2026-03-01/bumblebox-18_2026-03-01_04_30_04.mp4,,blur_compensation_0.5ppb,extra pre videos for MC14 to compensate blurry MC1 0.5ppb
51,5,post,true,MCs-13-and-14,13;14,2026-03-02,2026-03-05,post_dose_d_plus_3,04,30,augmented_extra,augmented,bumblebox-18_2026-03-05_04_30_04,bumblebox-18,/media/august/Expansion/Behavioral-Entropy-Pesticide-Dosing-Exps/MCs-13-and-14/2026-03-05/bumblebox-18_2026-03-05_04_30_04.mp4,,post_compensate_blurry_mc1_2,post compensation for blurry MC1/2: MC14 matches MC1 0.5ppb
52,5,post,true,MCs-15-and-16,15;16,2026-03-02,2026-03-05,post_dose_d_plus_3,04,30,augmented_extra,augmented,bumblebox-15_2026-03-05_04_30_04,bumblebox-15,/media/august/Expansion/Behavioral-Entropy-Pesticide-Dosing-Exps/MCs-15-and-16/2026-03-05/bumblebox-15_2026-03-05_04_30_04.mp4,,post_compensate_blurry_mc1_2,post compensation for blurry MC1/2: MC16 matches MC2 10ppb
53,5,pre,true,MCs-17-and-18,17;18,,2026-03-15,augmented_pre_exposure,04,30,augmented_extra,augmented,bumblebox-9_2026-03-15_04_30_03,bumblebox-9,/media/august/Expansion/Behavioral-Entropy-Pesticide-Dosing-Exps/MCs-17-and-18/2026-03-15/bumblebox-9_2026-03-15_04_30_03.mp4,,blur_compensation_10ppb,all available extra pre videos for MC17 to compensate blurry MC2 10ppb; MC16 has no pre source videos
54,5,post,true,MCs-17-and-18,17;18,2026-03-16,2026-03-19,post_dose_d_plus_3,04,30,augmented_extra,augmented,bumblebox-9_2026-03-19_04_30_03,bumblebox-9,/media/august/Expansion/Behavioral-Entropy-Pesticide-Dosing-Exps/MCs-17-and-18/2026-03-19/bumblebox-9_2026-03-19_04_30_03.mp4,,post_compensate_blurry_mc1_2,post compensation for blurry MC1/2: MC17 matches MC2 10ppb
55,5,pre,true,MCs-21-and-22,21;22,,2026-03-15,augmented_pre_exposure,04,30,augmented_extra,augmented,bumblebox-18_2026-03-15_04_30_04,bumblebox-18,/media/august/Expansion/Behavioral-Entropy-Pesticide-Dosing-Exps/MCs-21-and-22/2026-03-15/bumblebox-18_2026-03-15_04_30_04.mp4,,blur_compensation_0.5ppb,extra pre videos for MC21 to compensate blurry MC1 0.5ppb
56,5,post,true,MCs-21-and-22,21;22,2026-03-16,2026-03-18,post_dose_d_plus_2_substitute,04,30,augmented_extra,augmented,bumblebox-18_2026-03-18_04_30_04,bumblebox-18,/media/august/Expansion/Behavioral-Entropy-Pesticide-Dosing-Exps/MCs-21-and-22/2026-03-18/bumblebox-18_2026-03-18_04_30_04.mp4,,post_compensate_blurry_mc1_2,post compensation for blurry MC1/2: MC21 matches MC1 0.5ppb
57,6,pre,true,MCs-1-and-2,1;2,2026-02-23,2026-02-23,pre_exposure_folder,05,00,exact_hh00,partial_day,bumblebox-19_2026-02-23_05_00_03,bumblebox-19,/media/august/AutoPolls9/dose-curve-pesticide-data/MCs-1-and-2/pre-exposure/bumblebox-19_2026-02-23_05_00_03.mp4,/tmp/bumblebox_hourly_primary_mc1_8_explicit_links/MCs-1-and-2/pre/2026-02-23/bumblebox-19_2026-02-23_05_00_03.mp4,base_hourly,original hourly round-robin selection
58,6,post,true,MCs-1-and-2,1;2,2026-02-23,2026-02-26,post_exposure_folder,05,00,exact_hh00,full_24_hours,bumblebox-19_2026-02-26_05_00_04,bumblebox-19,/media/august/AutoPolls9/dose-curve-pesticide-data/MCs-1-and-2/post-exposure/bumblebox-19_2026-02-26_05_00_04.mp4,/tmp/bumblebox_hourly_primary_mc1_8_explicit_links/MCs-1-and-2/post/2026-02-26/bumblebox-19_2026-02-26_05_00_04.mp4,base_hourly,original hourly round-robin selection
59,6,pre,true,MCs-3-and-4,3;4,2026-02-23,2026-02-22,pre_exposure_folder,05,00,exact_hh00,full_24_hours,bumblebox-07_2026-02-22_05_00_03,bumblebox-07,/media/august/AutoPolls9/dose-curve-pesticide-data/MCs-3-and-4/pre-exposure/bumblebox-07_2026-02-22_05_00_03.mp4,/tmp/bumblebox_hourly_primary_mc1_8_explicit_links/MCs-3-and-4/pre/2026-02-22/bumblebox-07_2026-02-22_05_00_03.mp4,base_hourly,original hourly round-robin selection
60,6,post,true,MCs-3-and-4,3;4,2026-02-23,2026-02-26,post_exposure_folder,05,00,exact_hh00,full_24_hours,bumblebox-07_2026-02-26_05_00_03,bumblebox-07,/media/august/AutoPolls9/dose-curve-pesticide-data/MCs-3-and-4/post-exposure/bumblebox-07_2026-02-26_05_00_03.mp4,/tmp/bumblebox_hourly_primary_mc1_8_explicit_links/MCs-3-and-4/post/2026-02-26/bumblebox-07_2026-02-26_05_00_03.mp4,base_hourly,original hourly round-robin selection
61,6,post,true,MCs-5-and-6,5;6,2026-02-23,2026-02-26,post_exposure_folder,05,00,exact_hh00,full_24_hours,bumblebox-18_2026-02-26_05_00_03,bumblebox-18,/media/august/AutoPolls9/dose-curve-pesticide-data/MCs-5-and-6/post-exposure/bumblebox-18_2026-02-26_05_00_03.mp4,/tmp/bumblebox_hourly_primary_mc1_8_explicit_links/MCs-5-and-6/post/2026-02-26/bumblebox-18_2026-02-26_05_00_03.mp4,base_hourly,original hourly round-robin selection
62,6,post,true,MCs-7-and-8,7;8,2026-02-23,2026-02-26,post_exposure_folder,05,00,exact_hh00,full_24_hours,bumblebox-15_2026-02-26_05_00_03,bumblebox-15,/media/august/AutoPolls9/dose-curve-pesticide-data/MCs-7-and-8/post-exposure/bumblebox-15_2026-02-26_05_00_03.mp4,/tmp/bumblebox_hourly_primary_mc1_8_explicit_links/MCs-7-and-8/post/2026-02-26/bumblebox-15_2026-02-26_05_00_03.mp4,base_hourly,original hourly round-robin selection
63,6,pre,true,MCs-17-and-18,17;18,,2026-03-15,augmented_pre_exposure,05,30,augmented_extra,augmented,bumblebox-9_2026-03-15_05_30_03,bumblebox-9,/media/august/Expansion/Behavioral-Entropy-Pesticide-Dosing-Exps/MCs-17-and-18/2026-03-15/bumblebox-9_2026-03-15_05_30_03.mp4,,blur_compensation_10ppb,all available extra pre videos for MC17 to compensate blurry MC2 10ppb; MC16 has no pre source videos
64,7,pre,true,MCs-1-and-2,1;2,2026-02-23,2026-02-23,pre_exposure_folder,06,00,exact_hh00,partial_day,bumblebox-19_2026-02-23_06_00_03,bumblebox-19,/media/august/AutoPolls9/dose-curve-pesticide-data/MCs-1-and-2/pre-exposure/bumblebox-19_2026-02-23_06_00_03.mp4,/tmp/bumblebox_hourly_primary_mc1_8_explicit_links/MCs-1-and-2/pre/2026-02-23/bumblebox-19_2026-02-23_06_00_03.mp4,base_hourly,original hourly round-robin selection
65,7,pre,true,MCs-1-and-2,1;2,,2026-02-23,augmented_pre_exposure,06,40,augmented_extra,augmented,bumblebox-19_2026-02-23_06_40_03,bumblebox-19,/media/august/AutoPolls9/dose-curve-pesticide-data/MCs-1-and-2/pre-exposure/bumblebox-19_2026-02-23_06_40_03.mp4,,pre_fill_to_24_if_possible,fill MCs-1-and-2 pre from 16 toward 24 using non-hourly pre videos
66,7,post,true,MCs-1-and-2,1;2,2026-02-23,2026-02-26,post_exposure_folder,06,00,exact_hh00,full_24_hours,bumblebox-19_2026-02-26_06_00_03,bumblebox-19,/media/august/AutoPolls9/dose-curve-pesticide-data/MCs-1-and-2/post-exposure/bumblebox-19_2026-02-26_06_00_03.mp4,/tmp/bumblebox_hourly_primary_mc1_8_explicit_links/MCs-1-and-2/post/2026-02-26/bumblebox-19_2026-02-26_06_00_03.mp4,base_hourly,original hourly round-robin selection
67,7,pre,true,MCs-3-and-4,3;4,2026-02-23,2026-02-22,pre_exposure_folder,06,00,exact_hh00,full_24_hours,bumblebox-07_2026-02-22_06_00_03,bumblebox-07,/media/august/AutoPolls9/dose-curve-pesticide-data/MCs-3-and-4/pre-exposure/bumblebox-07_2026-02-22_06_00_03.mp4,/tmp/bumblebox_hourly_primary_mc1_8_explicit_links/MCs-3-and-4/pre/2026-02-22/bumblebox-07_2026-02-22_06_00_03.mp4,base_hourly,original hourly round-robin selection
68,7,post,true,MCs-3-and-4,3;4,2026-02-23,2026-02-26,post_exposure_folder,06,00,exact_hh00,full_24_hours,bumblebox-07_2026-02-26_06_00_03,bumblebox-07,/media/august/AutoPolls9/dose-curve-pesticide-data/MCs-3-and-4/post-exposure/bumblebox-07_2026-02-26_06_00_03.mp4,/tmp/bumblebox_hourly_primary_mc1_8_explicit_links/MCs-3-and-4/post/2026-02-26/bumblebox-07_2026-02-26_06_00_03.mp4,base_hourly,original hourly round-robin selection
69,7,post,true,MCs-5-and-6,5;6,2026-02-23,2026-02-26,post_exposure_folder,06,00,exact_hh00,full_24_hours,bumblebox-18_2026-02-26_06_00_16,bumblebox-18,/media/august/AutoPolls9/dose-curve-pesticide-data/MCs-5-and-6/post-exposure/bumblebox-18_2026-02-26_06_00_16.mp4,/tmp/bumblebox_hourly_primary_mc1_8_explicit_links/MCs-5-and-6/post/2026-02-26/bumblebox-18_2026-02-26_06_00_16.mp4,base_hourly,original hourly round-robin selection
70,7,post,true,MCs-7-and-8,7;8,2026-02-23,2026-02-26,post_exposure_folder,06,00,exact_hh00,full_24_hours,bumblebox-15_2026-02-26_06_00_03,bumblebox-15,/media/august/AutoPolls9/dose-curve-pesticide-data/MCs-7-and-8/post-exposure/bumblebox-15_2026-02-26_06_00_03.mp4,/tmp/bumblebox_hourly_primary_mc1_8_explicit_links/MCs-7-and-8/post/2026-02-26/bumblebox-15_2026-02-26_06_00_03.mp4,base_hourly,original hourly round-robin selection
71,7,pre,true,MCs-13-and-14,13;14,,2026-03-01,augmented_pre_exposure,06,30,augmented_extra,augmented,bumblebox-18_2026-03-01_06_30_04,bumblebox-18,/media/august/Expansion/Behavioral-Entropy-Pesticide-Dosing-Exps/MCs-13-and-14/2026-03-01/bumblebox-18_2026-03-01_06_30_04.mp4,,blur_compensation_0.5ppb,extra pre videos for MC14 to compensate blurry MC1 0.5ppb
72,7,post,true,MCs-13-and-14,13;14,2026-03-02,2026-03-05,post_dose_d_plus_3,06,30,augmented_extra,augmented,bumblebox-18_2026-03-05_06_30_03,bumblebox-18,/media/august/Expansion/Behavioral-Entropy-Pesticide-Dosing-Exps/MCs-13-and-14/2026-03-05/bumblebox-18_2026-03-05_06_30_03.mp4,,post_compensate_blurry_mc1_2,post compensation for blurry MC1/2: MC14 matches MC1 0.5ppb
73,7,post,true,MCs-15-and-16,15;16,2026-03-02,2026-03-05,post_dose_d_plus_3,06,30,augmented_extra,augmented,bumblebox-15_2026-03-05_06_30_05,bumblebox-15,/media/august/Expansion/Behavioral-Entropy-Pesticide-Dosing-Exps/MCs-15-and-16/2026-03-05/bumblebox-15_2026-03-05_06_30_05.mp4,,post_compensate_blurry_mc1_2,post compensation for blurry MC1/2: MC16 matches MC2 10ppb
74,7,pre,true,MCs-17-and-18,17;18,,2026-03-15,augmented_pre_exposure,06,30,augmented_extra,augmented,bumblebox-9_2026-03-15_06_30_03,bumblebox-9,/media/august/Expansion/Behavioral-Entropy-Pesticide-Dosing-Exps/MCs-17-and-18/2026-03-15/bumblebox-9_2026-03-15_06_30_03.mp4,,blur_compensation_10ppb,all available extra pre videos for MC17 to compensate blurry MC2 10ppb; MC16 has no pre source videos
75,7,post,true,MCs-17-and-18,17;18,2026-03-16,2026-03-19,post_dose_d_plus_3,06,30,augmented_extra,augmented,bumblebox-9_2026-03-19_06_30_03,bumblebox-9,/media/august/Expansion/Behavioral-Entropy-Pesticide-Dosing-Exps/MCs-17-and-18/2026-03-19/bumblebox-9_2026-03-19_06_30_03.mp4,,post_compensate_blurry_mc1_2,post compensation for blurry MC1/2: MC17 matches MC2 10ppb
76,7,pre,true,MCs-21-and-22,21;22,,2026-03-15,augmented_pre_exposure,06,30,augmented_extra,augmented,bumblebox-18_2026-03-15_06_30_04,bumblebox-18,/media/august/Expansion/Behavioral-Entropy-Pesticide-Dosing-Exps/MCs-21-and-22/2026-03-15/bumblebox-18_2026-03-15_06_30_04.mp4,,blur_compensation_0.5ppb,extra pre videos for MC21 to compensate blurry MC1 0.5ppb
77,7,post,true,MCs-21-and-22,21;22,2026-03-16,2026-03-18,post_dose_d_plus_2_substitute,06,30,augmented_extra,augmented,bumblebox-18_2026-03-18_06_30_04,bumblebox-18,/media/august/Expansion/Behavioral-Entropy-Pesticide-Dosing-Exps/MCs-21-and-22/2026-03-18/bumblebox-18_2026-03-18_06_30_04.mp4,,post_compensate_blurry_mc1_2,post compensation for blurry MC1/2: MC21 matches MC1 0.5ppb
78,8,pre,true,MCs-1-and-2,1;2,2026-02-23,2026-02-23,pre_exposure_folder,07,00,exact_hh00,partial_day,bumblebox-19_2026-02-23_07_00_03,bumblebox-19,/media/august/AutoPolls9/dose-curve-pesticide-data/MCs-1-and-2/pre-exposure/bumblebox-19_2026-02-23_07_00_03.mp4,/tmp/bumblebox_hourly_primary_mc1_8_explicit_links/MCs-1-and-2/pre/2026-02-23/bumblebox-19_2026-02-23_07_00_03.mp4,base_hourly,original hourly round-robin selection
79,8,post,true,MCs-1-and-2,1;2,2026-02-23,2026-02-26,post_exposure_folder,07,00,exact_hh00,full_24_hours,bumblebox-19_2026-02-26_07_00_04,bumblebox-19,/media/august/AutoPolls9/dose-curve-pesticide-data/MCs-1-and-2/post-exposure/bumblebox-19_2026-02-26_07_00_04.mp4,/tmp/bumblebox_hourly_primary_mc1_8_explicit_links/MCs-1-and-2/post/2026-02-26/bumblebox-19_2026-02-26_07_00_04.mp4,base_hourly,original hourly round-robin selection
80,8,pre,true,MCs-3-and-4,3;4,2026-02-23,2026-02-22,pre_exposure_folder,07,00,exact_hh00,full_24_hours,bumblebox-07_2026-02-22_07_00_03,bumblebox-07,/media/august/AutoPolls9/dose-curve-pesticide-data/MCs-3-and-4/pre-exposure/bumblebox-07_2026-02-22_07_00_03.mp4,/tmp/bumblebox_hourly_primary_mc1_8_explicit_links/MCs-3-and-4/pre/2026-02-22/bumblebox-07_2026-02-22_07_00_03.mp4,base_hourly,original hourly round-robin selection
81,8,post,true,MCs-3-and-4,3;4,2026-02-23,2026-02-26,post_exposure_folder,07,00,exact_hh00,full_24_hours,bumblebox-07_2026-02-26_07_00_03,bumblebox-07,/media/august/AutoPolls9/dose-curve-pesticide-data/MCs-3-and-4/post-exposure/bumblebox-07_2026-02-26_07_00_03.mp4,/tmp/bumblebox_hourly_primary_mc1_8_explicit_links/MCs-3-and-4/post/2026-02-26/bumblebox-07_2026-02-26_07_00_03.mp4,base_hourly,original hourly round-robin selection
82,8,post,true,MCs-5-and-6,5;6,2026-02-23,2026-02-26,post_exposure_folder,07,00,exact_hh00,full_24_hours,bumblebox-18_2026-02-26_07_00_03,bumblebox-18,/media/august/AutoPolls9/dose-curve-pesticide-data/MCs-5-and-6/post-exposure/bumblebox-18_2026-02-26_07_00_03.mp4,/tmp/bumblebox_hourly_primary_mc1_8_explicit_links/MCs-5-and-6/post/2026-02-26/bumblebox-18_2026-02-26_07_00_03.mp4,base_hourly,original hourly round-robin selection
83,8,post,true,MCs-7-and-8,7;8,2026-02-23,2026-02-26,post_exposure_folder,07,00,exact_hh00,full_24_hours,bumblebox-15_2026-02-26_07_00_03,bumblebox-15,/media/august/AutoPolls9/dose-curve-pesticide-data/MCs-7-and-8/post-exposure/bumblebox-15_2026-02-26_07_00_03.mp4,/tmp/bumblebox_hourly_primary_mc1_8_explicit_links/MCs-7-and-8/post/2026-02-26/bumblebox-15_2026-02-26_07_00_03.mp4,base_hourly,original hourly round-robin selection
84,8,pre,true,MCs-17-and-18,17;18,,2026-03-15,augmented_pre_exposure,07,30,augmented_extra,augmented,bumblebox-9_2026-03-15_07_30_03,bumblebox-9,/media/august/Expansion/Behavioral-Entropy-Pesticide-Dosing-Exps/MCs-17-and-18/2026-03-15/bumblebox-9_2026-03-15_07_30_03.mp4,,blur_compensation_10ppb,all available extra pre videos for MC17 to compensate blurry MC2 10ppb; MC16 has no pre source videos
85,9,pre,true,MCs-1-and-2,1;2,2026-02-23,2026-02-23,pre_exposure_folder,08,00,exact_hh00,partial_day,bumblebox-19_2026-02-23_08_00_06,bumblebox-19,/media/august/AutoPolls9/dose-curve-pesticide-data/MCs-1-and-2/pre-exposure/bumblebox-19_2026-02-23_08_00_06.mp4,/tmp/bumblebox_hourly_primary_mc1_8_explicit_links/MCs-1-and-2/pre/2026-02-23/bumblebox-19_2026-02-23_08_00_06.mp4,base_hourly,original hourly round-robin selection
86,9,pre,true,MCs-1-and-2,1;2,,2026-02-23,augmented_pre_exposure,08,50,augmented_extra,augmented,bumblebox-19_2026-02-23_08_50_03,bumblebox-19,/media/august/AutoPolls9/dose-curve-pesticide-data/MCs-1-and-2/pre-exposure/bumblebox-19_2026-02-23_08_50_03.mp4,,pre_fill_to_24_if_possible,fill MCs-1-and-2 pre from 16 toward 24 using non-hourly pre videos
87,9,post,true,MCs-1-and-2,1;2,2026-02-23,2026-02-26,post_exposure_folder,08,00,exact_hh00,full_24_hours,bumblebox-19_2026-02-26_08_00_03,bumblebox-19,/media/august/AutoPolls9/dose-curve-pesticide-data/MCs-1-and-2/post-exposure/bumblebox-19_2026-02-26_08_00_03.mp4,/tmp/bumblebox_hourly_primary_mc1_8_explicit_links/MCs-1-and-2/post/2026-02-26/bumblebox-19_2026-02-26_08_00_03.mp4,base_hourly,original hourly round-robin selection
88,9,pre,true,MCs-3-and-4,3;4,2026-02-23,2026-02-22,pre_exposure_folder,08,00,exact_hh00,full_24_hours,bumblebox-07_2026-02-22_08_00_03,bumblebox-07,/media/august/AutoPolls9/dose-curve-pesticide-data/MCs-3-and-4/pre-exposure/bumblebox-07_2026-02-22_08_00_03.mp4,/tmp/bumblebox_hourly_primary_mc1_8_explicit_links/MCs-3-and-4/pre/2026-02-22/bumblebox-07_2026-02-22_08_00_03.mp4,base_hourly,original hourly round-robin selection
89,9,post,true,MCs-3-and-4,3;4,2026-02-23,2026-02-26,post_exposure_folder,08,00,exact_hh00,full_24_hours,bumblebox-07_2026-02-26_08_00_03,bumblebox-07,/media/august/AutoPolls9/dose-curve-pesticide-data/MCs-3-and-4/post-exposure/bumblebox-07_2026-02-26_08_00_03.mp4,/tmp/bumblebox_hourly_primary_mc1_8_explicit_links/MCs-3-and-4/post/2026-02-26/bumblebox-07_2026-02-26_08_00_03.mp4,base_hourly,original hourly round-robin selection
90,9,post,true,MCs-5-and-6,5;6,2026-02-23,2026-02-26,post_exposure_folder,08,00,exact_hh00,full_24_hours,bumblebox-18_2026-02-26_08_00_04,bumblebox-18,/media/august/AutoPolls9/dose-curve-pesticide-data/MCs-5-and-6/post-exposure/bumblebox-18_2026-02-26_08_00_04.mp4,/tmp/bumblebox_hourly_primary_mc1_8_explicit_links/MCs-5-and-6/post/2026-02-26/bumblebox-18_2026-02-26_08_00_04.mp4,base_hourly,original hourly round-robin selection
91,9,post,true,MCs-7-and-8,7;8,2026-02-23,2026-02-26,post_exposure_folder,08,00,exact_hh00,full_24_hours,bumblebox-15_2026-02-26_08_00_03,bumblebox-15,/media/august/AutoPolls9/dose-curve-pesticide-data/MCs-7-and-8/post-exposure/bumblebox-15_2026-02-26_08_00_03.mp4,/tmp/bumblebox_hourly_primary_mc1_8_explicit_links/MCs-7-and-8/post/2026-02-26/bumblebox-15_2026-02-26_08_00_03.mp4,base_hourly,original hourly round-robin selection
92,9,pre,true,MCs-13-and-14,13;14,,2026-03-01,augmented_pre_exposure,08,30,augmented_extra,augmented,bumblebox-18_2026-03-01_08_30_04,bumblebox-18,/media/august/Expansion/Behavioral-Entropy-Pesticide-Dosing-Exps/MCs-13-and-14/2026-03-01/bumblebox-18_2026-03-01_08_30_04.mp4,,blur_compensation_0.5ppb,extra pre videos for MC14 to compensate blurry MC1 0.5ppb
93,9,post,true,MCs-13-and-14,13;14,2026-03-02,2026-03-05,post_dose_d_plus_3,08,30,augmented_extra,augmented,bumblebox-18_2026-03-05_08_30_04,bumblebox-18,/media/august/Expansion/Behavioral-Entropy-Pesticide-Dosing-Exps/MCs-13-and-14/2026-03-05/bumblebox-18_2026-03-05_08_30_04.mp4,,post_compensate_blurry_mc1_2,post compensation for blurry MC1/2: MC14 matches MC1 0.5ppb
94,9,post,true,MCs-15-and-16,15;16,2026-03-02,2026-03-05,post_dose_d_plus_3,08,30,augmented_extra,augmented,bumblebox-15_2026-03-05_08_30_04,bumblebox-15,/media/august/Expansion/Behavioral-Entropy-Pesticide-Dosing-Exps/MCs-15-and-16/2026-03-05/bumblebox-15_2026-03-05_08_30_04.mp4,,post_compensate_blurry_mc1_2,post compensation for blurry MC1/2: MC16 matches MC2 10ppb
95,9,pre,true,MCs-17-and-18,17;18,,2026-03-15,augmented_pre_exposure,08,30,augmented_extra,augmented,bumblebox-9_2026-03-15_08_30_03,bumblebox-9,/media/august/Expansion/Behavioral-Entropy-Pesticide-Dosing-Exps/MCs-17-and-18/2026-03-15/bumblebox-9_2026-03-15_08_30_03.mp4,,blur_compensation_10ppb,all available extra pre videos for MC17 to compensate blurry MC2 10ppb; MC16 has no pre source videos
96,9,post,true,MCs-17-and-18,17;18,2026-03-16,2026-03-19,post_dose_d_plus_3,08,30,augmented_extra,augmented,bumblebox-9_2026-03-19_08_30_03,bumblebox-9,/media/august/Expansion/Behavioral-Entropy-Pesticide-Dosing-Exps/MCs-17-and-18/2026-03-19/bumblebox-9_2026-03-19_08_30_03.mp4,,post_compensate_blurry_mc1_2,post compensation for blurry MC1/2: MC17 matches MC2 10ppb
97,9,pre,true,MCs-21-and-22,21;22,,2026-03-15,augmented_pre_exposure,08,30,augmented_extra,augmented,bumblebox-18_2026-03-15_08_30_04,bumblebox-18,/media/august/Expansion/Behavioral-Entropy-Pesticide-Dosing-Exps/MCs-21-and-22/2026-03-15/bumblebox-18_2026-03-15_08_30_04.mp4,,blur_compensation_0.5ppb,extra pre videos for MC21 to compensate blurry MC1 0.5ppb
98,9,post,true,MCs-21-and-22,21;22,2026-03-16,2026-03-18,post_dose_d_plus_2_substitute,08,30,augmented_extra,augmented,bumblebox-18_2026-03-18_08_30_03,bumblebox-18,/media/august/Expansion/Behavioral-Entropy-Pesticide-Dosing-Exps/MCs-21-and-22/2026-03-18/bumblebox-18_2026-03-18_08_30_03.mp4,,post_compensate_blurry_mc1_2,post compensation for blurry MC1/2: MC21 matches MC1 0.5ppb
99,10,post,true,MCs-1-and-2,1;2,2026-02-23,2026-02-26,post_exposure_folder,09,00,exact_hh00,full_24_hours,bumblebox-19_2026-02-26_09_00_04,bumblebox-19,/media/august/AutoPolls9/dose-curve-pesticide-data/MCs-1-and-2/post-exposure/bumblebox-19_2026-02-26_09_00_04.mp4,/tmp/bumblebox_hourly_primary_mc1_8_explicit_links/MCs-1-and-2/post/2026-02-26/bumblebox-19_2026-02-26_09_00_04.mp4,base_hourly,original hourly round-robin selection
100,10,pre,true,MCs-3-and-4,3;4,2026-02-23,2026-02-22,pre_exposure_folder,09,00,exact_hh00,full_24_hours,bumblebox-07_2026-02-22_09_00_03,bumblebox-07,/media/august/AutoPolls9/dose-curve-pesticide-data/MCs-3-and-4/pre-exposure/bumblebox-07_2026-02-22_09_00_03.mp4,/tmp/bumblebox_hourly_primary_mc1_8_explicit_links/MCs-3-and-4/pre/2026-02-22/bumblebox-07_2026-02-22_09_00_03.mp4,base_hourly,original hourly round-robin selection
101,10,post,true,MCs-3-and-4,3;4,2026-02-23,2026-02-26,post_exposure_folder,09,00,exact_hh00,full_24_hours,bumblebox-07_2026-02-26_09_00_03,bumblebox-07,/media/august/AutoPolls9/dose-curve-pesticide-data/MCs-3-and-4/post-exposure/bumblebox-07_2026-02-26_09_00_03.mp4,/tmp/bumblebox_hourly_primary_mc1_8_explicit_links/MCs-3-and-4/post/2026-02-26/bumblebox-07_2026-02-26_09_00_03.mp4,base_hourly,original hourly round-robin selection
102,10,post,true,MCs-5-and-6,5;6,2026-02-23,2026-02-26,post_exposure_folder,09,00,exact_hh00,full_24_hours,bumblebox-18_2026-02-26_09_00_04,bumblebox-18,/media/august/AutoPolls9/dose-curve-pesticide-data/MCs-5-and-6/post-exposure/bumblebox-18_2026-02-26_09_00_04.mp4,/tmp/bumblebox_hourly_primary_mc1_8_explicit_links/MCs-5-and-6/post/2026-02-26/bumblebox-18_2026-02-26_09_00_04.mp4,base_hourly,original hourly round-robin selection
103,10,post,true,MCs-7-and-8,7;8,2026-02-23,2026-02-26,post_exposure_folder,09,00,exact_hh00,full_24_hours,bumblebox-15_2026-02-26_09_00_03,bumblebox-15,/media/august/AutoPolls9/dose-curve-pesticide-data/MCs-7-and-8/post-exposure/bumblebox-15_2026-02-26_09_00_03.mp4,/tmp/bumblebox_hourly_primary_mc1_8_explicit_links/MCs-7-and-8/post/2026-02-26/bumblebox-15_2026-02-26_09_00_03.mp4,base_hourly,original hourly round-robin selection
104,10,pre,true,MCs-17-and-18,17;18,,2026-03-15,augmented_pre_exposure,09,30,augmented_extra,augmented,bumblebox-9_2026-03-15_09_30_03,bumblebox-9,/media/august/Expansion/Behavioral-Entropy-Pesticide-Dosing-Exps/MCs-17-and-18/2026-03-15/bumblebox-9_2026-03-15_09_30_03.mp4,,blur_compensation_10ppb,all available extra pre videos for MC17 to compensate blurry MC2 10ppb; MC16 has no pre source videos
105,11,post,true,MCs-1-and-2,1;2,2026-02-23,2026-02-26,post_exposure_folder,10,00,exact_hh00,full_24_hours,bumblebox-19_2026-02-26_10_00_04,bumblebox-19,/media/august/AutoPolls9/dose-curve-pesticide-data/MCs-1-and-2/post-exposure/bumblebox-19_2026-02-26_10_00_04.mp4,/tmp/bumblebox_hourly_primary_mc1_8_explicit_links/MCs-1-and-2/post/2026-02-26/bumblebox-19_2026-02-26_10_00_04.mp4,base_hourly,original hourly round-robin selection
106,11,pre,true,MCs-3-and-4,3;4,2026-02-23,2026-02-22,pre_exposure_folder,10,00,exact_hh00,full_24_hours,bumblebox-07_2026-02-22_10_00_03,bumblebox-07,/media/august/AutoPolls9/dose-curve-pesticide-data/MCs-3-and-4/pre-exposure/bumblebox-07_2026-02-22_10_00_03.mp4,/tmp/bumblebox_hourly_primary_mc1_8_explicit_links/MCs-3-and-4/pre/2026-02-22/bumblebox-07_2026-02-22_10_00_03.mp4,base_hourly,original hourly round-robin selection
107,11,post,true,MCs-3-and-4,3;4,2026-02-23,2026-02-26,post_exposure_folder,10,00,exact_hh00,full_24_hours,bumblebox-07_2026-02-26_10_00_03,bumblebox-07,/media/august/AutoPolls9/dose-curve-pesticide-data/MCs-3-and-4/post-exposure/bumblebox-07_2026-02-26_10_00_03.mp4,/tmp/bumblebox_hourly_primary_mc1_8_explicit_links/MCs-3-and-4/post/2026-02-26/bumblebox-07_2026-02-26_10_00_03.mp4,base_hourly,original hourly round-robin selection
108,11,post,true,MCs-5-and-6,5;6,2026-02-23,2026-02-26,post_exposure_folder,10,00,exact_hh00,full_24_hours,bumblebox-18_2026-02-26_10_00_04,bumblebox-18,/media/august/AutoPolls9/dose-curve-pesticide-data/MCs-5-and-6/post-exposure/bumblebox-18_2026-02-26_10_00_04.mp4,/tmp/bumblebox_hourly_primary_mc1_8_explicit_links/MCs-5-and-6/post/2026-02-26/bumblebox-18_2026-02-26_10_00_04.mp4,base_hourly,original hourly round-robin selection
109,11,post,true,MCs-7-and-8,7;8,2026-02-23,2026-02-26,post_exposure_folder,10,00,exact_hh00,full_24_hours,bumblebox-15_2026-02-26_10_00_03,bumblebox-15,/media/august/AutoPolls9/dose-curve-pesticide-data/MCs-7-and-8/post-exposure/bumblebox-15_2026-02-26_10_00_03.mp4,/tmp/bumblebox_hourly_primary_mc1_8_explicit_links/MCs-7-and-8/post/2026-02-26/bumblebox-15_2026-02-26_10_00_03.mp4,base_hourly,original hourly round-robin selection
110,11,pre,true,MCs-13-and-14,13;14,,2026-03-01,augmented_pre_exposure,10,30,augmented_extra,augmented,bumblebox-18_2026-03-01_10_30_04,bumblebox-18,/media/august/Expansion/Behavioral-Entropy-Pesticide-Dosing-Exps/MCs-13-and-14/2026-03-01/bumblebox-18_2026-03-01_10_30_04.mp4,,blur_compensation_0.5ppb,extra pre videos for MC14 to compensate blurry MC1 0.5ppb
111,11,post,true,MCs-13-and-14,13;14,2026-03-02,2026-03-05,post_dose_d_plus_3,10,30,augmented_extra,augmented,bumblebox-18_2026-03-05_10_30_04,bumblebox-18,/media/august/Expansion/Behavioral-Entropy-Pesticide-Dosing-Exps/MCs-13-and-14/2026-03-05/bumblebox-18_2026-03-05_10_30_04.mp4,,post_compensate_blurry_mc1_2,post compensation for blurry MC1/2: MC14 matches MC1 0.5ppb
112,11,post,true,MCs-15-and-16,15;16,2026-03-02,2026-03-05,post_dose_d_plus_3,10,30,augmented_extra,augmented,bumblebox-15_2026-03-05_10_30_04,bumblebox-15,/media/august/Expansion/Behavioral-Entropy-Pesticide-Dosing-Exps/MCs-15-and-16/2026-03-05/bumblebox-15_2026-03-05_10_30_04.mp4,,post_compensate_blurry_mc1_2,post compensation for blurry MC1/2: MC16 matches MC2 10ppb
113,11,pre,true,MCs-17-and-18,17;18,,2026-03-15,augmented_pre_exposure,10,30,augmented_extra,augmented,bumblebox-9_2026-03-15_10_30_04,bumblebox-9,/media/august/Expansion/Behavioral-Entropy-Pesticide-Dosing-Exps/MCs-17-and-18/2026-03-15/bumblebox-9_2026-03-15_10_30_04.mp4,,blur_compensation_10ppb,all available extra pre videos for MC17 to compensate blurry MC2 10ppb; MC16 has no pre source videos
114,11,post,true,MCs-17-and-18,17;18,2026-03-16,2026-03-19,post_dose_d_plus_3,10,30,augmented_extra,augmented,bumblebox-9_2026-03-19_10_30_03,bumblebox-9,/media/august/Expansion/Behavioral-Entropy-Pesticide-Dosing-Exps/MCs-17-and-18/2026-03-19/bumblebox-9_2026-03-19_10_30_03.mp4,,post_compensate_blurry_mc1_2,post compensation for blurry MC1/2: MC17 matches MC2 10ppb
115,11,pre,true,MCs-21-and-22,21;22,,2026-03-15,augmented_pre_exposure,10,30,augmented_extra,augmented,bumblebox-18_2026-03-15_10_30_04,bumblebox-18,/media/august/Expansion/Behavioral-Entropy-Pesticide-Dosing-Exps/MCs-21-and-22/2026-03-15/bumblebox-18_2026-03-15_10_30_04.mp4,,blur_compensation_0.5ppb,extra pre videos for MC21 to compensate blurry MC1 0.5ppb
116,11,post,true,MCs-21-and-22,21;22,2026-03-16,2026-03-18,post_dose_d_plus_2_substitute,10,30,augmented_extra,augmented,bumblebox-18_2026-03-18_10_30_03,bumblebox-18,/media/august/Expansion/Behavioral-Entropy-Pesticide-Dosing-Exps/MCs-21-and-22/2026-03-18/bumblebox-18_2026-03-18_10_30_03.mp4,,post_compensate_blurry_mc1_2,post compensation for blurry MC1/2: MC21 matches MC1 0.5ppb
117,12,post,true,MCs-1-and-2,1;2,2026-02-23,2026-02-26,post_exposure_folder,11,00,exact_hh00,full_24_hours,bumblebox-19_2026-02-26_11_00_05,bumblebox-19,/media/august/AutoPolls9/dose-curve-pesticide-data/MCs-1-and-2/post-exposure/bumblebox-19_2026-02-26_11_00_05.mp4,/tmp/bumblebox_hourly_primary_mc1_8_explicit_links/MCs-1-and-2/post/2026-02-26/bumblebox-19_2026-02-26_11_00_05.mp4,base_hourly,original hourly round-robin selection
118,12,pre,true,MCs-3-and-4,3;4,2026-02-23,2026-02-22,pre_exposure_folder,11,00,exact_hh00,full_24_hours,bumblebox-07_2026-02-22_11_00_03,bumblebox-07,/media/august/AutoPolls9/dose-curve-pesticide-data/MCs-3-and-4/pre-exposure/bumblebox-07_2026-02-22_11_00_03.mp4,/tmp/bumblebox_hourly_primary_mc1_8_explicit_links/MCs-3-and-4/pre/2026-02-22/bumblebox-07_2026-02-22_11_00_03.mp4,base_hourly,original hourly round-robin selection
119,12,post,true,MCs-3-and-4,3;4,2026-02-23,2026-02-26,post_exposure_folder,11,00,exact_hh00,full_24_hours,bumblebox-07_2026-02-26_11_00_03,bumblebox-07,/media/august/AutoPolls9/dose-curve-pesticide-data/MCs-3-and-4/post-exposure/bumblebox-07_2026-02-26_11_00_03.mp4,/tmp/bumblebox_hourly_primary_mc1_8_explicit_links/MCs-3-and-4/post/2026-02-26/bumblebox-07_2026-02-26_11_00_03.mp4,base_hourly,original hourly round-robin selection
120,12,post,true,MCs-5-and-6,5;6,2026-02-23,2026-02-26,post_exposure_folder,11,00,exact_hh00,full_24_hours,bumblebox-18_2026-02-26_11_00_03,bumblebox-18,/media/august/AutoPolls9/dose-curve-pesticide-data/MCs-5-and-6/post-exposure/bumblebox-18_2026-02-26_11_00_03.mp4,/tmp/bumblebox_hourly_primary_mc1_8_explicit_links/MCs-5-and-6/post/2026-02-26/bumblebox-18_2026-02-26_11_00_03.mp4,base_hourly,original hourly round-robin selection
121,12,post,true,MCs-7-and-8,7;8,2026-02-23,2026-02-26,post_exposure_folder,11,00,exact_hh00,full_24_hours,bumblebox-15_2026-02-26_11_00_03,bumblebox-15,/media/august/AutoPolls9/dose-curve-pesticide-data/MCs-7-and-8/post-exposure/bumblebox-15_2026-02-26_11_00_03.mp4,/tmp/bumblebox_hourly_primary_mc1_8_explicit_links/MCs-7-and-8/post/2026-02-26/bumblebox-15_2026-02-26_11_00_03.mp4,base_hourly,original hourly round-robin selection
122,12,pre,true,MCs-17-and-18,17;18,,2026-03-15,augmented_pre_exposure,11,30,augmented_extra,augmented,bumblebox-9_2026-03-15_11_30_03,bumblebox-9,/media/august/Expansion/Behavioral-Entropy-Pesticide-Dosing-Exps/MCs-17-and-18/2026-03-15/bumblebox-9_2026-03-15_11_30_03.mp4,,blur_compensation_10ppb,all available extra pre videos for MC17 to compensate blurry MC2 10ppb; MC16 has no pre source videos
123,13,post,true,MCs-1-and-2,1;2,2026-02-23,2026-02-26,post_exposure_folder,12,00,exact_hh00,full_24_hours,bumblebox-19_2026-02-26_12_00_05,bumblebox-19,/media/august/AutoPolls9/dose-curve-pesticide-data/MCs-1-and-2/post-exposure/bumblebox-19_2026-02-26_12_00_05.mp4,/tmp/bumblebox_hourly_primary_mc1_8_explicit_links/MCs-1-and-2/post/2026-02-26/bumblebox-19_2026-02-26_12_00_05.mp4,base_hourly,original hourly round-robin selection
124,13,pre,true,MCs-3-and-4,3;4,2026-02-23,2026-02-22,pre_exposure_folder,12,00,exact_hh00,full_24_hours,bumblebox-07_2026-02-22_12_00_03,bumblebox-07,/media/august/AutoPolls9/dose-curve-pesticide-data/MCs-3-and-4/pre-exposure/bumblebox-07_2026-02-22_12_00_03.mp4,/tmp/bumblebox_hourly_primary_mc1_8_explicit_links/MCs-3-and-4/pre/2026-02-22/bumblebox-07_2026-02-22_12_00_03.mp4,base_hourly,original hourly round-robin selection
125,13,post,true,MCs-3-and-4,3;4,2026-02-23,2026-02-26,post_exposure_folder,12,00,exact_hh00,full_24_hours,bumblebox-07_2026-02-26_12_00_03,bumblebox-07,/media/august/AutoPolls9/dose-curve-pesticide-data/MCs-3-and-4/post-exposure/bumblebox-07_2026-02-26_12_00_03.mp4,/tmp/bumblebox_hourly_primary_mc1_8_explicit_links/MCs-3-and-4/post/2026-02-26/bumblebox-07_2026-02-26_12_00_03.mp4,base_hourly,original hourly round-robin selection
126,13,post,true,MCs-5-and-6,5;6,2026-02-23,2026-02-26,post_exposure_folder,12,00,exact_hh00,full_24_hours,bumblebox-18_2026-02-26_12_00_05,bumblebox-18,/media/august/AutoPolls9/dose-curve-pesticide-data/MCs-5-and-6/post-exposure/bumblebox-18_2026-02-26_12_00_05.mp4,/tmp/bumblebox_hourly_primary_mc1_8_explicit_links/MCs-5-and-6/post/2026-02-26/bumblebox-18_2026-02-26_12_00_05.mp4,base_hourly,original hourly round-robin selection
127,13,post,true,MCs-7-and-8,7;8,2026-02-23,2026-02-26,post_exposure_folder,12,00,exact_hh00,full_24_hours,bumblebox-15_2026-02-26_12_00_03,bumblebox-15,/media/august/AutoPolls9/dose-curve-pesticide-data/MCs-7-and-8/post-exposure/bumblebox-15_2026-02-26_12_00_03.mp4,/tmp/bumblebox_hourly_primary_mc1_8_explicit_links/MCs-7-and-8/post/2026-02-26/bumblebox-15_2026-02-26_12_00_03.mp4,base_hourly,original hourly round-robin selection
128,13,pre,true,MCs-13-and-14,13;14,,2026-03-01,augmented_pre_exposure,12,30,augmented_extra,augmented,bumblebox-18_2026-03-01_12_30_04,bumblebox-18,/media/august/Expansion/Behavioral-Entropy-Pesticide-Dosing-Exps/MCs-13-and-14/2026-03-01/bumblebox-18_2026-03-01_12_30_04.mp4,,blur_compensation_0.5ppb,extra pre videos for MC14 to compensate blurry MC1 0.5ppb
129,13,post,true,MCs-13-and-14,13;14,2026-03-02,2026-03-05,post_dose_d_plus_3,12,30,augmented_extra,augmented,bumblebox-18_2026-03-05_12_30_04,bumblebox-18,/media/august/Expansion/Behavioral-Entropy-Pesticide-Dosing-Exps/MCs-13-and-14/2026-03-05/bumblebox-18_2026-03-05_12_30_04.mp4,,post_compensate_blurry_mc1_2,post compensation for blurry MC1/2: MC14 matches MC1 0.5ppb
130,13,post,true,MCs-15-and-16,15;16,2026-03-02,2026-03-05,post_dose_d_plus_3,12,30,augmented_extra,augmented,bumblebox-15_2026-03-05_12_30_04,bumblebox-15,/media/august/Expansion/Behavioral-Entropy-Pesticide-Dosing-Exps/MCs-15-and-16/2026-03-05/bumblebox-15_2026-03-05_12_30_04.mp4,,post_compensate_blurry_mc1_2,post compensation for blurry MC1/2: MC16 matches MC2 10ppb
131,13,pre,true,MCs-17-and-18,17;18,,2026-03-15,augmented_pre_exposure,12,30,augmented_extra,augmented,bumblebox-9_2026-03-15_12_30_03,bumblebox-9,/media/august/Expansion/Behavioral-Entropy-Pesticide-Dosing-Exps/MCs-17-and-18/2026-03-15/bumblebox-9_2026-03-15_12_30_03.mp4,,blur_compensation_10ppb,all available extra pre videos for MC17 to compensate blurry MC2 10ppb; MC16 has no pre source videos
132,13,post,true,MCs-17-and-18,17;18,2026-03-16,2026-03-19,post_dose_d_plus_3,12,30,augmented_extra,augmented,bumblebox-9_2026-03-19_12_30_03,bumblebox-9,/media/august/Expansion/Behavioral-Entropy-Pesticide-Dosing-Exps/MCs-17-and-18/2026-03-19/bumblebox-9_2026-03-19_12_30_03.mp4,,post_compensate_blurry_mc1_2,post compensation for blurry MC1/2: MC17 matches MC2 10ppb
133,13,pre,true,MCs-21-and-22,21;22,,2026-03-15,augmented_pre_exposure,12,30,augmented_extra,augmented,bumblebox-18_2026-03-15_12_30_04,bumblebox-18,/media/august/Expansion/Behavioral-Entropy-Pesticide-Dosing-Exps/MCs-21-and-22/2026-03-15/bumblebox-18_2026-03-15_12_30_04.mp4,,blur_compensation_0.5ppb,extra pre videos for MC21 to compensate blurry MC1 0.5ppb
134,13,post,true,MCs-21-and-22,21;22,2026-03-16,2026-03-18,post_dose_d_plus_2_substitute,12,30,augmented_extra,augmented,bumblebox-18_2026-03-18_12_30_03,bumblebox-18,/media/august/Expansion/Behavioral-Entropy-Pesticide-Dosing-Exps/MCs-21-and-22/2026-03-18/bumblebox-18_2026-03-18_12_30_03.mp4,,post_compensate_blurry_mc1_2,post compensation for blurry MC1/2: MC21 matches MC1 0.5ppb
135,14,post,true,MCs-1-and-2,1;2,2026-02-23,2026-02-26,post_exposure_folder,13,00,exact_hh00,full_24_hours,bumblebox-19_2026-02-26_13_00_03,bumblebox-19,/media/august/AutoPolls9/dose-curve-pesticide-data/MCs-1-and-2/post-exposure/bumblebox-19_2026-02-26_13_00_03.mp4,/tmp/bumblebox_hourly_primary_mc1_8_explicit_links/MCs-1-and-2/post/2026-02-26/bumblebox-19_2026-02-26_13_00_03.mp4,base_hourly,original hourly round-robin selection
136,14,pre,true,MCs-3-and-4,3;4,2026-02-23,2026-02-22,pre_exposure_folder,13,00,exact_hh00,full_24_hours,bumblebox-07_2026-02-22_13_00_03,bumblebox-07,/media/august/AutoPolls9/dose-curve-pesticide-data/MCs-3-and-4/pre-exposure/bumblebox-07_2026-02-22_13_00_03.mp4,/tmp/bumblebox_hourly_primary_mc1_8_explicit_links/MCs-3-and-4/pre/2026-02-22/bumblebox-07_2026-02-22_13_00_03.mp4,base_hourly,original hourly round-robin selection
137,14,post,true,MCs-3-and-4,3;4,2026-02-23,2026-02-26,post_exposure_folder,13,00,exact_hh00,full_24_hours,bumblebox-07_2026-02-26_13_00_03,bumblebox-07,/media/august/AutoPolls9/dose-curve-pesticide-data/MCs-3-and-4/post-exposure/bumblebox-07_2026-02-26_13_00_03.mp4,/tmp/bumblebox_hourly_primary_mc1_8_explicit_links/MCs-3-and-4/post/2026-02-26/bumblebox-07_2026-02-26_13_00_03.mp4,base_hourly,original hourly round-robin selection
138,14,post,true,MCs-5-and-6,5;6,2026-02-23,2026-02-26,post_exposure_folder,13,00,exact_hh00,full_24_hours,bumblebox-18_2026-02-26_13_00_04,bumblebox-18,/media/august/AutoPolls9/dose-curve-pesticide-data/MCs-5-and-6/post-exposure/bumblebox-18_2026-02-26_13_00_04.mp4,/tmp/bumblebox_hourly_primary_mc1_8_explicit_links/MCs-5-and-6/post/2026-02-26/bumblebox-18_2026-02-26_13_00_04.mp4,base_hourly,original hourly round-robin selection
139,14,post,true,MCs-7-and-8,7;8,2026-02-23,2026-02-26,post_exposure_folder,13,00,exact_hh00,full_24_hours,bumblebox-15_2026-02-26_13_00_03,bumblebox-15,/media/august/AutoPolls9/dose-curve-pesticide-data/MCs-7-and-8/post-exposure/bumblebox-15_2026-02-26_13_00_03.mp4,/tmp/bumblebox_hourly_primary_mc1_8_explicit_links/MCs-7-and-8/post/2026-02-26/bumblebox-15_2026-02-26_13_00_03.mp4,base_hourly,original hourly round-robin selection
140,14,pre,true,MCs-17-and-18,17;18,,2026-03-15,augmented_pre_exposure,13,30,augmented_extra,augmented,bumblebox-9_2026-03-15_13_30_03,bumblebox-9,/media/august/Expansion/Behavioral-Entropy-Pesticide-Dosing-Exps/MCs-17-and-18/2026-03-15/bumblebox-9_2026-03-15_13_30_03.mp4,,blur_compensation_10ppb,all available extra pre videos for MC17 to compensate blurry MC2 10ppb; MC16 has no pre source videos
141,15,post,true,MCs-1-and-2,1;2,2026-02-23,2026-02-26,post_exposure_folder,14,00,exact_hh00,full_24_hours,bumblebox-19_2026-02-26_14_00_05,bumblebox-19,/media/august/AutoPolls9/dose-curve-pesticide-data/MCs-1-and-2/post-exposure/bumblebox-19_2026-02-26_14_00_05.mp4,/tmp/bumblebox_hourly_primary_mc1_8_explicit_links/MCs-1-and-2/post/2026-02-26/bumblebox-19_2026-02-26_14_00_05.mp4,base_hourly,original hourly round-robin selection
142,15,pre,true,MCs-3-and-4,3;4,2026-02-23,2026-02-22,pre_exposure_folder,14,00,exact_hh00,full_24_hours,bumblebox-07_2026-02-22_14_00_03,bumblebox-07,/media/august/AutoPolls9/dose-curve-pesticide-data/MCs-3-and-4/pre-exposure/bumblebox-07_2026-02-22_14_00_03.mp4,/tmp/bumblebox_hourly_primary_mc1_8_explicit_links/MCs-3-and-4/pre/2026-02-22/bumblebox-07_2026-02-22_14_00_03.mp4,base_hourly,original hourly round-robin selection
143,15,post,true,MCs-3-and-4,3;4,2026-02-23,2026-02-26,post_exposure_folder,14,00,exact_hh00,full_24_hours,bumblebox-07_2026-02-26_14_00_03,bumblebox-07,/media/august/AutoPolls9/dose-curve-pesticide-data/MCs-3-and-4/post-exposure/bumblebox-07_2026-02-26_14_00_03.mp4,/tmp/bumblebox_hourly_primary_mc1_8_explicit_links/MCs-3-and-4/post/2026-02-26/bumblebox-07_2026-02-26_14_00_03.mp4,base_hourly,original hourly round-robin selection
144,15,post,true,MCs-5-and-6,5;6,2026-02-23,2026-02-26,post_exposure_folder,14,00,exact_hh00,full_24_hours,bumblebox-18_2026-02-26_14_00_04,bumblebox-18,/media/august/AutoPolls9/dose-curve-pesticide-data/MCs-5-and-6/post-exposure/bumblebox-18_2026-02-26_14_00_04.mp4,/tmp/bumblebox_hourly_primary_mc1_8_explicit_links/MCs-5-and-6/post/2026-02-26/bumblebox-18_2026-02-26_14_00_04.mp4,base_hourly,original hourly round-robin selection
145,15,post,true,MCs-7-and-8,7;8,2026-02-23,2026-02-26,post_exposure_folder,14,00,exact_hh00,full_24_hours,bumblebox-15_2026-02-26_14_00_02,bumblebox-15,/media/august/AutoPolls9/dose-curve-pesticide-data/MCs-7-and-8/post-exposure/bumblebox-15_2026-02-26_14_00_02.mp4,/tmp/bumblebox_hourly_primary_mc1_8_explicit_links/MCs-7-and-8/post/2026-02-26/bumblebox-15_2026-02-26_14_00_02.mp4,base_hourly,original hourly round-robin selection
146,15,pre,true,MCs-13-and-14,13;14,,2026-03-01,augmented_pre_exposure,14,30,augmented_extra,augmented,bumblebox-18_2026-03-01_14_30_03,bumblebox-18,/media/august/Expansion/Behavioral-Entropy-Pesticide-Dosing-Exps/MCs-13-and-14/2026-03-01/bumblebox-18_2026-03-01_14_30_03.mp4,,blur_compensation_0.5ppb,extra pre videos for MC14 to compensate blurry MC1 0.5ppb
147,15,post,true,MCs-13-and-14,13;14,2026-03-02,2026-03-05,post_dose_d_plus_3,14,30,augmented_extra,augmented,bumblebox-18_2026-03-05_14_30_03,bumblebox-18,/media/august/Expansion/Behavioral-Entropy-Pesticide-Dosing-Exps/MCs-13-and-14/2026-03-05/bumblebox-18_2026-03-05_14_30_03.mp4,,post_compensate_blurry_mc1_2,post compensation for blurry MC1/2: MC14 matches MC1 0.5ppb
148,15,post,true,MCs-15-and-16,15;16,2026-03-02,2026-03-05,post_dose_d_plus_3,14,30,augmented_extra,augmented,bumblebox-15_2026-03-05_14_30_04,bumblebox-15,/media/august/Expansion/Behavioral-Entropy-Pesticide-Dosing-Exps/MCs-15-and-16/2026-03-05/bumblebox-15_2026-03-05_14_30_04.mp4,,post_compensate_blurry_mc1_2,post compensation for blurry MC1/2: MC16 matches MC2 10ppb
149,15,pre,true,MCs-17-and-18,17;18,,2026-03-15,augmented_pre_exposure,14,30,augmented_extra,augmented,bumblebox-9_2026-03-15_14_30_02,bumblebox-9,/media/august/Expansion/Behavioral-Entropy-Pesticide-Dosing-Exps/MCs-17-and-18/2026-03-15/bumblebox-9_2026-03-15_14_30_02.mp4,,blur_compensation_10ppb,all available extra pre videos for MC17 to compensate blurry MC2 10ppb; MC16 has no pre source videos
150,15,post,true,MCs-17-and-18,17;18,2026-03-16,2026-03-19,post_dose_d_plus_3,14,30,augmented_extra,augmented,bumblebox-9_2026-03-19_14_30_05,bumblebox-9,/media/august/Expansion/Behavioral-Entropy-Pesticide-Dosing-Exps/MCs-17-and-18/2026-03-19/bumblebox-9_2026-03-19_14_30_05.mp4,,post_compensate_blurry_mc1_2,post compensation for blurry MC1/2: MC17 matches MC2 10ppb
151,15,pre,true,MCs-21-and-22,21;22,,2026-03-15,augmented_pre_exposure,14,30,augmented_extra,augmented,bumblebox-18_2026-03-15_14_30_04,bumblebox-18,/media/august/Expansion/Behavioral-Entropy-Pesticide-Dosing-Exps/MCs-21-and-22/2026-03-15/bumblebox-18_2026-03-15_14_30_04.mp4,,blur_compensation_0.5ppb,extra pre videos for MC21 to compensate blurry MC1 0.5ppb
152,15,post,true,MCs-21-and-22,21;22,2026-03-16,2026-03-18,post_dose_d_plus_2_substitute,14,30,augmented_extra,augmented,bumblebox-18_2026-03-18_14_30_03,bumblebox-18,/media/august/Expansion/Behavioral-Entropy-Pesticide-Dosing-Exps/MCs-21-and-22/2026-03-18/bumblebox-18_2026-03-18_14_30_03.mp4,,post_compensate_blurry_mc1_2,post compensation for blurry MC1/2: MC21 matches MC1 0.5ppb
153,16,post,true,MCs-1-and-2,1;2,2026-02-23,2026-02-26,post_exposure_folder,15,00,exact_hh00,full_24_hours,bumblebox-19_2026-02-26_15_00_04,bumblebox-19,/media/august/AutoPolls9/dose-curve-pesticide-data/MCs-1-and-2/post-exposure/bumblebox-19_2026-02-26_15_00_04.mp4,/tmp/bumblebox_hourly_primary_mc1_8_explicit_links/MCs-1-and-2/post/2026-02-26/bumblebox-19_2026-02-26_15_00_04.mp4,base_hourly,original hourly round-robin selection
154,16,pre,true,MCs-3-and-4,3;4,2026-02-23,2026-02-22,pre_exposure_folder,15,00,exact_hh00,full_24_hours,bumblebox-07_2026-02-22_15_00_03,bumblebox-07,/media/august/AutoPolls9/dose-curve-pesticide-data/MCs-3-and-4/pre-exposure/bumblebox-07_2026-02-22_15_00_03.mp4,/tmp/bumblebox_hourly_primary_mc1_8_explicit_links/MCs-3-and-4/pre/2026-02-22/bumblebox-07_2026-02-22_15_00_03.mp4,base_hourly,original hourly round-robin selection
155,16,post,true,MCs-3-and-4,3;4,2026-02-23,2026-02-26,post_exposure_folder,15,00,exact_hh00,full_24_hours,bumblebox-07_2026-02-26_15_00_03,bumblebox-07,/media/august/AutoPolls9/dose-curve-pesticide-data/MCs-3-and-4/post-exposure/bumblebox-07_2026-02-26_15_00_03.mp4,/tmp/bumblebox_hourly_primary_mc1_8_explicit_links/MCs-3-and-4/post/2026-02-26/bumblebox-07_2026-02-26_15_00_03.mp4,base_hourly,original hourly round-robin selection
156,16,post,true,MCs-5-and-6,5;6,2026-02-23,2026-02-26,post_exposure_folder,15,00,exact_hh00,full_24_hours,bumblebox-18_2026-02-26_15_00_04,bumblebox-18,/media/august/AutoPolls9/dose-curve-pesticide-data/MCs-5-and-6/post-exposure/bumblebox-18_2026-02-26_15_00_04.mp4,/tmp/bumblebox_hourly_primary_mc1_8_explicit_links/MCs-5-and-6/post/2026-02-26/bumblebox-18_2026-02-26_15_00_04.mp4,base_hourly,original hourly round-robin selection
157,16,post,true,MCs-7-and-8,7;8,2026-02-23,2026-02-26,post_exposure_folder,15,00,exact_hh00,full_24_hours,bumblebox-15_2026-02-26_15_00_03,bumblebox-15,/media/august/AutoPolls9/dose-curve-pesticide-data/MCs-7-and-8/post-exposure/bumblebox-15_2026-02-26_15_00_03.mp4,/tmp/bumblebox_hourly_primary_mc1_8_explicit_links/MCs-7-and-8/post/2026-02-26/bumblebox-15_2026-02-26_15_00_03.mp4,base_hourly,original hourly round-robin selection
158,16,pre,true,MCs-17-and-18,17;18,,2026-03-15,augmented_pre_exposure,15,30,augmented_extra,augmented,bumblebox-9_2026-03-15_15_30_03,bumblebox-9,/media/august/Expansion/Behavioral-Entropy-Pesticide-Dosing-Exps/MCs-17-and-18/2026-03-15/bumblebox-9_2026-03-15_15_30_03.mp4,,blur_compensation_10ppb,all available extra pre videos for MC17 to compensate blurry MC2 10ppb; MC16 has no pre source videos
159,17,post,true,MCs-1-and-2,1;2,2026-02-23,2026-02-26,post_exposure_folder,16,00,exact_hh00,full_24_hours,bumblebox-19_2026-02-26_16_00_05,bumblebox-19,/media/august/AutoPolls9/dose-curve-pesticide-data/MCs-1-and-2/post-exposure/bumblebox-19_2026-02-26_16_00_05.mp4,/tmp/bumblebox_hourly_primary_mc1_8_explicit_links/MCs-1-and-2/post/2026-02-26/bumblebox-19_2026-02-26_16_00_05.mp4,base_hourly,original hourly round-robin selection
160,17,pre,true,MCs-3-and-4,3;4,2026-02-23,2026-02-22,pre_exposure_folder,16,00,exact_hh00,full_24_hours,bumblebox-07_2026-02-22_16_00_02,bumblebox-07,/media/august/AutoPolls9/dose-curve-pesticide-data/MCs-3-and-4/pre-exposure/bumblebox-07_2026-02-22_16_00_02.mp4,/tmp/bumblebox_hourly_primary_mc1_8_explicit_links/MCs-3-and-4/pre/2026-02-22/bumblebox-07_2026-02-22_16_00_02.mp4,base_hourly,original hourly round-robin selection
161,17,post,true,MCs-3-and-4,3;4,2026-02-23,2026-02-26,post_exposure_folder,16,00,exact_hh00,full_24_hours,bumblebox-07_2026-02-26_16_00_03,bumblebox-07,/media/august/AutoPolls9/dose-curve-pesticide-data/MCs-3-and-4/post-exposure/bumblebox-07_2026-02-26_16_00_03.mp4,/tmp/bumblebox_hourly_primary_mc1_8_explicit_links/MCs-3-and-4/post/2026-02-26/bumblebox-07_2026-02-26_16_00_03.mp4,base_hourly,original hourly round-robin selection
162,17,pre,true,MCs-5-and-6,5;6,,2026-02-22,augmented_pre_exposure,16,50,augmented_extra,augmented,bumblebox-18_2026-02-22_16_50_07,bumblebox-18,/media/august/AutoPolls9/dose-curve-pesticide-data/MCs-5-and-6/pre-exposure/bumblebox-18_2026-02-22_16_50_07.mp4,,pre_fill_to_24_if_possible,fill MCs-5-and-6 pre from 4 toward 22 using non-hourly pre videos
163,17,post,true,MCs-5-and-6,5;6,2026-02-23,2026-02-26,post_exposure_folder,16,00,exact_hh00,full_24_hours,bumblebox-18_2026-02-26_16_00_03,bumblebox-18,/media/august/AutoPolls9/dose-curve-pesticide-data/MCs-5-and-6/post-exposure/bumblebox-18_2026-02-26_16_00_03.mp4,/tmp/bumblebox_hourly_primary_mc1_8_explicit_links/MCs-5-and-6/post/2026-02-26/bumblebox-18_2026-02-26_16_00_03.mp4,base_hourly,original hourly round-robin selection
164,17,post,true,MCs-7-and-8,7;8,2026-02-23,2026-02-26,post_exposure_folder,16,00,exact_hh00,full_24_hours,bumblebox-15_2026-02-26_16_00_03,bumblebox-15,/media/august/AutoPolls9/dose-curve-pesticide-data/MCs-7-and-8/post-exposure/bumblebox-15_2026-02-26_16_00_03.mp4,/tmp/bumblebox_hourly_primary_mc1_8_explicit_links/MCs-7-and-8/post/2026-02-26/bumblebox-15_2026-02-26_16_00_03.mp4,base_hourly,original hourly round-robin selection
165,17,pre,true,MCs-13-and-14,13;14,,2026-03-01,augmented_pre_exposure,16,30,augmented_extra,augmented,bumblebox-18_2026-03-01_16_30_03,bumblebox-18,/media/august/Expansion/Behavioral-Entropy-Pesticide-Dosing-Exps/MCs-13-and-14/2026-03-01/bumblebox-18_2026-03-01_16_30_03.mp4,,blur_compensation_0.5ppb,extra pre videos for MC14 to compensate blurry MC1 0.5ppb
166,17,post,true,MCs-13-and-14,13;14,2026-03-02,2026-03-05,post_dose_d_plus_3,16,30,augmented_extra,augmented,bumblebox-18_2026-03-05_16_30_04,bumblebox-18,/media/august/Expansion/Behavioral-Entropy-Pesticide-Dosing-Exps/MCs-13-and-14/2026-03-05/bumblebox-18_2026-03-05_16_30_04.mp4,,post_compensate_blurry_mc1_2,post compensation for blurry MC1/2: MC14 matches MC1 0.5ppb
167,17,post,true,MCs-15-and-16,15;16,2026-03-02,2026-03-05,post_dose_d_plus_3,16,30,augmented_extra,augmented,bumblebox-15_2026-03-05_16_30_04,bumblebox-15,/media/august/Expansion/Behavioral-Entropy-Pesticide-Dosing-Exps/MCs-15-and-16/2026-03-05/bumblebox-15_2026-03-05_16_30_04.mp4,,post_compensate_blurry_mc1_2,post compensation for blurry MC1/2: MC16 matches MC2 10ppb
168,17,pre,true,MCs-17-and-18,17;18,,2026-03-15,augmented_pre_exposure,16,30,augmented_extra,augmented,bumblebox-9_2026-03-15_16_30_03,bumblebox-9,/media/august/Expansion/Behavioral-Entropy-Pesticide-Dosing-Exps/MCs-17-and-18/2026-03-15/bumblebox-9_2026-03-15_16_30_03.mp4,,blur_compensation_10ppb,all available extra pre videos for MC17 to compensate blurry MC2 10ppb; MC16 has no pre source videos
169,17,post,true,MCs-17-and-18,17;18,2026-03-16,2026-03-19,post_dose_d_plus_3,16,30,augmented_extra,augmented,bumblebox-9_2026-03-19_16_30_03,bumblebox-9,/media/august/Expansion/Behavioral-Entropy-Pesticide-Dosing-Exps/MCs-17-and-18/2026-03-19/bumblebox-9_2026-03-19_16_30_03.mp4,,post_compensate_blurry_mc1_2,post compensation for blurry MC1/2: MC17 matches MC2 10ppb
170,17,pre,true,MCs-21-and-22,21;22,,2026-03-15,augmented_pre_exposure,16,30,augmented_extra,augmented,bumblebox-18_2026-03-15_16_30_04,bumblebox-18,/media/august/Expansion/Behavioral-Entropy-Pesticide-Dosing-Exps/MCs-21-and-22/2026-03-15/bumblebox-18_2026-03-15_16_30_04.mp4,,blur_compensation_0.5ppb,extra pre videos for MC21 to compensate blurry MC1 0.5ppb
171,17,post,true,MCs-21-and-22,21;22,2026-03-16,2026-03-18,post_dose_d_plus_2_substitute,16,30,augmented_extra,augmented,bumblebox-18_2026-03-18_16_30_04,bumblebox-18,/media/august/Expansion/Behavioral-Entropy-Pesticide-Dosing-Exps/MCs-21-and-22/2026-03-18/bumblebox-18_2026-03-18_16_30_04.mp4,,post_compensate_blurry_mc1_2,post compensation for blurry MC1/2: MC21 matches MC1 0.5ppb
172,18,pre,true,MCs-1-and-2,1;2,2026-02-23,2026-02-22,pre_exposure_folder,17,30,fallback_hh30_missing_hh00,partial_day,bumblebox-19_2026-02-22_17_30_04,bumblebox-19,/media/august/AutoPolls9/dose-curve-pesticide-data/MCs-1-and-2/pre-exposure/bumblebox-19_2026-02-22_17_30_04.mp4,/tmp/bumblebox_hourly_primary_mc1_8_explicit_links/MCs-1-and-2/pre/2026-02-22/bumblebox-19_2026-02-22_17_30_04.mp4,base_hourly,original hourly round-robin selection
173,18,pre,true,MCs-1-and-2,1;2,,2026-02-22,augmented_pre_exposure,17,10,augmented_extra,augmented,bumblebox-19_2026-02-22_17_10_06,bumblebox-19,/media/august/AutoPolls9/dose-curve-pesticide-data/MCs-1-and-2/pre-exposure/bumblebox-19_2026-02-22_17_10_06.mp4,,pre_fill_to_24_if_possible,fill MCs-1-and-2 pre from 16 toward 24 using non-hourly pre videos
174,18,post,true,MCs-1-and-2,1;2,2026-02-23,2026-02-26,post_exposure_folder,17,00,exact_hh00,full_24_hours,bumblebox-19_2026-02-26_17_00_04,bumblebox-19,/media/august/AutoPolls9/dose-curve-pesticide-data/MCs-1-and-2/post-exposure/bumblebox-19_2026-02-26_17_00_04.mp4,/tmp/bumblebox_hourly_primary_mc1_8_explicit_links/MCs-1-and-2/post/2026-02-26/bumblebox-19_2026-02-26_17_00_04.mp4,base_hourly,original hourly round-robin selection
175,18,pre,true,MCs-3-and-4,3;4,2026-02-23,2026-02-22,pre_exposure_folder,17,00,exact_hh00,full_24_hours,bumblebox-07_2026-02-22_17_00_03,bumblebox-07,/media/august/AutoPolls9/dose-curve-pesticide-data/MCs-3-and-4/pre-exposure/bumblebox-07_2026-02-22_17_00_03.mp4,/tmp/bumblebox_hourly_primary_mc1_8_explicit_links/MCs-3-and-4/pre/2026-02-22/bumblebox-07_2026-02-22_17_00_03.mp4,base_hourly,original hourly round-robin selection
176,18,post,true,MCs-3-and-4,3;4,2026-02-23,2026-02-26,post_exposure_folder,17,00,exact_hh00,full_24_hours,bumblebox-07_2026-02-26_17_00_03,bumblebox-07,/media/august/AutoPolls9/dose-curve-pesticide-data/MCs-3-and-4/post-exposure/bumblebox-07_2026-02-26_17_00_03.mp4,/tmp/bumblebox_hourly_primary_mc1_8_explicit_links/MCs-3-and-4/post/2026-02-26/bumblebox-07_2026-02-26_17_00_03.mp4,base_hourly,original hourly round-robin selection
177,18,pre,true,MCs-5-and-6,5;6,2026-02-23,2026-02-22,pre_exposure_folder,17,00,exact_hh00,partial_day,bumblebox-18_2026-02-22_17_00_05,bumblebox-18,/media/august/AutoPolls9/dose-curve-pesticide-data/MCs-5-and-6/pre-exposure/bumblebox-18_2026-02-22_17_00_05.mp4,/tmp/bumblebox_hourly_primary_mc1_8_explicit_links/MCs-5-and-6/pre/2026-02-22/bumblebox-18_2026-02-22_17_00_05.mp4,base_hourly,original hourly round-robin selection
178,18,pre,true,MCs-5-and-6,5;6,,2026-02-22,augmented_pre_exposure,17,10,augmented_extra,augmented,bumblebox-18_2026-02-22_17_10_03,bumblebox-18,/media/august/AutoPolls9/dose-curve-pesticide-data/MCs-5-and-6/pre-exposure/bumblebox-18_2026-02-22_17_10_03.mp4,,pre_fill_to_24_if_possible,fill MCs-5-and-6 pre from 4 toward 22 using non-hourly pre videos
179,18,pre,true,MCs-5-and-6,5;6,,2026-02-22,augmented_pre_exposure,17,20,augmented_extra,augmented,bumblebox-18_2026-02-22_17_20_03,bumblebox-18,/media/august/AutoPolls9/dose-curve-pesticide-data/MCs-5-and-6/pre-exposure/bumblebox-18_2026-02-22_17_20_03.mp4,,pre_fill_to_24_if_possible,fill MCs-5-and-6 pre from 4 toward 22 using non-hourly pre videos
180,18,pre,true,MCs-5-and-6,5;6,,2026-02-22,augmented_pre_exposure,17,30,augmented_extra,augmented,bumblebox-18_2026-02-22_17_30_03,bumblebox-18,/media/august/AutoPolls9/dose-curve-pesticide-data/MCs-5-and-6/pre-exposure/bumblebox-18_2026-02-22_17_30_03.mp4,,pre_fill_to_24_if_possible,fill MCs-5-and-6 pre from 4 toward 22 using non-hourly pre videos
181,18,pre,true,MCs-5-and-6,5;6,,2026-02-22,augmented_pre_exposure,17,40,augmented_extra,augmented,bumblebox-18_2026-02-22_17_40_03,bumblebox-18,/media/august/AutoPolls9/dose-curve-pesticide-data/MCs-5-and-6/pre-exposure/bumblebox-18_2026-02-22_17_40_03.mp4,,pre_fill_to_24_if_possible,fill MCs-5-and-6 pre from 4 toward 22 using non-hourly pre videos
182,18,pre,true,MCs-5-and-6,5;6,,2026-02-22,augmented_pre_exposure,17,50,augmented_extra,augmented,bumblebox-18_2026-02-22_17_50_03,bumblebox-18,/media/august/AutoPolls9/dose-curve-pesticide-data/MCs-5-and-6/pre-exposure/bumblebox-18_2026-02-22_17_50_03.mp4,,pre_fill_to_24_if_possible,fill MCs-5-and-6 pre from 4 toward 22 using non-hourly pre videos
183,18,post,true,MCs-5-and-6,5;6,2026-02-23,2026-02-26,post_exposure_folder,17,00,exact_hh00,full_24_hours,bumblebox-18_2026-02-26_17_00_04,bumblebox-18,/media/august/AutoPolls9/dose-curve-pesticide-data/MCs-5-and-6/post-exposure/bumblebox-18_2026-02-26_17_00_04.mp4,/tmp/bumblebox_hourly_primary_mc1_8_explicit_links/MCs-5-and-6/post/2026-02-26/bumblebox-18_2026-02-26_17_00_04.mp4,base_hourly,original hourly round-robin selection
184,18,pre,true,MCs-7-and-8,7;8,2026-02-23,2026-02-22,pre_exposure_folder,17,00,exact_hh00,partial_day,bumblebox-15_2026-02-22_17_00_07,bumblebox-15,/media/august/AutoPolls9/dose-curve-pesticide-data/MCs-7-and-8/pre-exposure/bumblebox-15_2026-02-22_17_00_07.mp4,/tmp/bumblebox_hourly_primary_mc1_8_explicit_links/MCs-7-and-8/pre/2026-02-22/bumblebox-15_2026-02-22_17_00_07.mp4,base_hourly,original hourly round-robin selection
185,18,pre,true,MCs-7-and-8,7;8,,2026-02-22,augmented_pre_exposure,17,10,augmented_extra,augmented,bumblebox-15_2026-02-22_17_10_03,bumblebox-15,/media/august/AutoPolls9/dose-curve-pesticide-data/MCs-7-and-8/pre-exposure/bumblebox-15_2026-02-22_17_10_03.mp4,,pre_fill_to_24_if_possible,fill MCs-7-and-8 pre from 7 toward 24 using non-hourly pre videos
186,18,pre,true,MCs-7-and-8,7;8,,2026-02-22,augmented_pre_exposure,17,30,augmented_extra,augmented,bumblebox-15_2026-02-22_17_30_03,bumblebox-15,/media/august/AutoPolls9/dose-curve-pesticide-data/MCs-7-and-8/pre-exposure/bumblebox-15_2026-02-22_17_30_03.mp4,,pre_fill_to_24_if_possible,fill MCs-7-and-8 pre from 7 toward 24 using non-hourly pre videos
187,18,pre,true,MCs-7-and-8,7;8,,2026-02-22,augmented_pre_exposure,17,50,augmented_extra,augmented,bumblebox-15_2026-02-22_17_50_03,bumblebox-15,/media/august/AutoPolls9/dose-curve-pesticide-data/MCs-7-and-8/pre-exposure/bumblebox-15_2026-02-22_17_50_03.mp4,,pre_fill_to_24_if_possible,fill MCs-7-and-8 pre from 7 toward 24 using non-hourly pre videos
188,18,post,true,MCs-7-and-8,7;8,2026-02-23,2026-02-26,post_exposure_folder,17,00,exact_hh00,full_24_hours,bumblebox-15_2026-02-26_17_00_02,bumblebox-15,/media/august/AutoPolls9/dose-curve-pesticide-data/MCs-7-and-8/post-exposure/bumblebox-15_2026-02-26_17_00_02.mp4,/tmp/bumblebox_hourly_primary_mc1_8_explicit_links/MCs-7-and-8/post/2026-02-26/bumblebox-15_2026-02-26_17_00_02.mp4,base_hourly,original hourly round-robin selection
189,18,pre,true,MCs-17-and-18,17;18,,2026-03-15,augmented_pre_exposure,17,30,augmented_extra,augmented,bumblebox-9_2026-03-15_17_30_03,bumblebox-9,/media/august/Expansion/Behavioral-Entropy-Pesticide-Dosing-Exps/MCs-17-and-18/2026-03-15/bumblebox-9_2026-03-15_17_30_03.mp4,,blur_compensation_10ppb,all available extra pre videos for MC17 to compensate blurry MC2 10ppb; MC16 has no pre source videos
190,19,pre,true,MCs-1-and-2,1;2,2026-02-23,2026-02-22,pre_exposure_folder,18,00,exact_hh00,partial_day,bumblebox-19_2026-02-22_18_00_03,bumblebox-19,/media/august/AutoPolls9/dose-curve-pesticide-data/MCs-1-and-2/pre-exposure/bumblebox-19_2026-02-22_18_00_03.mp4,/tmp/bumblebox_hourly_primary_mc1_8_explicit_links/MCs-1-and-2/pre/2026-02-22/bumblebox-19_2026-02-22_18_00_03.mp4,base_hourly,original hourly round-robin selection
191,19,post,true,MCs-1-and-2,1;2,2026-02-23,2026-02-26,post_exposure_folder,18,00,exact_hh00,full_24_hours,bumblebox-19_2026-02-26_18_00_04,bumblebox-19,/media/august/AutoPolls9/dose-curve-pesticide-data/MCs-1-and-2/post-exposure/bumblebox-19_2026-02-26_18_00_04.mp4,/tmp/bumblebox_hourly_primary_mc1_8_explicit_links/MCs-1-and-2/post/2026-02-26/bumblebox-19_2026-02-26_18_00_04.mp4,base_hourly,original hourly round-robin selection
192,19,pre,true,MCs-3-and-4,3;4,2026-02-23,2026-02-22,pre_exposure_folder,18,00,exact_hh00,full_24_hours,bumblebox-07_2026-02-22_18_00_03,bumblebox-07,/media/august/AutoPolls9/dose-curve-pesticide-data/MCs-3-and-4/pre-exposure/bumblebox-07_2026-02-22_18_00_03.mp4,/tmp/bumblebox_hourly_primary_mc1_8_explicit_links/MCs-3-and-4/pre/2026-02-22/bumblebox-07_2026-02-22_18_00_03.mp4,base_hourly,original hourly round-robin selection
193,19,post,true,MCs-3-and-4,3;4,2026-02-23,2026-02-26,post_exposure_folder,18,00,exact_hh00,full_24_hours,bumblebox-07_2026-02-26_18_00_03,bumblebox-07,/media/august/AutoPolls9/dose-curve-pesticide-data/MCs-3-and-4/post-exposure/bumblebox-07_2026-02-26_18_00_03.mp4,/tmp/bumblebox_hourly_primary_mc1_8_explicit_links/MCs-3-and-4/post/2026-02-26/bumblebox-07_2026-02-26_18_00_03.mp4,base_hourly,original hourly round-robin selection
194,19,pre,true,MCs-5-and-6,5;6,2026-02-23,2026-02-22,pre_exposure_folder,18,00,exact_hh00,partial_day,bumblebox-18_2026-02-22_18_00_04,bumblebox-18,/media/august/AutoPolls9/dose-curve-pesticide-data/MCs-5-and-6/pre-exposure/bumblebox-18_2026-02-22_18_00_04.mp4,/tmp/bumblebox_hourly_primary_mc1_8_explicit_links/MCs-5-and-6/pre/2026-02-22/bumblebox-18_2026-02-22_18_00_04.mp4,base_hourly,original hourly round-robin selection
195,19,pre,true,MCs-5-and-6,5;6,,2026-02-22,augmented_pre_exposure,18,10,augmented_extra,augmented,bumblebox-18_2026-02-22_18_10_03,bumblebox-18,/media/august/AutoPolls9/dose-curve-pesticide-data/MCs-5-and-6/pre-exposure/bumblebox-18_2026-02-22_18_10_03.mp4,,pre_fill_to_24_if_possible,fill MCs-5-and-6 pre from 4 toward 22 using non-hourly pre videos
196,19,pre,true,MCs-5-and-6,5;6,,2026-02-22,augmented_pre_exposure,18,20,augmented_extra,augmented,bumblebox-18_2026-02-22_18_20_03,bumblebox-18,/media/august/AutoPolls9/dose-curve-pesticide-data/MCs-5-and-6/pre-exposure/bumblebox-18_2026-02-22_18_20_03.mp4,,pre_fill_to_24_if_possible,fill MCs-5-and-6 pre from 4 toward 22 using non-hourly pre videos
197,19,pre,true,MCs-5-and-6,5;6,,2026-02-22,augmented_pre_exposure,18,30,augmented_extra,augmented,bumblebox-18_2026-02-22_18_30_05,bumblebox-18,/media/august/AutoPolls9/dose-curve-pesticide-data/MCs-5-and-6/pre-exposure/bumblebox-18_2026-02-22_18_30_05.mp4,,pre_fill_to_24_if_possible,fill MCs-5-and-6 pre from 4 toward 22 using non-hourly pre videos
198,19,pre,true,MCs-5-and-6,5;6,,2026-02-22,augmented_pre_exposure,18,40,augmented_extra,augmented,bumblebox-18_2026-02-22_18_40_03,bumblebox-18,/media/august/AutoPolls9/dose-curve-pesticide-data/MCs-5-and-6/pre-exposure/bumblebox-18_2026-02-22_18_40_03.mp4,,pre_fill_to_24_if_possible,fill MCs-5-and-6 pre from 4 toward 22 using non-hourly pre videos
199,19,pre,true,MCs-5-and-6,5;6,,2026-02-22,augmented_pre_exposure,18,50,augmented_extra,augmented,bumblebox-18_2026-02-22_18_50_03,bumblebox-18,/media/august/AutoPolls9/dose-curve-pesticide-data/MCs-5-and-6/pre-exposure/bumblebox-18_2026-02-22_18_50_03.mp4,,pre_fill_to_24_if_possible,fill MCs-5-and-6 pre from 4 toward 22 using non-hourly pre videos
200,19,post,true,MCs-5-and-6,5;6,2026-02-23,2026-02-26,post_exposure_folder,18,00,exact_hh00,full_24_hours,bumblebox-18_2026-02-26_18_00_04,bumblebox-18,/media/august/AutoPolls9/dose-curve-pesticide-data/MCs-5-and-6/post-exposure/bumblebox-18_2026-02-26_18_00_04.mp4,/tmp/bumblebox_hourly_primary_mc1_8_explicit_links/MCs-5-and-6/post/2026-02-26/bumblebox-18_2026-02-26_18_00_04.mp4,base_hourly,original hourly round-robin selection
201,19,pre,true,MCs-7-and-8,7;8,2026-02-23,2026-02-22,pre_exposure_folder,18,00,exact_hh00,partial_day,bumblebox-15_2026-02-22_18_00_03,bumblebox-15,/media/august/AutoPolls9/dose-curve-pesticide-data/MCs-7-and-8/pre-exposure/bumblebox-15_2026-02-22_18_00_03.mp4,/tmp/bumblebox_hourly_primary_mc1_8_explicit_links/MCs-7-and-8/pre/2026-02-22/bumblebox-15_2026-02-22_18_00_03.mp4,base_hourly,original hourly round-robin selection
202,19,pre,true,MCs-7-and-8,7;8,,2026-02-22,augmented_pre_exposure,18,20,augmented_extra,augmented,bumblebox-15_2026-02-22_18_20_03,bumblebox-15,/media/august/AutoPolls9/dose-curve-pesticide-data/MCs-7-and-8/pre-exposure/bumblebox-15_2026-02-22_18_20_03.mp4,,pre_fill_to_24_if_possible,fill MCs-7-and-8 pre from 7 toward 24 using non-hourly pre videos
203,19,pre,true,MCs-7-and-8,7;8,,2026-02-22,augmented_pre_exposure,18,40,augmented_extra,augmented,bumblebox-15_2026-02-22_18_40_03,bumblebox-15,/media/august/AutoPolls9/dose-curve-pesticide-data/MCs-7-and-8/pre-exposure/bumblebox-15_2026-02-22_18_40_03.mp4,,pre_fill_to_24_if_possible,fill MCs-7-and-8 pre from 7 toward 24 using non-hourly pre videos
204,19,post,true,MCs-7-and-8,7;8,2026-02-23,2026-02-26,post_exposure_folder,18,00,exact_hh00,full_24_hours,bumblebox-15_2026-02-26_18_00_03,bumblebox-15,/media/august/AutoPolls9/dose-curve-pesticide-data/MCs-7-and-8/post-exposure/bumblebox-15_2026-02-26_18_00_03.mp4,/tmp/bumblebox_hourly_primary_mc1_8_explicit_links/MCs-7-and-8/post/2026-02-26/bumblebox-15_2026-02-26_18_00_03.mp4,base_hourly,original hourly round-robin selection
205,19,pre,true,MCs-13-and-14,13;14,,2026-03-01,augmented_pre_exposure,18,30,augmented_extra,augmented,bumblebox-18_2026-03-01_18_30_04,bumblebox-18,/media/august/Expansion/Behavioral-Entropy-Pesticide-Dosing-Exps/MCs-13-and-14/2026-03-01/bumblebox-18_2026-03-01_18_30_04.mp4,,blur_compensation_0.5ppb,extra pre videos for MC14 to compensate blurry MC1 0.5ppb
206,19,post,true,MCs-13-and-14,13;14,2026-03-02,2026-03-05,post_dose_d_plus_3,18,30,augmented_extra,augmented,bumblebox-18_2026-03-05_18_30_04,bumblebox-18,/media/august/Expansion/Behavioral-Entropy-Pesticide-Dosing-Exps/MCs-13-and-14/2026-03-05/bumblebox-18_2026-03-05_18_30_04.mp4,,post_compensate_blurry_mc1_2,post compensation for blurry MC1/2: MC14 matches MC1 0.5ppb
207,19,post,true,MCs-15-and-16,15;16,2026-03-02,2026-03-05,post_dose_d_plus_3,18,30,augmented_extra,augmented,bumblebox-15_2026-03-05_18_30_04,bumblebox-15,/media/august/Expansion/Behavioral-Entropy-Pesticide-Dosing-Exps/MCs-15-and-16/2026-03-05/bumblebox-15_2026-03-05_18_30_04.mp4,,post_compensate_blurry_mc1_2,post compensation for blurry MC1/2: MC16 matches MC2 10ppb
208,19,pre,true,MCs-17-and-18,17;18,,2026-03-15,augmented_pre_exposure,18,30,augmented_extra,augmented,bumblebox-9_2026-03-15_18_30_02,bumblebox-9,/media/august/Expansion/Behavioral-Entropy-Pesticide-Dosing-Exps/MCs-17-and-18/2026-03-15/bumblebox-9_2026-03-15_18_30_02.mp4,,blur_compensation_10ppb,all available extra pre videos for MC17 to compensate blurry MC2 10ppb; MC16 has no pre source videos
209,19,post,true,MCs-17-and-18,17;18,2026-03-16,2026-03-19,post_dose_d_plus_3,18,30,augmented_extra,augmented,bumblebox-9_2026-03-19_18_30_04,bumblebox-9,/media/august/Expansion/Behavioral-Entropy-Pesticide-Dosing-Exps/MCs-17-and-18/2026-03-19/bumblebox-9_2026-03-19_18_30_04.mp4,,post_compensate_blurry_mc1_2,post compensation for blurry MC1/2: MC17 matches MC2 10ppb
210,19,pre,true,MCs-21-and-22,21;22,,2026-03-15,augmented_pre_exposure,18,30,augmented_extra,augmented,bumblebox-18_2026-03-15_18_30_04,bumblebox-18,/media/august/Expansion/Behavioral-Entropy-Pesticide-Dosing-Exps/MCs-21-and-22/2026-03-15/bumblebox-18_2026-03-15_18_30_04.mp4,,blur_compensation_0.5ppb,extra pre videos for MC21 to compensate blurry MC1 0.5ppb
211,19,post,true,MCs-21-and-22,21;22,2026-03-16,2026-03-18,post_dose_d_plus_2_substitute,18,30,augmented_extra,augmented,bumblebox-18_2026-03-18_18_30_05,bumblebox-18,/media/august/Expansion/Behavioral-Entropy-Pesticide-Dosing-Exps/MCs-21-and-22/2026-03-18/bumblebox-18_2026-03-18_18_30_05.mp4,,post_compensate_blurry_mc1_2,post compensation for blurry MC1/2: MC21 matches MC1 0.5ppb
212,20,pre,true,MCs-1-and-2,1;2,2026-02-23,2026-02-22,pre_exposure_folder,19,00,exact_hh00,partial_day,bumblebox-19_2026-02-22_19_00_03,bumblebox-19,/media/august/AutoPolls9/dose-curve-pesticide-data/MCs-1-and-2/pre-exposure/bumblebox-19_2026-02-22_19_00_03.mp4,/tmp/bumblebox_hourly_primary_mc1_8_explicit_links/MCs-1-and-2/pre/2026-02-22/bumblebox-19_2026-02-22_19_00_03.mp4,base_hourly,original hourly round-robin selection
213,20,pre,true,MCs-1-and-2,1;2,,2026-02-22,augmented_pre_exposure,19,30,augmented_extra,augmented,bumblebox-19_2026-02-22_19_30_05,bumblebox-19,/media/august/AutoPolls9/dose-curve-pesticide-data/MCs-1-and-2/pre-exposure/bumblebox-19_2026-02-22_19_30_05.mp4,,pre_fill_to_24_if_possible,fill MCs-1-and-2 pre from 16 toward 24 using non-hourly pre videos
214,20,post,true,MCs-1-and-2,1;2,2026-02-23,2026-02-26,post_exposure_folder,19,00,exact_hh00,full_24_hours,bumblebox-19_2026-02-26_19_00_04,bumblebox-19,/media/august/AutoPolls9/dose-curve-pesticide-data/MCs-1-and-2/post-exposure/bumblebox-19_2026-02-26_19_00_04.mp4,/tmp/bumblebox_hourly_primary_mc1_8_explicit_links/MCs-1-and-2/post/2026-02-26/bumblebox-19_2026-02-26_19_00_04.mp4,base_hourly,original hourly round-robin selection
215,20,pre,true,MCs-3-and-4,3;4,2026-02-23,2026-02-22,pre_exposure_folder,19,00,exact_hh00,full_24_hours,bumblebox-07_2026-02-22_19_00_03,bumblebox-07,/media/august/AutoPolls9/dose-curve-pesticide-data/MCs-3-and-4/pre-exposure/bumblebox-07_2026-02-22_19_00_03.mp4,/tmp/bumblebox_hourly_primary_mc1_8_explicit_links/MCs-3-and-4/pre/2026-02-22/bumblebox-07_2026-02-22_19_00_03.mp4,base_hourly,original hourly round-robin selection
216,20,post,true,MCs-3-and-4,3;4,2026-02-23,2026-02-26,post_exposure_folder,19,00,exact_hh00,full_24_hours,bumblebox-07_2026-02-26_19_00_03,bumblebox-07,/media/august/AutoPolls9/dose-curve-pesticide-data/MCs-3-and-4/post-exposure/bumblebox-07_2026-02-26_19_00_03.mp4,/tmp/bumblebox_hourly_primary_mc1_8_explicit_links/MCs-3-and-4/post/2026-02-26/bumblebox-07_2026-02-26_19_00_03.mp4,base_hourly,original hourly round-robin selection
217,20,pre,true,MCs-5-and-6,5;6,2026-02-23,2026-02-22,pre_exposure_folder,19,00,exact_hh00,partial_day,bumblebox-18_2026-02-22_19_00_03,bumblebox-18,/media/august/AutoPolls9/dose-curve-pesticide-data/MCs-5-and-6/pre-exposure/bumblebox-18_2026-02-22_19_00_03.mp4,/tmp/bumblebox_hourly_primary_mc1_8_explicit_links/MCs-5-and-6/pre/2026-02-22/bumblebox-18_2026-02-22_19_00_03.mp4,base_hourly,original hourly round-robin selection
218,20,pre,true,MCs-5-and-6,5;6,,2026-02-22,augmented_pre_exposure,19,10,augmented_extra,augmented,bumblebox-18_2026-02-22_19_10_03,bumblebox-18,/media/august/AutoPolls9/dose-curve-pesticide-data/MCs-5-and-6/pre-exposure/bumblebox-18_2026-02-22_19_10_03.mp4,,pre_fill_to_24_if_possible,fill MCs-5-and-6 pre from 4 toward 22 using non-hourly pre videos
219,20,pre,true,MCs-5-and-6,5;6,,2026-02-22,augmented_pre_exposure,19,20,augmented_extra,augmented,bumblebox-18_2026-02-22_19_20_03,bumblebox-18,/media/august/AutoPolls9/dose-curve-pesticide-data/MCs-5-and-6/pre-exposure/bumblebox-18_2026-02-22_19_20_03.mp4,,pre_fill_to_24_if_possible,fill MCs-5-and-6 pre from 4 toward 22 using non-hourly pre videos
220,20,pre,true,MCs-5-and-6,5;6,,2026-02-22,augmented_pre_exposure,19,30,augmented_extra,augmented,bumblebox-18_2026-02-22_19_30_03,bumblebox-18,/media/august/AutoPolls9/dose-curve-pesticide-data/MCs-5-and-6/pre-exposure/bumblebox-18_2026-02-22_19_30_03.mp4,,pre_fill_to_24_if_possible,fill MCs-5-and-6 pre from 4 toward 22 using non-hourly pre videos
221,20,pre,true,MCs-5-and-6,5;6,,2026-02-22,augmented_pre_exposure,19,40,augmented_extra,augmented,bumblebox-18_2026-02-22_19_40_06,bumblebox-18,/media/august/AutoPolls9/dose-curve-pesticide-data/MCs-5-and-6/pre-exposure/bumblebox-18_2026-02-22_19_40_06.mp4,,pre_fill_to_24_if_possible,fill MCs-5-and-6 pre from 4 toward 22 using non-hourly pre videos
222,20,pre,true,MCs-5-and-6,5;6,,2026-02-22,augmented_pre_exposure,19,50,augmented_extra,augmented,bumblebox-18_2026-02-22_19_50_03,bumblebox-18,/media/august/AutoPolls9/dose-curve-pesticide-data/MCs-5-and-6/pre-exposure/bumblebox-18_2026-02-22_19_50_03.mp4,,pre_fill_to_24_if_possible,fill MCs-5-and-6 pre from 4 toward 22 using non-hourly pre videos
223,20,post,true,MCs-5-and-6,5;6,2026-02-23,2026-02-26,post_exposure_folder,19,00,exact_hh00,full_24_hours,bumblebox-18_2026-02-26_19_00_04,bumblebox-18,/media/august/AutoPolls9/dose-curve-pesticide-data/MCs-5-and-6/post-exposure/bumblebox-18_2026-02-26_19_00_04.mp4,/tmp/bumblebox_hourly_primary_mc1_8_explicit_links/MCs-5-and-6/post/2026-02-26/bumblebox-18_2026-02-26_19_00_04.mp4,base_hourly,original hourly round-robin selection
224,20,pre,true,MCs-7-and-8,7;8,2026-02-23,2026-02-22,pre_exposure_folder,19,00,exact_hh00,partial_day,bumblebox-15_2026-02-22_19_00_03,bumblebox-15,/media/august/AutoPolls9/dose-curve-pesticide-data/MCs-7-and-8/pre-exposure/bumblebox-15_2026-02-22_19_00_03.mp4,/tmp/bumblebox_hourly_primary_mc1_8_explicit_links/MCs-7-and-8/pre/2026-02-22/bumblebox-15_2026-02-22_19_00_03.mp4,base_hourly,original hourly round-robin selection
225,20,pre,true,MCs-7-and-8,7;8,,2026-02-22,augmented_pre_exposure,19,10,augmented_extra,augmented,bumblebox-15_2026-02-22_19_10_02,bumblebox-15,/media/august/AutoPolls9/dose-curve-pesticide-data/MCs-7-and-8/pre-exposure/bumblebox-15_2026-02-22_19_10_02.mp4,,pre_fill_to_24_if_possible,fill MCs-7-and-8 pre from 7 toward 24 using non-hourly pre videos
226,20,pre,true,MCs-7-and-8,7;8,,2026-02-22,augmented_pre_exposure,19,30,augmented_extra,augmented,bumblebox-15_2026-02-22_19_30_03,bumblebox-15,/media/august/AutoPolls9/dose-curve-pesticide-data/MCs-7-and-8/pre-exposure/bumblebox-15_2026-02-22_19_30_03.mp4,,pre_fill_to_24_if_possible,fill MCs-7-and-8 pre from 7 toward 24 using non-hourly pre videos
227,20,pre,true,MCs-7-and-8,7;8,,2026-02-22,augmented_pre_exposure,19,50,augmented_extra,augmented,bumblebox-15_2026-02-22_19_50_03,bumblebox-15,/media/august/AutoPolls9/dose-curve-pesticide-data/MCs-7-and-8/pre-exposure/bumblebox-15_2026-02-22_19_50_03.mp4,,pre_fill_to_24_if_possible,fill MCs-7-and-8 pre from 7 toward 24 using non-hourly pre videos
228,20,post,true,MCs-7-and-8,7;8,2026-02-23,2026-02-26,post_exposure_folder,19,00,exact_hh00,full_24_hours,bumblebox-15_2026-02-26_19_00_03,bumblebox-15,/media/august/AutoPolls9/dose-curve-pesticide-data/MCs-7-and-8/post-exposure/bumblebox-15_2026-02-26_19_00_03.mp4,/tmp/bumblebox_hourly_primary_mc1_8_explicit_links/MCs-7-and-8/post/2026-02-26/bumblebox-15_2026-02-26_19_00_03.mp4,base_hourly,original hourly round-robin selection
229,20,pre,true,MCs-17-and-18,17;18,,2026-03-15,augmented_pre_exposure,19,30,augmented_extra,augmented,bumblebox-9_2026-03-15_19_30_03,bumblebox-9,/media/august/Expansion/Behavioral-Entropy-Pesticide-Dosing-Exps/MCs-17-and-18/2026-03-15/bumblebox-9_2026-03-15_19_30_03.mp4,,blur_compensation_10ppb,all available extra pre videos for MC17 to compensate blurry MC2 10ppb; MC16 has no pre source videos
230,21,pre,true,MCs-1-and-2,1;2,2026-02-23,2026-02-22,pre_exposure_folder,20,00,exact_hh00,partial_day,bumblebox-19_2026-02-22_20_00_03,bumblebox-19,/media/august/AutoPolls9/dose-curve-pesticide-data/MCs-1-and-2/pre-exposure/bumblebox-19_2026-02-22_20_00_03.mp4,/tmp/bumblebox_hourly_primary_mc1_8_explicit_links/MCs-1-and-2/pre/2026-02-22/bumblebox-19_2026-02-22_20_00_03.mp4,base_hourly,original hourly round-robin selection
231,21,post,true,MCs-1-and-2,1;2,2026-02-23,2026-02-26,post_exposure_folder,20,00,exact_hh00,full_24_hours,bumblebox-19_2026-02-26_20_00_05,bumblebox-19,/media/august/AutoPolls9/dose-curve-pesticide-data/MCs-1-and-2/post-exposure/bumblebox-19_2026-02-26_20_00_05.mp4,/tmp/bumblebox_hourly_primary_mc1_8_explicit_links/MCs-1-and-2/post/2026-02-26/bumblebox-19_2026-02-26_20_00_05.mp4,base_hourly,original hourly round-robin selection
232,21,pre,true,MCs-3-and-4,3;4,2026-02-23,2026-02-22,pre_exposure_folder,20,00,exact_hh00,full_24_hours,bumblebox-07_2026-02-22_20_00_03,bumblebox-07,/media/august/AutoPolls9/dose-curve-pesticide-data/MCs-3-and-4/pre-exposure/bumblebox-07_2026-02-22_20_00_03.mp4,/tmp/bumblebox_hourly_primary_mc1_8_explicit_links/MCs-3-and-4/pre/2026-02-22/bumblebox-07_2026-02-22_20_00_03.mp4,base_hourly,original hourly round-robin selection
233,21,post,true,MCs-3-and-4,3;4,2026-02-23,2026-02-26,post_exposure_folder,20,00,exact_hh00,full_24_hours,bumblebox-07_2026-02-26_20_00_03,bumblebox-07,/media/august/AutoPolls9/dose-curve-pesticide-data/MCs-3-and-4/post-exposure/bumblebox-07_2026-02-26_20_00_03.mp4,/tmp/bumblebox_hourly_primary_mc1_8_explicit_links/MCs-3-and-4/post/2026-02-26/bumblebox-07_2026-02-26_20_00_03.mp4,base_hourly,original hourly round-robin selection
234,21,pre,true,MCs-5-and-6,5;6,2026-02-23,2026-02-22,pre_exposure_folder,20,00,exact_hh00,partial_day,bumblebox-18_2026-02-22_20_00_03,bumblebox-18,/media/august/AutoPolls9/dose-curve-pesticide-data/MCs-5-and-6/pre-exposure/bumblebox-18_2026-02-22_20_00_03.mp4,/tmp/bumblebox_hourly_primary_mc1_8_explicit_links/MCs-5-and-6/pre/2026-02-22/bumblebox-18_2026-02-22_20_00_03.mp4,base_hourly,original hourly round-robin selection
235,21,pre,true,MCs-5-and-6,5;6,,2026-02-22,augmented_pre_exposure,20,10,augmented_extra,augmented,bumblebox-18_2026-02-22_20_10_03,bumblebox-18,/media/august/AutoPolls9/dose-curve-pesticide-data/MCs-5-and-6/pre-exposure/bumblebox-18_2026-02-22_20_10_03.mp4,,pre_fill_to_24_if_possible,fill MCs-5-and-6 pre from 4 toward 22 using non-hourly pre videos
236,21,pre,true,MCs-5-and-6,5;6,,2026-02-22,augmented_pre_exposure,20,20,augmented_extra,augmented,bumblebox-18_2026-02-22_20_20_03,bumblebox-18,/media/august/AutoPolls9/dose-curve-pesticide-data/MCs-5-and-6/pre-exposure/bumblebox-18_2026-02-22_20_20_03.mp4,,pre_fill_to_24_if_possible,fill MCs-5-and-6 pre from 4 toward 22 using non-hourly pre videos
237,21,post,true,MCs-5-and-6,5;6,2026-02-23,2026-02-26,post_exposure_folder,20,00,exact_hh00,full_24_hours,bumblebox-18_2026-02-26_20_00_04,bumblebox-18,/media/august/AutoPolls9/dose-curve-pesticide-data/MCs-5-and-6/post-exposure/bumblebox-18_2026-02-26_20_00_04.mp4,/tmp/bumblebox_hourly_primary_mc1_8_explicit_links/MCs-5-and-6/post/2026-02-26/bumblebox-18_2026-02-26_20_00_04.mp4,base_hourly,original hourly round-robin selection
238,21,pre,true,MCs-7-and-8,7;8,2026-02-23,2026-02-22,pre_exposure_folder,20,00,exact_hh00,partial_day,bumblebox-15_2026-02-22_20_00_03,bumblebox-15,/media/august/AutoPolls9/dose-curve-pesticide-data/MCs-7-and-8/pre-exposure/bumblebox-15_2026-02-22_20_00_03.mp4,/tmp/bumblebox_hourly_primary_mc1_8_explicit_links/MCs-7-and-8/pre/2026-02-22/bumblebox-15_2026-02-22_20_00_03.mp4,base_hourly,original hourly round-robin selection
239,21,pre,true,MCs-7-and-8,7;8,,2026-02-22,augmented_pre_exposure,20,20,augmented_extra,augmented,bumblebox-15_2026-02-22_20_20_03,bumblebox-15,/media/august/AutoPolls9/dose-curve-pesticide-data/MCs-7-and-8/pre-exposure/bumblebox-15_2026-02-22_20_20_03.mp4,,pre_fill_to_24_if_possible,fill MCs-7-and-8 pre from 7 toward 24 using non-hourly pre videos
240,21,pre,true,MCs-7-and-8,7;8,,2026-02-22,augmented_pre_exposure,20,50,augmented_extra,augmented,bumblebox-15_2026-02-22_20_50_03,bumblebox-15,/media/august/AutoPolls9/dose-curve-pesticide-data/MCs-7-and-8/pre-exposure/bumblebox-15_2026-02-22_20_50_03.mp4,,pre_fill_to_24_if_possible,fill MCs-7-and-8 pre from 7 toward 24 using non-hourly pre videos
241,21,post,true,MCs-7-and-8,7;8,2026-02-23,2026-02-26,post_exposure_folder,20,00,exact_hh00,full_24_hours,bumblebox-15_2026-02-26_20_00_03,bumblebox-15,/media/august/AutoPolls9/dose-curve-pesticide-data/MCs-7-and-8/post-exposure/bumblebox-15_2026-02-26_20_00_03.mp4,/tmp/bumblebox_hourly_primary_mc1_8_explicit_links/MCs-7-and-8/post/2026-02-26/bumblebox-15_2026-02-26_20_00_03.mp4,base_hourly,original hourly round-robin selection
242,21,pre,true,MCs-13-and-14,13;14,,2026-03-01,augmented_pre_exposure,20,30,augmented_extra,augmented,bumblebox-18_2026-03-01_20_30_04,bumblebox-18,/media/august/Expansion/Behavioral-Entropy-Pesticide-Dosing-Exps/MCs-13-and-14/2026-03-01/bumblebox-18_2026-03-01_20_30_04.mp4,,blur_compensation_0.5ppb,extra pre videos for MC14 to compensate blurry MC1 0.5ppb
243,21,post,true,MCs-13-and-14,13;14,2026-03-02,2026-03-05,post_dose_d_plus_3,20,30,augmented_extra,augmented,bumblebox-18_2026-03-05_20_30_04,bumblebox-18,/media/august/Expansion/Behavioral-Entropy-Pesticide-Dosing-Exps/MCs-13-and-14/2026-03-05/bumblebox-18_2026-03-05_20_30_04.mp4,,post_compensate_blurry_mc1_2,post compensation for blurry MC1/2: MC14 matches MC1 0.5ppb
244,21,post,true,MCs-15-and-16,15;16,2026-03-02,2026-03-05,post_dose_d_plus_3,20,30,augmented_extra,augmented,bumblebox-15_2026-03-05_20_30_04,bumblebox-15,/media/august/Expansion/Behavioral-Entropy-Pesticide-Dosing-Exps/MCs-15-and-16/2026-03-05/bumblebox-15_2026-03-05_20_30_04.mp4,,post_compensate_blurry_mc1_2,post compensation for blurry MC1/2: MC16 matches MC2 10ppb
245,21,pre,true,MCs-17-and-18,17;18,,2026-03-15,augmented_pre_exposure,20,30,augmented_extra,augmented,bumblebox-9_2026-03-15_20_30_03,bumblebox-9,/media/august/Expansion/Behavioral-Entropy-Pesticide-Dosing-Exps/MCs-17-and-18/2026-03-15/bumblebox-9_2026-03-15_20_30_03.mp4,,blur_compensation_10ppb,all available extra pre videos for MC17 to compensate blurry MC2 10ppb; MC16 has no pre source videos
246,21,post,true,MCs-17-and-18,17;18,2026-03-16,2026-03-19,post_dose_d_plus_3,20,30,augmented_extra,augmented,bumblebox-9_2026-03-19_20_30_03,bumblebox-9,/media/august/Expansion/Behavioral-Entropy-Pesticide-Dosing-Exps/MCs-17-and-18/2026-03-19/bumblebox-9_2026-03-19_20_30_03.mp4,,post_compensate_blurry_mc1_2,post compensation for blurry MC1/2: MC17 matches MC2 10ppb
247,21,pre,true,MCs-21-and-22,21;22,,2026-03-15,augmented_pre_exposure,20,30,augmented_extra,augmented,bumblebox-18_2026-03-15_20_30_04,bumblebox-18,/media/august/Expansion/Behavioral-Entropy-Pesticide-Dosing-Exps/MCs-21-and-22/2026-03-15/bumblebox-18_2026-03-15_20_30_04.mp4,,blur_compensation_0.5ppb,extra pre videos for MC21 to compensate blurry MC1 0.5ppb
248,21,post,true,MCs-21-and-22,21;22,2026-03-16,2026-03-18,post_dose_d_plus_2_substitute,20,30,augmented_extra,augmented,bumblebox-18_2026-03-18_20_30_05,bumblebox-18,/media/august/Expansion/Behavioral-Entropy-Pesticide-Dosing-Exps/MCs-21-and-22/2026-03-18/bumblebox-18_2026-03-18_20_30_05.mp4,,post_compensate_blurry_mc1_2,post compensation for blurry MC1/2: MC21 matches MC1 0.5ppb
249,22,pre,true,MCs-1-and-2,1;2,2026-02-23,2026-02-22,pre_exposure_folder,21,00,exact_hh00,partial_day,bumblebox-19_2026-02-22_21_00_03,bumblebox-19,/media/august/AutoPolls9/dose-curve-pesticide-data/MCs-1-and-2/pre-exposure/bumblebox-19_2026-02-22_21_00_03.mp4,/tmp/bumblebox_hourly_primary_mc1_8_explicit_links/MCs-1-and-2/pre/2026-02-22/bumblebox-19_2026-02-22_21_00_03.mp4,base_hourly,original hourly round-robin selection
250,22,pre,true,MCs-1-and-2,1;2,,2026-02-22,augmented_pre_exposure,21,40,augmented_extra,augmented,bumblebox-19_2026-02-22_21_40_03,bumblebox-19,/media/august/AutoPolls9/dose-curve-pesticide-data/MCs-1-and-2/pre-exposure/bumblebox-19_2026-02-22_21_40_03.mp4,,pre_fill_to_24_if_possible,fill MCs-1-and-2 pre from 16 toward 24 using non-hourly pre videos
251,22,post,true,MCs-1-and-2,1;2,2026-02-23,2026-02-26,post_exposure_folder,21,00,exact_hh00,full_24_hours,bumblebox-19_2026-02-26_21_00_05,bumblebox-19,/media/august/AutoPolls9/dose-curve-pesticide-data/MCs-1-and-2/post-exposure/bumblebox-19_2026-02-26_21_00_05.mp4,/tmp/bumblebox_hourly_primary_mc1_8_explicit_links/MCs-1-and-2/post/2026-02-26/bumblebox-19_2026-02-26_21_00_05.mp4,base_hourly,original hourly round-robin selection
252,22,pre,true,MCs-3-and-4,3;4,2026-02-23,2026-02-22,pre_exposure_folder,21,00,exact_hh00,full_24_hours,bumblebox-07_2026-02-22_21_00_03,bumblebox-07,/media/august/AutoPolls9/dose-curve-pesticide-data/MCs-3-and-4/pre-exposure/bumblebox-07_2026-02-22_21_00_03.mp4,/tmp/bumblebox_hourly_primary_mc1_8_explicit_links/MCs-3-and-4/pre/2026-02-22/bumblebox-07_2026-02-22_21_00_03.mp4,base_hourly,original hourly round-robin selection
253,22,post,true,MCs-3-and-4,3;4,2026-02-23,2026-02-26,post_exposure_folder,21,00,exact_hh00,full_24_hours,bumblebox-07_2026-02-26_21_00_03,bumblebox-07,/media/august/AutoPolls9/dose-curve-pesticide-data/MCs-3-and-4/post-exposure/bumblebox-07_2026-02-26_21_00_03.mp4,/tmp/bumblebox_hourly_primary_mc1_8_explicit_links/MCs-3-and-4/post/2026-02-26/bumblebox-07_2026-02-26_21_00_03.mp4,base_hourly,original hourly round-robin selection
254,22,post,true,MCs-5-and-6,5;6,2026-02-23,2026-02-26,post_exposure_folder,21,00,exact_hh00,full_24_hours,bumblebox-18_2026-02-26_21_00_04,bumblebox-18,/media/august/AutoPolls9/dose-curve-pesticide-data/MCs-5-and-6/post-exposure/bumblebox-18_2026-02-26_21_00_04.mp4,/tmp/bumblebox_hourly_primary_mc1_8_explicit_links/MCs-5-and-6/post/2026-02-26/bumblebox-18_2026-02-26_21_00_04.mp4,base_hourly,original hourly round-robin selection
255,22,pre,true,MCs-7-and-8,7;8,2026-02-23,2026-02-22,pre_exposure_folder,21,00,exact_hh00,partial_day,bumblebox-15_2026-02-22_21_00_03,bumblebox-15,/media/august/AutoPolls9/dose-curve-pesticide-data/MCs-7-and-8/pre-exposure/bumblebox-15_2026-02-22_21_00_03.mp4,/tmp/bumblebox_hourly_primary_mc1_8_explicit_links/MCs-7-and-8/pre/2026-02-22/bumblebox-15_2026-02-22_21_00_03.mp4,base_hourly,original hourly round-robin selection
256,22,pre,true,MCs-7-and-8,7;8,,2026-02-22,augmented_pre_exposure,21,20,augmented_extra,augmented,bumblebox-15_2026-02-22_21_20_03,bumblebox-15,/media/august/AutoPolls9/dose-curve-pesticide-data/MCs-7-and-8/pre-exposure/bumblebox-15_2026-02-22_21_20_03.mp4,,pre_fill_to_24_if_possible,fill MCs-7-and-8 pre from 7 toward 24 using non-hourly pre videos
257,22,pre,true,MCs-7-and-8,7;8,,2026-02-22,augmented_pre_exposure,21,40,augmented_extra,augmented,bumblebox-15_2026-02-22_21_40_03,bumblebox-15,/media/august/AutoPolls9/dose-curve-pesticide-data/MCs-7-and-8/pre-exposure/bumblebox-15_2026-02-22_21_40_03.mp4,,pre_fill_to_24_if_possible,fill MCs-7-and-8 pre from 7 toward 24 using non-hourly pre videos
258,22,post,true,MCs-7-and-8,7;8,2026-02-23,2026-02-26,post_exposure_folder,21,00,exact_hh00,full_24_hours,bumblebox-15_2026-02-26_21_00_03,bumblebox-15,/media/august/AutoPolls9/dose-curve-pesticide-data/MCs-7-and-8/post-exposure/bumblebox-15_2026-02-26_21_00_03.mp4,/tmp/bumblebox_hourly_primary_mc1_8_explicit_links/MCs-7-and-8/post/2026-02-26/bumblebox-15_2026-02-26_21_00_03.mp4,base_hourly,original hourly round-robin selection
259,22,pre,true,MCs-17-and-18,17;18,,2026-03-15,augmented_pre_exposure,21,30,augmented_extra,augmented,bumblebox-9_2026-03-15_21_30_03,bumblebox-9,/media/august/Expansion/Behavioral-Entropy-Pesticide-Dosing-Exps/MCs-17-and-18/2026-03-15/bumblebox-9_2026-03-15_21_30_03.mp4,,blur_compensation_10ppb,all available extra pre videos for MC17 to compensate blurry MC2 10ppb; MC16 has no pre source videos
260,23,pre,true,MCs-1-and-2,1;2,2026-02-23,2026-02-22,pre_exposure_folder,22,00,exact_hh00,partial_day,bumblebox-19_2026-02-22_22_00_03,bumblebox-19,/media/august/AutoPolls9/dose-curve-pesticide-data/MCs-1-and-2/pre-exposure/bumblebox-19_2026-02-22_22_00_03.mp4,/tmp/bumblebox_hourly_primary_mc1_8_explicit_links/MCs-1-and-2/pre/2026-02-22/bumblebox-19_2026-02-22_22_00_03.mp4,base_hourly,original hourly round-robin selection
261,23,post,true,MCs-1-and-2,1;2,2026-02-23,2026-02-26,post_exposure_folder,22,00,exact_hh00,full_24_hours,bumblebox-19_2026-02-26_22_00_04,bumblebox-19,/media/august/AutoPolls9/dose-curve-pesticide-data/MCs-1-and-2/post-exposure/bumblebox-19_2026-02-26_22_00_04.mp4,/tmp/bumblebox_hourly_primary_mc1_8_explicit_links/MCs-1-and-2/post/2026-02-26/bumblebox-19_2026-02-26_22_00_04.mp4,base_hourly,original hourly round-robin selection
262,23,pre,true,MCs-3-and-4,3;4,2026-02-23,2026-02-22,pre_exposure_folder,22,00,exact_hh00,full_24_hours,bumblebox-07_2026-02-22_22_00_03,bumblebox-07,/media/august/AutoPolls9/dose-curve-pesticide-data/MCs-3-and-4/pre-exposure/bumblebox-07_2026-02-22_22_00_03.mp4,/tmp/bumblebox_hourly_primary_mc1_8_explicit_links/MCs-3-and-4/pre/2026-02-22/bumblebox-07_2026-02-22_22_00_03.mp4,base_hourly,original hourly round-robin selection
263,23,post,true,MCs-3-and-4,3;4,2026-02-23,2026-02-26,post_exposure_folder,22,00,exact_hh00,full_24_hours,bumblebox-07_2026-02-26_22_00_03,bumblebox-07,/media/august/AutoPolls9/dose-curve-pesticide-data/MCs-3-and-4/post-exposure/bumblebox-07_2026-02-26_22_00_03.mp4,/tmp/bumblebox_hourly_primary_mc1_8_explicit_links/MCs-3-and-4/post/2026-02-26/bumblebox-07_2026-02-26_22_00_03.mp4,base_hourly,original hourly round-robin selection
264,23,post,true,MCs-5-and-6,5;6,2026-02-23,2026-02-26,post_exposure_folder,22,00,exact_hh00,full_24_hours,bumblebox-18_2026-02-26_22_00_04,bumblebox-18,/media/august/AutoPolls9/dose-curve-pesticide-data/MCs-5-and-6/post-exposure/bumblebox-18_2026-02-26_22_00_04.mp4,/tmp/bumblebox_hourly_primary_mc1_8_explicit_links/MCs-5-and-6/post/2026-02-26/bumblebox-18_2026-02-26_22_00_04.mp4,base_hourly,original hourly round-robin selection
265,23,pre,true,MCs-7-and-8,7;8,2026-02-23,2026-02-22,pre_exposure_folder,22,00,exact_hh00,partial_day,bumblebox-15_2026-02-22_22_00_03,bumblebox-15,/media/august/AutoPolls9/dose-curve-pesticide-data/MCs-7-and-8/pre-exposure/bumblebox-15_2026-02-22_22_00_03.mp4,/tmp/bumblebox_hourly_primary_mc1_8_explicit_links/MCs-7-and-8/pre/2026-02-22/bumblebox-15_2026-02-22_22_00_03.mp4,base_hourly,original hourly round-robin selection
266,23,pre,true,MCs-7-and-8,7;8,,2026-02-22,augmented_pre_exposure,22,10,augmented_extra,augmented,bumblebox-15_2026-02-22_22_10_03,bumblebox-15,/media/august/AutoPolls9/dose-curve-pesticide-data/MCs-7-and-8/pre-exposure/bumblebox-15_2026-02-22_22_10_03.mp4,,pre_fill_to_24_if_possible,fill MCs-7-and-8 pre from 7 toward 24 using non-hourly pre videos
267,23,pre,true,MCs-7-and-8,7;8,,2026-02-22,augmented_pre_exposure,22,30,augmented_extra,augmented,bumblebox-15_2026-02-22_22_30_03,bumblebox-15,/media/august/AutoPolls9/dose-curve-pesticide-data/MCs-7-and-8/pre-exposure/bumblebox-15_2026-02-22_22_30_03.mp4,,pre_fill_to_24_if_possible,fill MCs-7-and-8 pre from 7 toward 24 using non-hourly pre videos
268,23,pre,true,MCs-7-and-8,7;8,,2026-02-22,augmented_pre_exposure,22,50,augmented_extra,augmented,bumblebox-15_2026-02-22_22_50_03,bumblebox-15,/media/august/AutoPolls9/dose-curve-pesticide-data/MCs-7-and-8/pre-exposure/bumblebox-15_2026-02-22_22_50_03.mp4,,pre_fill_to_24_if_possible,fill MCs-7-and-8 pre from 7 toward 24 using non-hourly pre videos
269,23,post,true,MCs-7-and-8,7;8,2026-02-23,2026-02-26,post_exposure_folder,22,00,exact_hh00,full_24_hours,bumblebox-15_2026-02-26_22_00_03,bumblebox-15,/media/august/AutoPolls9/dose-curve-pesticide-data/MCs-7-and-8/post-exposure/bumblebox-15_2026-02-26_22_00_03.mp4,/tmp/bumblebox_hourly_primary_mc1_8_explicit_links/MCs-7-and-8/post/2026-02-26/bumblebox-15_2026-02-26_22_00_03.mp4,base_hourly,original hourly round-robin selection
270,23,pre,true,MCs-13-and-14,13;14,,2026-03-01,augmented_pre_exposure,22,30,augmented_extra,augmented,bumblebox-18_2026-03-01_22_30_04,bumblebox-18,/media/august/Expansion/Behavioral-Entropy-Pesticide-Dosing-Exps/MCs-13-and-14/2026-03-01/bumblebox-18_2026-03-01_22_30_04.mp4,,blur_compensation_0.5ppb,extra pre videos for MC14 to compensate blurry MC1 0.5ppb
271,23,post,true,MCs-13-and-14,13;14,2026-03-02,2026-03-05,post_dose_d_plus_3,22,30,augmented_extra,augmented,bumblebox-18_2026-03-05_22_30_04,bumblebox-18,/media/august/Expansion/Behavioral-Entropy-Pesticide-Dosing-Exps/MCs-13-and-14/2026-03-05/bumblebox-18_2026-03-05_22_30_04.mp4,,post_compensate_blurry_mc1_2,post compensation for blurry MC1/2: MC14 matches MC1 0.5ppb
272,23,post,true,MCs-15-and-16,15;16,2026-03-02,2026-03-05,post_dose_d_plus_3,22,30,augmented_extra,augmented,bumblebox-15_2026-03-05_22_30_07,bumblebox-15,/media/august/Expansion/Behavioral-Entropy-Pesticide-Dosing-Exps/MCs-15-and-16/2026-03-05/bumblebox-15_2026-03-05_22_30_07.mp4,,post_compensate_blurry_mc1_2,post compensation for blurry MC1/2: MC16 matches MC2 10ppb
273,23,pre,true,MCs-17-and-18,17;18,,2026-03-15,augmented_pre_exposure,22,30,augmented_extra,augmented,bumblebox-9_2026-03-15_22_30_04,bumblebox-9,/media/august/Expansion/Behavioral-Entropy-Pesticide-Dosing-Exps/MCs-17-and-18/2026-03-15/bumblebox-9_2026-03-15_22_30_04.mp4,,blur_compensation_10ppb,all available extra pre videos for MC17 to compensate blurry MC2 10ppb; MC16 has no pre source videos
274,23,post,true,MCs-17-and-18,17;18,2026-03-16,2026-03-19,post_dose_d_plus_3,22,30,augmented_extra,augmented,bumblebox-9_2026-03-19_22_30_04,bumblebox-9,/media/august/Expansion/Behavioral-Entropy-Pesticide-Dosing-Exps/MCs-17-and-18/2026-03-19/bumblebox-9_2026-03-19_22_30_04.mp4,,post_compensate_blurry_mc1_2,post compensation for blurry MC1/2: MC17 matches MC2 10ppb
275,23,pre,true,MCs-21-and-22,21;22,,2026-03-15,augmented_pre_exposure,22,30,augmented_extra,augmented,bumblebox-18_2026-03-15_22_30_03,bumblebox-18,/media/august/Expansion/Behavioral-Entropy-Pesticide-Dosing-Exps/MCs-21-and-22/2026-03-15/bumblebox-18_2026-03-15_22_30_03.mp4,,blur_compensation_0.5ppb,extra pre videos for MC21 to compensate blurry MC1 0.5ppb
276,23,post,true,MCs-21-and-22,21;22,2026-03-16,2026-03-18,post_dose_d_plus_2_substitute,22,30,augmented_extra,augmented,bumblebox-18_2026-03-18_22_30_04,bumblebox-18,/media/august/Expansion/Behavioral-Entropy-Pesticide-Dosing-Exps/MCs-21-and-22/2026-03-18/bumblebox-18_2026-03-18_22_30_04.mp4,,post_compensate_blurry_mc1_2,post compensation for blurry MC1/2: MC21 matches MC1 0.5ppb
277,24,pre,true,MCs-1-and-2,1;2,2026-02-23,2026-02-22,pre_exposure_folder,23,30,fallback_hh30_missing_hh00,partial_day,bumblebox-19_2026-02-22_23_30_03,bumblebox-19,/media/august/AutoPolls9/dose-curve-pesticide-data/MCs-1-and-2/pre-exposure/bumblebox-19_2026-02-22_23_30_03.mp4,/tmp/bumblebox_hourly_primary_mc1_8_explicit_links/MCs-1-and-2/pre/2026-02-22/bumblebox-19_2026-02-22_23_30_03.mp4,base_hourly,original hourly round-robin selection
278,24,post,true,MCs-1-and-2,1;2,2026-02-23,2026-02-26,post_exposure_folder,23,30,fallback_hh30_missing_hh00,full_24_hours,bumblebox-19_2026-02-26_23_30_03,bumblebox-19,/media/august/AutoPolls9/dose-curve-pesticide-data/MCs-1-and-2/post-exposure/bumblebox-19_2026-02-26_23_30_03.mp4,/tmp/bumblebox_hourly_primary_mc1_8_explicit_links/MCs-1-and-2/post/2026-02-26/bumblebox-19_2026-02-26_23_30_03.mp4,base_hourly,original hourly round-robin selection
279,24,pre,true,MCs-3-and-4,3;4,2026-02-23,2026-02-22,pre_exposure_folder,23,30,fallback_hh30_missing_hh00,full_24_hours,bumblebox-07_2026-02-22_23_30_03,bumblebox-07,/media/august/AutoPolls9/dose-curve-pesticide-data/MCs-3-and-4/pre-exposure/bumblebox-07_2026-02-22_23_30_03.mp4,/tmp/bumblebox_hourly_primary_mc1_8_explicit_links/MCs-3-and-4/pre/2026-02-22/bumblebox-07_2026-02-22_23_30_03.mp4,base_hourly,original hourly round-robin selection
280,24,post,true,MCs-3-and-4,3;4,2026-02-23,2026-02-26,post_exposure_folder,23,30,fallback_hh30_missing_hh00,full_24_hours,bumblebox-07_2026-02-26_23_30_03,bumblebox-07,/media/august/AutoPolls9/dose-curve-pesticide-data/MCs-3-and-4/post-exposure/bumblebox-07_2026-02-26_23_30_03.mp4,/tmp/bumblebox_hourly_primary_mc1_8_explicit_links/MCs-3-and-4/post/2026-02-26/bumblebox-07_2026-02-26_23_30_03.mp4,base_hourly,original hourly round-robin selection
281,24,post,true,MCs-5-and-6,5;6,2026-02-23,2026-02-26,post_exposure_folder,23,30,fallback_hh30_missing_hh00,full_24_hours,bumblebox-18_2026-02-26_23_30_03,bumblebox-18,/media/august/AutoPolls9/dose-curve-pesticide-data/MCs-5-and-6/post-exposure/bumblebox-18_2026-02-26_23_30_03.mp4,/tmp/bumblebox_hourly_primary_mc1_8_explicit_links/MCs-5-and-6/post/2026-02-26/bumblebox-18_2026-02-26_23_30_03.mp4,base_hourly,original hourly round-robin selection
282,24,pre,true,MCs-7-and-8,7;8,2026-02-23,2026-02-22,pre_exposure_folder,23,30,fallback_hh30_missing_hh00,partial_day,bumblebox-15_2026-02-22_23_30_03,bumblebox-15,/media/august/AutoPolls9/dose-curve-pesticide-data/MCs-7-and-8/pre-exposure/bumblebox-15_2026-02-22_23_30_03.mp4,/tmp/bumblebox_hourly_primary_mc1_8_explicit_links/MCs-7-and-8/pre/2026-02-22/bumblebox-15_2026-02-22_23_30_03.mp4,base_hourly,original hourly round-robin selection
283,24,pre,true,MCs-7-and-8,7;8,,2026-02-22,augmented_pre_exposure,23,20,augmented_extra,augmented,bumblebox-15_2026-02-22_23_20_03,bumblebox-15,/media/august/AutoPolls9/dose-curve-pesticide-data/MCs-7-and-8/pre-exposure/bumblebox-15_2026-02-22_23_20_03.mp4,,pre_fill_to_24_if_possible,fill MCs-7-and-8 pre from 7 toward 24 using non-hourly pre videos
284,24,pre,true,MCs-7-and-8,7;8,,2026-02-22,augmented_pre_exposure,23,50,augmented_extra,augmented,bumblebox-15_2026-02-22_23_50_03,bumblebox-15,/media/august/AutoPolls9/dose-curve-pesticide-data/MCs-7-and-8/pre-exposure/bumblebox-15_2026-02-22_23_50_03.mp4,,pre_fill_to_24_if_possible,fill MCs-7-and-8 pre from 7 toward 24 using non-hourly pre videos
285,24,post,true,MCs-7-and-8,7;8,2026-02-23,2026-02-26,post_exposure_folder,23,30,fallback_hh30_missing_hh00,full_24_hours,bumblebox-15_2026-02-26_23_30_03,bumblebox-15,/media/august/AutoPolls9/dose-curve-pesticide-data/MCs-7-and-8/post-exposure/bumblebox-15_2026-02-26_23_30_03.mp4,/tmp/bumblebox_hourly_primary_mc1_8_explicit_links/MCs-7-and-8/post/2026-02-26/bumblebox-15_2026-02-26_23_30_03.mp4,base_hourly,original hourly round-robin selection
