balanced_round_robin_order,balanced_slot_index,balanced_period,include_in_hourly_primary,microcolony_pair,microcolony_ids,exposure_date,source_date,relative_period,target_hour,selected_minute,selection_status,day_status,video_id,filename_camera_label,source_video_path,symlink_path,augmentation_reason,augmentation_note
1,1,pre,true,MCs-1-and-2,1;2,2026-02-23,2026-02-23,pre_exposure_folder,00,00,exact_hh00,partial_day,bumblebox-19_2026-02-23_00_00_03,bumblebox-19,/media/august/AutoPolls9/dose-curve-pesticide-data/MCs-1-and-2/pre-exposure/bumblebox-19_2026-02-23_00_00_03.mp4,/tmp/bumblebox_hourly_primary_mc1_8_explicit_links/MCs-1-and-2/pre/2026-02-23/bumblebox-19_2026-02-23_00_00_03.mp4,base_hourly,original hourly round-robin selection
2,1,pre,true,MCs-1-and-2,1;2,,2026-02-23,augmented_pre_exposure,00,10,augmented_extra,augmented,bumblebox-19_2026-02-23_00_10_02,bumblebox-19,/media/august/AutoPolls9/dose-curve-pesticide-data/MCs-1-and-2/pre-exposure/bumblebox-19_2026-02-23_00_10_02.mp4,,pre_fill_to_24_if_possible,fill MCs-1-and-2 pre from 16 toward 24 using non-hourly pre videos
3,1,post,true,MCs-1-and-2,1;2,2026-02-23,2026-02-26,post_exposure_folder,00,00,exact_hh00,full_24_hours,bumblebox-19_2026-02-26_00_00_04,bumblebox-19,/media/august/AutoPolls9/dose-curve-pesticide-data/MCs-1-and-2/post-exposure/bumblebox-19_2026-02-26_00_00_04.mp4,/tmp/bumblebox_hourly_primary_mc1_8_explicit_links/MCs-1-and-2/post/2026-02-26/bumblebox-19_2026-02-26_00_00_04.mp4,base_hourly,original hourly round-robin selection
4,1,pre,true,MCs-3-and-4,3;4,2026-02-23,2026-02-22,pre_exposure_folder,00,00,exact_hh00,full_24_hours,bumblebox-07_2026-02-22_00_00_03,bumblebox-07,/media/august/AutoPolls9/dose-curve-pesticide-data/MCs-3-and-4/pre-exposure/bumblebox-07_2026-02-22_00_00_03.mp4,/tmp/bumblebox_hourly_primary_mc1_8_explicit_links/MCs-3-and-4/pre/2026-02-22/bumblebox-07_2026-02-22_00_00_03.mp4,base_hourly,original hourly round-robin selection
5,1,post,true,MCs-3-and-4,3;4,2026-02-23,2026-02-26,post_exposure_folder,00,00,exact_hh00,full_24_hours,bumblebox-07_2026-02-26_00_00_03,bumblebox-07,/media/august/AutoPolls9/dose-curve-pesticide-data/MCs-3-and-4/post-exposure/bumblebox-07_2026-02-26_00_00_03.mp4,/tmp/bumblebox_hourly_primary_mc1_8_explicit_links/MCs-3-and-4/post/2026-02-26/bumblebox-07_2026-02-26_00_00_03.mp4,base_hourly,original hourly round-robin selection
6,1,post,true,MCs-5-and-6,5;6,2026-02-23,2026-02-26,post_exposure_folder,00,00,exact_hh00,full_24_hours,bumblebox-18_2026-02-26_00_00_05,bumblebox-18,/media/august/AutoPolls9/dose-curve-pesticide-data/MCs-5-and-6/post-exposure/bumblebox-18_2026-02-26_00_00_05.mp4,/tmp/bumblebox_hourly_primary_mc1_8_explicit_links/MCs-5-and-6/post/2026-02-26/bumblebox-18_2026-02-26_00_00_05.mp4,base_hourly,original hourly round-robin selection
7,1,post,true,MCs-7-and-8,7;8,2026-02-23,2026-02-26,post_exposure_folder,00,00,exact_hh00,full_24_hours,bumblebox-15_2026-02-26_00_00_03,bumblebox-15,/media/august/AutoPolls9/dose-curve-pesticide-data/MCs-7-and-8/post-exposure/bumblebox-15_2026-02-26_00_00_03.mp4,/tmp/bumblebox_hourly_primary_mc1_8_explicit_links/MCs-7-and-8/post/2026-02-26/bumblebox-15_2026-02-26_00_00_03.mp4,base_hourly,original hourly round-robin selection
12,1,pre,true,MCs-13-and-14,13;14,,2026-03-01,augmented_pre_exposure,00,30,augmented_extra,augmented,bumblebox-18_2026-03-01_00_30_07,bumblebox-18,/media/august/Expansion/Behavioral-Entropy-Pesticide-Dosing-Exps/MCs-13-and-14/2026-03-01/bumblebox-18_2026-03-01_00_30_07.mp4,,blur_compensation_0.5ppb,extra pre videos for MC14 to compensate blurry MC1 0.5ppb
14,1,post,true,MCs-13-and-14,13;14,2026-03-02,2026-03-05,post_dose_d_plus_3,00,30,augmented_extra,augmented,bumblebox-18_2026-03-05_00_30_03,bumblebox-18,/media/august/Expansion/Behavioral-Entropy-Pesticide-Dosing-Exps/MCs-13-and-14/2026-03-05/bumblebox-18_2026-03-05_00_30_03.mp4,,post_compensate_blurry_mc1_2,post compensation for blurry MC1/2: MC14 matches MC1 0.5ppb
16,1,post,true,MCs-15-and-16,15;16,2026-03-02,2026-03-05,post_dose_d_plus_3,00,30,augmented_extra,augmented,bumblebox-15_2026-03-05_00_30_03,bumblebox-15,/media/august/Expansion/Behavioral-Entropy-Pesticide-Dosing-Exps/MCs-15-and-16/2026-03-05/bumblebox-15_2026-03-05_00_30_03.mp4,,post_compensate_blurry_mc1_2,post compensation for blurry MC1/2: MC16 matches MC2 10ppb
18,1,pre,true,MCs-17-and-18,17;18,,2026-03-15,augmented_pre_exposure,00,30,augmented_extra,augmented,bumblebox-9_2026-03-15_00_30_03,bumblebox-9,/media/august/Expansion/Behavioral-Entropy-Pesticide-Dosing-Exps/MCs-17-and-18/2026-03-15/bumblebox-9_2026-03-15_00_30_03.mp4,,blur_compensation_10ppb,all available extra pre videos for MC17 to compensate blurry MC2 10ppb; MC16 has no pre source videos
20,1,post,true,MCs-17-and-18,17;18,2026-03-16,2026-03-19,post_dose_d_plus_3,00,30,augmented_extra,augmented,bumblebox-9_2026-03-19_00_30_03,bumblebox-9,/media/august/Expansion/Behavioral-Entropy-Pesticide-Dosing-Exps/MCs-17-and-18/2026-03-19/bumblebox-9_2026-03-19_00_30_03.mp4,,post_compensate_blurry_mc1_2,post compensation for blurry MC1/2: MC17 matches MC2 10ppb
24,1,pre,true,MCs-21-and-22,21;22,,2026-03-15,augmented_pre_exposure,00,30,augmented_extra,augmented,bumblebox-18_2026-03-15_00_30_04,bumblebox-18,/media/august/Expansion/Behavioral-Entropy-Pesticide-Dosing-Exps/MCs-21-and-22/2026-03-15/bumblebox-18_2026-03-15_00_30_04.mp4,,blur_compensation_0.5ppb,extra pre videos for MC21 to compensate blurry MC1 0.5ppb
26,1,post,true,MCs-21-and-22,21;22,2026-03-16,2026-03-18,post_dose_d_plus_2_substitute,00,30,augmented_extra,augmented,bumblebox-18_2026-03-18_00_30_05,bumblebox-18,/media/august/Expansion/Behavioral-Entropy-Pesticide-Dosing-Exps/MCs-21-and-22/2026-03-18/bumblebox-18_2026-03-18_00_30_05.mp4,,post_compensate_blurry_mc1_2,post compensation for blurry MC1/2: MC21 matches MC1 0.5ppb
29,2,pre,true,MCs-1-and-2,1;2,2026-02-23,2026-02-23,pre_exposure_folder,01,00,exact_hh00,partial_day,bumblebox-19_2026-02-23_01_00_03,bumblebox-19,/media/august/AutoPolls9/dose-curve-pesticide-data/MCs-1-and-2/pre-exposure/bumblebox-19_2026-02-23_01_00_03.mp4,/tmp/bumblebox_hourly_primary_mc1_8_explicit_links/MCs-1-and-2/pre/2026-02-23/bumblebox-19_2026-02-23_01_00_03.mp4,base_hourly,original hourly round-robin selection
30,2,post,true,MCs-1-and-2,1;2,2026-02-23,2026-02-26,post_exposure_folder,01,00,exact_hh00,full_24_hours,bumblebox-19_2026-02-26_01_00_04,bumblebox-19,/media/august/AutoPolls9/dose-curve-pesticide-data/MCs-1-and-2/post-exposure/bumblebox-19_2026-02-26_01_00_04.mp4,/tmp/bumblebox_hourly_primary_mc1_8_explicit_links/MCs-1-and-2/post/2026-02-26/bumblebox-19_2026-02-26_01_00_04.mp4,base_hourly,original hourly round-robin selection
31,2,pre,true,MCs-3-and-4,3;4,2026-02-23,2026-02-22,pre_exposure_folder,01,00,exact_hh00,full_24_hours,bumblebox-07_2026-02-22_01_00_02,bumblebox-07,/media/august/AutoPolls9/dose-curve-pesticide-data/MCs-3-and-4/pre-exposure/bumblebox-07_2026-02-22_01_00_02.mp4,/tmp/bumblebox_hourly_primary_mc1_8_explicit_links/MCs-3-and-4/pre/2026-02-22/bumblebox-07_2026-02-22_01_00_02.mp4,base_hourly,original hourly round-robin selection
32,2,post,true,MCs-3-and-4,3;4,2026-02-23,2026-02-26,post_exposure_folder,01,00,exact_hh00,full_24_hours,bumblebox-07_2026-02-26_01_00_03,bumblebox-07,/media/august/AutoPolls9/dose-curve-pesticide-data/MCs-3-and-4/post-exposure/bumblebox-07_2026-02-26_01_00_03.mp4,/tmp/bumblebox_hourly_primary_mc1_8_explicit_links/MCs-3-and-4/post/2026-02-26/bumblebox-07_2026-02-26_01_00_03.mp4,base_hourly,original hourly round-robin selection
33,2,post,true,MCs-5-and-6,5;6,2026-02-23,2026-02-26,post_exposure_folder,01,00,exact_hh00,full_24_hours,bumblebox-18_2026-02-26_01_00_04,bumblebox-18,/media/august/AutoPolls9/dose-curve-pesticide-data/MCs-5-and-6/post-exposure/bumblebox-18_2026-02-26_01_00_04.mp4,/tmp/bumblebox_hourly_primary_mc1_8_explicit_links/MCs-5-and-6/post/2026-02-26/bumblebox-18_2026-02-26_01_00_04.mp4,base_hourly,original hourly round-robin selection
34,2,post,true,MCs-7-and-8,7;8,2026-02-23,2026-02-26,post_exposure_folder,01,00,exact_hh00,full_24_hours,bumblebox-15_2026-02-26_01_00_02,bumblebox-15,/media/august/AutoPolls9/dose-curve-pesticide-data/MCs-7-and-8/post-exposure/bumblebox-15_2026-02-26_01_00_02.mp4,/tmp/bumblebox_hourly_primary_mc1_8_explicit_links/MCs-7-and-8/post/2026-02-26/bumblebox-15_2026-02-26_01_00_02.mp4,base_hourly,original hourly round-robin selection
42,2,pre,true,MCs-17-and-18,17;18,,2026-03-15,augmented_pre_exposure,01,30,augmented_extra,augmented,bumblebox-9_2026-03-15_01_30_03,bumblebox-9,/media/august/Expansion/Behavioral-Entropy-Pesticide-Dosing-Exps/MCs-17-and-18/2026-03-15/bumblebox-9_2026-03-15_01_30_03.mp4,,blur_compensation_10ppb,all available extra pre videos for MC17 to compensate blurry MC2 10ppb; MC16 has no pre source videos
50,3,pre,true,MCs-1-and-2,1;2,2026-02-23,2026-02-23,pre_exposure_folder,02,00,exact_hh00,partial_day,bumblebox-19_2026-02-23_02_00_03,bumblebox-19,/media/august/AutoPolls9/dose-curve-pesticide-data/MCs-1-and-2/pre-exposure/bumblebox-19_2026-02-23_02_00_03.mp4,/tmp/bumblebox_hourly_primary_mc1_8_explicit_links/MCs-1-and-2/pre/2026-02-23/bumblebox-19_2026-02-23_02_00_03.mp4,base_hourly,original hourly round-robin selection
51,3,pre,true,MCs-1-and-2,1;2,,2026-02-23,augmented_pre_exposure,02,20,augmented_extra,augmented,bumblebox-19_2026-02-23_02_20_03,bumblebox-19,/media/august/AutoPolls9/dose-curve-pesticide-data/MCs-1-and-2/pre-exposure/bumblebox-19_2026-02-23_02_20_03.mp4,,pre_fill_to_24_if_possible,fill MCs-1-and-2 pre from 16 toward 24 using non-hourly pre videos
52,3,post,true,MCs-1-and-2,1;2,2026-02-23,2026-02-26,post_exposure_folder,02,00,exact_hh00,full_24_hours,bumblebox-19_2026-02-26_02_00_03,bumblebox-19,/media/august/AutoPolls9/dose-curve-pesticide-data/MCs-1-and-2/post-exposure/bumblebox-19_2026-02-26_02_00_03.mp4,/tmp/bumblebox_hourly_primary_mc1_8_explicit_links/MCs-1-and-2/post/2026-02-26/bumblebox-19_2026-02-26_02_00_03.mp4,base_hourly,original hourly round-robin selection
53,3,pre,true,MCs-3-and-4,3;4,2026-02-23,2026-02-22,pre_exposure_folder,02,00,exact_hh00,full_24_hours,bumblebox-07_2026-02-22_02_00_03,bumblebox-07,/media/august/AutoPolls9/dose-curve-pesticide-data/MCs-3-and-4/pre-exposure/bumblebox-07_2026-02-22_02_00_03.mp4,/tmp/bumblebox_hourly_primary_mc1_8_explicit_links/MCs-3-and-4/pre/2026-02-22/bumblebox-07_2026-02-22_02_00_03.mp4,base_hourly,original hourly round-robin selection
54,3,post,true,MCs-3-and-4,3;4,2026-02-23,2026-02-26,post_exposure_folder,02,00,exact_hh00,full_24_hours,bumblebox-07_2026-02-26_02_00_03,bumblebox-07,/media/august/AutoPolls9/dose-curve-pesticide-data/MCs-3-and-4/post-exposure/bumblebox-07_2026-02-26_02_00_03.mp4,/tmp/bumblebox_hourly_primary_mc1_8_explicit_links/MCs-3-and-4/post/2026-02-26/bumblebox-07_2026-02-26_02_00_03.mp4,base_hourly,original hourly round-robin selection
55,3,post,true,MCs-5-and-6,5;6,2026-02-23,2026-02-26,post_exposure_folder,02,00,exact_hh00,full_24_hours,bumblebox-18_2026-02-26_02_00_04,bumblebox-18,/media/august/AutoPolls9/dose-curve-pesticide-data/MCs-5-and-6/post-exposure/bumblebox-18_2026-02-26_02_00_04.mp4,/tmp/bumblebox_hourly_primary_mc1_8_explicit_links/MCs-5-and-6/post/2026-02-26/bumblebox-18_2026-02-26_02_00_04.mp4,base_hourly,original hourly round-robin selection
56,3,post,true,MCs-7-and-8,7;8,2026-02-23,2026-02-26,post_exposure_folder,02,00,exact_hh00,full_24_hours,bumblebox-15_2026-02-26_02_00_03,bumblebox-15,/media/august/AutoPolls9/dose-curve-pesticide-data/MCs-7-and-8/post-exposure/bumblebox-15_2026-02-26_02_00_03.mp4,/tmp/bumblebox_hourly_primary_mc1_8_explicit_links/MCs-7-and-8/post/2026-02-26/bumblebox-15_2026-02-26_02_00_03.mp4,base_hourly,original hourly round-robin selection
61,3,pre,true,MCs-13-and-14,13;14,,2026-03-01,augmented_pre_exposure,02,30,augmented_extra,augmented,bumblebox-18_2026-03-01_02_30_05,bumblebox-18,/media/august/Expansion/Behavioral-Entropy-Pesticide-Dosing-Exps/MCs-13-and-14/2026-03-01/bumblebox-18_2026-03-01_02_30_05.mp4,,blur_compensation_0.5ppb,extra pre videos for MC14 to compensate blurry MC1 0.5ppb
63,3,post,true,MCs-13-and-14,13;14,2026-03-02,2026-03-05,post_dose_d_plus_3,02,30,augmented_extra,augmented,bumblebox-18_2026-03-05_02_30_04,bumblebox-18,/media/august/Expansion/Behavioral-Entropy-Pesticide-Dosing-Exps/MCs-13-and-14/2026-03-05/bumblebox-18_2026-03-05_02_30_04.mp4,,post_compensate_blurry_mc1_2,post compensation for blurry MC1/2: MC14 matches MC1 0.5ppb
65,3,post,true,MCs-15-and-16,15;16,2026-03-02,2026-03-05,post_dose_d_plus_3,02,30,augmented_extra,augmented,bumblebox-15_2026-03-05_02_30_04,bumblebox-15,/media/august/Expansion/Behavioral-Entropy-Pesticide-Dosing-Exps/MCs-15-and-16/2026-03-05/bumblebox-15_2026-03-05_02_30_04.mp4,,post_compensate_blurry_mc1_2,post compensation for blurry MC1/2: MC16 matches MC2 10ppb
67,3,pre,true,MCs-17-and-18,17;18,,2026-03-15,augmented_pre_exposure,02,30,augmented_extra,augmented,bumblebox-9_2026-03-15_02_30_03,bumblebox-9,/media/august/Expansion/Behavioral-Entropy-Pesticide-Dosing-Exps/MCs-17-and-18/2026-03-15/bumblebox-9_2026-03-15_02_30_03.mp4,,blur_compensation_10ppb,all available extra pre videos for MC17 to compensate blurry MC2 10ppb; MC16 has no pre source videos
69,3,post,true,MCs-17-and-18,17;18,2026-03-16,2026-03-19,post_dose_d_plus_3,02,30,augmented_extra,augmented,bumblebox-9_2026-03-19_02_30_03,bumblebox-9,/media/august/Expansion/Behavioral-Entropy-Pesticide-Dosing-Exps/MCs-17-and-18/2026-03-19/bumblebox-9_2026-03-19_02_30_03.mp4,,post_compensate_blurry_mc1_2,post compensation for blurry MC1/2: MC17 matches MC2 10ppb
73,3,pre,true,MCs-21-and-22,21;22,,2026-03-15,augmented_pre_exposure,02,30,augmented_extra,augmented,bumblebox-18_2026-03-15_02_30_04,bumblebox-18,/media/august/Expansion/Behavioral-Entropy-Pesticide-Dosing-Exps/MCs-21-and-22/2026-03-15/bumblebox-18_2026-03-15_02_30_04.mp4,,blur_compensation_0.5ppb,extra pre videos for MC21 to compensate blurry MC1 0.5ppb
75,3,post,true,MCs-21-and-22,21;22,2026-03-16,2026-03-18,post_dose_d_plus_2_substitute,02,30,augmented_extra,augmented,bumblebox-18_2026-03-18_02_30_04,bumblebox-18,/media/august/Expansion/Behavioral-Entropy-Pesticide-Dosing-Exps/MCs-21-and-22/2026-03-18/bumblebox-18_2026-03-18_02_30_04.mp4,,post_compensate_blurry_mc1_2,post compensation for blurry MC1/2: MC21 matches MC1 0.5ppb
78,4,pre,true,MCs-1-and-2,1;2,2026-02-23,2026-02-23,pre_exposure_folder,03,00,exact_hh00,partial_day,bumblebox-19_2026-02-23_03_00_02,bumblebox-19,/media/august/AutoPolls9/dose-curve-pesticide-data/MCs-1-and-2/pre-exposure/bumblebox-19_2026-02-23_03_00_02.mp4,/tmp/bumblebox_hourly_primary_mc1_8_explicit_links/MCs-1-and-2/pre/2026-02-23/bumblebox-19_2026-02-23_03_00_02.mp4,base_hourly,original hourly round-robin selection
79,4,post,true,MCs-1-and-2,1;2,2026-02-23,2026-02-26,post_exposure_folder,03,00,exact_hh00,full_24_hours,bumblebox-19_2026-02-26_03_00_03,bumblebox-19,/media/august/AutoPolls9/dose-curve-pesticide-data/MCs-1-and-2/post-exposure/bumblebox-19_2026-02-26_03_00_03.mp4,/tmp/bumblebox_hourly_primary_mc1_8_explicit_links/MCs-1-and-2/post/2026-02-26/bumblebox-19_2026-02-26_03_00_03.mp4,base_hourly,original hourly round-robin selection
80,4,pre,true,MCs-3-and-4,3;4,2026-02-23,2026-02-22,pre_exposure_folder,03,00,exact_hh00,full_24_hours,bumblebox-07_2026-02-22_03_00_02,bumblebox-07,/media/august/AutoPolls9/dose-curve-pesticide-data/MCs-3-and-4/pre-exposure/bumblebox-07_2026-02-22_03_00_02.mp4,/tmp/bumblebox_hourly_primary_mc1_8_explicit_links/MCs-3-and-4/pre/2026-02-22/bumblebox-07_2026-02-22_03_00_02.mp4,base_hourly,original hourly round-robin selection
81,4,post,true,MCs-3-and-4,3;4,2026-02-23,2026-02-26,post_exposure_folder,03,00,exact_hh00,full_24_hours,bumblebox-07_2026-02-26_03_00_03,bumblebox-07,/media/august/AutoPolls9/dose-curve-pesticide-data/MCs-3-and-4/post-exposure/bumblebox-07_2026-02-26_03_00_03.mp4,/tmp/bumblebox_hourly_primary_mc1_8_explicit_links/MCs-3-and-4/post/2026-02-26/bumblebox-07_2026-02-26_03_00_03.mp4,base_hourly,original hourly round-robin selection
82,4,post,true,MCs-5-and-6,5;6,2026-02-23,2026-02-26,post_exposure_folder,03,00,exact_hh00,full_24_hours,bumblebox-18_2026-02-26_03_00_04,bumblebox-18,/media/august/AutoPolls9/dose-curve-pesticide-data/MCs-5-and-6/post-exposure/bumblebox-18_2026-02-26_03_00_04.mp4,/tmp/bumblebox_hourly_primary_mc1_8_explicit_links/MCs-5-and-6/post/2026-02-26/bumblebox-18_2026-02-26_03_00_04.mp4,base_hourly,original hourly round-robin selection
83,4,post,true,MCs-7-and-8,7;8,2026-02-23,2026-02-26,post_exposure_folder,03,00,exact_hh00,full_24_hours,bumblebox-15_2026-02-26_03_00_03,bumblebox-15,/media/august/AutoPolls9/dose-curve-pesticide-data/MCs-7-and-8/post-exposure/bumblebox-15_2026-02-26_03_00_03.mp4,/tmp/bumblebox_hourly_primary_mc1_8_explicit_links/MCs-7-and-8/post/2026-02-26/bumblebox-15_2026-02-26_03_00_03.mp4,base_hourly,original hourly round-robin selection
91,4,pre,true,MCs-17-and-18,17;18,,2026-03-15,augmented_pre_exposure,03,30,augmented_extra,augmented,bumblebox-9_2026-03-15_03_30_02,bumblebox-9,/media/august/Expansion/Behavioral-Entropy-Pesticide-Dosing-Exps/MCs-17-and-18/2026-03-15/bumblebox-9_2026-03-15_03_30_02.mp4,,blur_compensation_10ppb,all available extra pre videos for MC17 to compensate blurry MC2 10ppb; MC16 has no pre source videos
99,5,pre,true,MCs-1-and-2,1;2,2026-02-23,2026-02-23,pre_exposure_folder,04,00,exact_hh00,partial_day,bumblebox-19_2026-02-23_04_00_03,bumblebox-19,/media/august/AutoPolls9/dose-curve-pesticide-data/MCs-1-and-2/pre-exposure/bumblebox-19_2026-02-23_04_00_03.mp4,/tmp/bumblebox_hourly_primary_mc1_8_explicit_links/MCs-1-and-2/pre/2026-02-23/bumblebox-19_2026-02-23_04_00_03.mp4,base_hourly,original hourly round-robin selection
100,5,pre,true,MCs-1-and-2,1;2,,2026-02-23,augmented_pre_exposure,04,30,augmented_extra,augmented,bumblebox-19_2026-02-23_04_30_04,bumblebox-19,/media/august/AutoPolls9/dose-curve-pesticide-data/MCs-1-and-2/pre-exposure/bumblebox-19_2026-02-23_04_30_04.mp4,,pre_fill_to_24_if_possible,fill MCs-1-and-2 pre from 16 toward 24 using non-hourly pre videos
101,5,post,true,MCs-1-and-2,1;2,2026-02-23,2026-02-26,post_exposure_folder,04,00,exact_hh00,full_24_hours,bumblebox-19_2026-02-26_04_00_04,bumblebox-19,/media/august/AutoPolls9/dose-curve-pesticide-data/MCs-1-and-2/post-exposure/bumblebox-19_2026-02-26_04_00_04.mp4,/tmp/bumblebox_hourly_primary_mc1_8_explicit_links/MCs-1-and-2/post/2026-02-26/bumblebox-19_2026-02-26_04_00_04.mp4,base_hourly,original hourly round-robin selection
102,5,pre,true,MCs-3-and-4,3;4,2026-02-23,2026-02-22,pre_exposure_folder,04,00,exact_hh00,full_24_hours,bumblebox-07_2026-02-22_04_00_03,bumblebox-07,/media/august/AutoPolls9/dose-curve-pesticide-data/MCs-3-and-4/pre-exposure/bumblebox-07_2026-02-22_04_00_03.mp4,/tmp/bumblebox_hourly_primary_mc1_8_explicit_links/MCs-3-and-4/pre/2026-02-22/bumblebox-07_2026-02-22_04_00_03.mp4,base_hourly,original hourly round-robin selection
103,5,post,true,MCs-3-and-4,3;4,2026-02-23,2026-02-26,post_exposure_folder,04,00,exact_hh00,full_24_hours,bumblebox-07_2026-02-26_04_00_03,bumblebox-07,/media/august/AutoPolls9/dose-curve-pesticide-data/MCs-3-and-4/post-exposure/bumblebox-07_2026-02-26_04_00_03.mp4,/tmp/bumblebox_hourly_primary_mc1_8_explicit_links/MCs-3-and-4/post/2026-02-26/bumblebox-07_2026-02-26_04_00_03.mp4,base_hourly,original hourly round-robin selection
104,5,post,true,MCs-5-and-6,5;6,2026-02-23,2026-02-26,post_exposure_folder,04,00,exact_hh00,full_24_hours,bumblebox-18_2026-02-26_04_00_04,bumblebox-18,/media/august/AutoPolls9/dose-curve-pesticide-data/MCs-5-and-6/post-exposure/bumblebox-18_2026-02-26_04_00_04.mp4,/tmp/bumblebox_hourly_primary_mc1_8_explicit_links/MCs-5-and-6/post/2026-02-26/bumblebox-18_2026-02-26_04_00_04.mp4,base_hourly,original hourly round-robin selection
105,5,post,true,MCs-7-and-8,7;8,2026-02-23,2026-02-26,post_exposure_folder,04,00,exact_hh00,full_24_hours,bumblebox-15_2026-02-26_04_00_03,bumblebox-15,/media/august/AutoPolls9/dose-curve-pesticide-data/MCs-7-and-8/post-exposure/bumblebox-15_2026-02-26_04_00_03.mp4,/tmp/bumblebox_hourly_primary_mc1_8_explicit_links/MCs-7-and-8/post/2026-02-26/bumblebox-15_2026-02-26_04_00_03.mp4,base_hourly,original hourly round-robin selection
110,5,pre,true,MCs-13-and-14,13;14,,2026-03-01,augmented_pre_exposure,04,30,augmented_extra,augmented,bumblebox-18_2026-03-01_04_30_04,bumblebox-18,/media/august/Expansion/Behavioral-Entropy-Pesticide-Dosing-Exps/MCs-13-and-14/2026-03-01/bumblebox-18_2026-03-01_04_30_04.mp4,,blur_compensation_0.5ppb,extra pre videos for MC14 to compensate blurry MC1 0.5ppb
112,5,post,true,MCs-13-and-14,13;14,2026-03-02,2026-03-05,post_dose_d_plus_3,04,30,augmented_extra,augmented,bumblebox-18_2026-03-05_04_30_04,bumblebox-18,/media/august/Expansion/Behavioral-Entropy-Pesticide-Dosing-Exps/MCs-13-and-14/2026-03-05/bumblebox-18_2026-03-05_04_30_04.mp4,,post_compensate_blurry_mc1_2,post compensation for blurry MC1/2: MC14 matches MC1 0.5ppb
114,5,post,true,MCs-15-and-16,15;16,2026-03-02,2026-03-05,post_dose_d_plus_3,04,30,augmented_extra,augmented,bumblebox-15_2026-03-05_04_30_04,bumblebox-15,/media/august/Expansion/Behavioral-Entropy-Pesticide-Dosing-Exps/MCs-15-and-16/2026-03-05/bumblebox-15_2026-03-05_04_30_04.mp4,,post_compensate_blurry_mc1_2,post compensation for blurry MC1/2: MC16 matches MC2 10ppb
116,5,pre,true,MCs-17-and-18,17;18,,2026-03-15,augmented_pre_exposure,04,30,augmented_extra,augmented,bumblebox-9_2026-03-15_04_30_03,bumblebox-9,/media/august/Expansion/Behavioral-Entropy-Pesticide-Dosing-Exps/MCs-17-and-18/2026-03-15/bumblebox-9_2026-03-15_04_30_03.mp4,,blur_compensation_10ppb,all available extra pre videos for MC17 to compensate blurry MC2 10ppb; MC16 has no pre source videos
118,5,post,true,MCs-17-and-18,17;18,2026-03-16,2026-03-19,post_dose_d_plus_3,04,30,augmented_extra,augmented,bumblebox-9_2026-03-19_04_30_03,bumblebox-9,/media/august/Expansion/Behavioral-Entropy-Pesticide-Dosing-Exps/MCs-17-and-18/2026-03-19/bumblebox-9_2026-03-19_04_30_03.mp4,,post_compensate_blurry_mc1_2,post compensation for blurry MC1/2: MC17 matches MC2 10ppb
122,5,pre,true,MCs-21-and-22,21;22,,2026-03-15,augmented_pre_exposure,04,30,augmented_extra,augmented,bumblebox-18_2026-03-15_04_30_04,bumblebox-18,/media/august/Expansion/Behavioral-Entropy-Pesticide-Dosing-Exps/MCs-21-and-22/2026-03-15/bumblebox-18_2026-03-15_04_30_04.mp4,,blur_compensation_0.5ppb,extra pre videos for MC21 to compensate blurry MC1 0.5ppb
124,5,post,true,MCs-21-and-22,21;22,2026-03-16,2026-03-18,post_dose_d_plus_2_substitute,04,30,augmented_extra,augmented,bumblebox-18_2026-03-18_04_30_04,bumblebox-18,/media/august/Expansion/Behavioral-Entropy-Pesticide-Dosing-Exps/MCs-21-and-22/2026-03-18/bumblebox-18_2026-03-18_04_30_04.mp4,,post_compensate_blurry_mc1_2,post compensation for blurry MC1/2: MC21 matches MC1 0.5ppb
127,6,pre,true,MCs-1-and-2,1;2,2026-02-23,2026-02-23,pre_exposure_folder,05,00,exact_hh00,partial_day,bumblebox-19_2026-02-23_05_00_03,bumblebox-19,/media/august/AutoPolls9/dose-curve-pesticide-data/MCs-1-and-2/pre-exposure/bumblebox-19_2026-02-23_05_00_03.mp4,/tmp/bumblebox_hourly_primary_mc1_8_explicit_links/MCs-1-and-2/pre/2026-02-23/bumblebox-19_2026-02-23_05_00_03.mp4,base_hourly,original hourly round-robin selection
128,6,post,true,MCs-1-and-2,1;2,2026-02-23,2026-02-26,post_exposure_folder,05,00,exact_hh00,full_24_hours,bumblebox-19_2026-02-26_05_00_04,bumblebox-19,/media/august/AutoPolls9/dose-curve-pesticide-data/MCs-1-and-2/post-exposure/bumblebox-19_2026-02-26_05_00_04.mp4,/tmp/bumblebox_hourly_primary_mc1_8_explicit_links/MCs-1-and-2/post/2026-02-26/bumblebox-19_2026-02-26_05_00_04.mp4,base_hourly,original hourly round-robin selection
129,6,pre,true,MCs-3-and-4,3;4,2026-02-23,2026-02-22,pre_exposure_folder,05,00,exact_hh00,full_24_hours,bumblebox-07_2026-02-22_05_00_03,bumblebox-07,/media/august/AutoPolls9/dose-curve-pesticide-data/MCs-3-and-4/pre-exposure/bumblebox-07_2026-02-22_05_00_03.mp4,/tmp/bumblebox_hourly_primary_mc1_8_explicit_links/MCs-3-and-4/pre/2026-02-22/bumblebox-07_2026-02-22_05_00_03.mp4,base_hourly,original hourly round-robin selection
130,6,post,true,MCs-3-and-4,3;4,2026-02-23,2026-02-26,post_exposure_folder,05,00,exact_hh00,full_24_hours,bumblebox-07_2026-02-26_05_00_03,bumblebox-07,/media/august/AutoPolls9/dose-curve-pesticide-data/MCs-3-and-4/post-exposure/bumblebox-07_2026-02-26_05_00_03.mp4,/tmp/bumblebox_hourly_primary_mc1_8_explicit_links/MCs-3-and-4/post/2026-02-26/bumblebox-07_2026-02-26_05_00_03.mp4,base_hourly,original hourly round-robin selection
131,6,post,true,MCs-5-and-6,5;6,2026-02-23,2026-02-26,post_exposure_folder,05,00,exact_hh00,full_24_hours,bumblebox-18_2026-02-26_05_00_03,bumblebox-18,/media/august/AutoPolls9/dose-curve-pesticide-data/MCs-5-and-6/post-exposure/bumblebox-18_2026-02-26_05_00_03.mp4,/tmp/bumblebox_hourly_primary_mc1_8_explicit_links/MCs-5-and-6/post/2026-02-26/bumblebox-18_2026-02-26_05_00_03.mp4,base_hourly,original hourly round-robin selection
132,6,post,true,MCs-7-and-8,7;8,2026-02-23,2026-02-26,post_exposure_folder,05,00,exact_hh00,full_24_hours,bumblebox-15_2026-02-26_05_00_03,bumblebox-15,/media/august/AutoPolls9/dose-curve-pesticide-data/MCs-7-and-8/post-exposure/bumblebox-15_2026-02-26_05_00_03.mp4,/tmp/bumblebox_hourly_primary_mc1_8_explicit_links/MCs-7-and-8/post/2026-02-26/bumblebox-15_2026-02-26_05_00_03.mp4,base_hourly,original hourly round-robin selection
140,6,pre,true,MCs-17-and-18,17;18,,2026-03-15,augmented_pre_exposure,05,30,augmented_extra,augmented,bumblebox-9_2026-03-15_05_30_03,bumblebox-9,/media/august/Expansion/Behavioral-Entropy-Pesticide-Dosing-Exps/MCs-17-and-18/2026-03-15/bumblebox-9_2026-03-15_05_30_03.mp4,,blur_compensation_10ppb,all available extra pre videos for MC17 to compensate blurry MC2 10ppb; MC16 has no pre source videos
148,7,pre,true,MCs-1-and-2,1;2,2026-02-23,2026-02-23,pre_exposure_folder,06,00,exact_hh00,partial_day,bumblebox-19_2026-02-23_06_00_03,bumblebox-19,/media/august/AutoPolls9/dose-curve-pesticide-data/MCs-1-and-2/pre-exposure/bumblebox-19_2026-02-23_06_00_03.mp4,/tmp/bumblebox_hourly_primary_mc1_8_explicit_links/MCs-1-and-2/pre/2026-02-23/bumblebox-19_2026-02-23_06_00_03.mp4,base_hourly,original hourly round-robin selection
149,7,pre,true,MCs-1-and-2,1;2,,2026-02-23,augmented_pre_exposure,06,40,augmented_extra,augmented,bumblebox-19_2026-02-23_06_40_03,bumblebox-19,/media/august/AutoPolls9/dose-curve-pesticide-data/MCs-1-and-2/pre-exposure/bumblebox-19_2026-02-23_06_40_03.mp4,,pre_fill_to_24_if_possible,fill MCs-1-and-2 pre from 16 toward 24 using non-hourly pre videos
150,7,post,true,MCs-1-and-2,1;2,2026-02-23,2026-02-26,post_exposure_folder,06,00,exact_hh00,full_24_hours,bumblebox-19_2026-02-26_06_00_03,bumblebox-19,/media/august/AutoPolls9/dose-curve-pesticide-data/MCs-1-and-2/post-exposure/bumblebox-19_2026-02-26_06_00_03.mp4,/tmp/bumblebox_hourly_primary_mc1_8_explicit_links/MCs-1-and-2/post/2026-02-26/bumblebox-19_2026-02-26_06_00_03.mp4,base_hourly,original hourly round-robin selection
151,7,pre,true,MCs-3-and-4,3;4,2026-02-23,2026-02-22,pre_exposure_folder,06,00,exact_hh00,full_24_hours,bumblebox-07_2026-02-22_06_00_03,bumblebox-07,/media/august/AutoPolls9/dose-curve-pesticide-data/MCs-3-and-4/pre-exposure/bumblebox-07_2026-02-22_06_00_03.mp4,/tmp/bumblebox_hourly_primary_mc1_8_explicit_links/MCs-3-and-4/pre/2026-02-22/bumblebox-07_2026-02-22_06_00_03.mp4,base_hourly,original hourly round-robin selection
152,7,post,true,MCs-3-and-4,3;4,2026-02-23,2026-02-26,post_exposure_folder,06,00,exact_hh00,full_24_hours,bumblebox-07_2026-02-26_06_00_03,bumblebox-07,/media/august/AutoPolls9/dose-curve-pesticide-data/MCs-3-and-4/post-exposure/bumblebox-07_2026-02-26_06_00_03.mp4,/tmp/bumblebox_hourly_primary_mc1_8_explicit_links/MCs-3-and-4/post/2026-02-26/bumblebox-07_2026-02-26_06_00_03.mp4,base_hourly,original hourly round-robin selection
153,7,post,true,MCs-5-and-6,5;6,2026-02-23,2026-02-26,post_exposure_folder,06,00,exact_hh00,full_24_hours,bumblebox-18_2026-02-26_06_00_16,bumblebox-18,/media/august/AutoPolls9/dose-curve-pesticide-data/MCs-5-and-6/post-exposure/bumblebox-18_2026-02-26_06_00_16.mp4,/tmp/bumblebox_hourly_primary_mc1_8_explicit_links/MCs-5-and-6/post/2026-02-26/bumblebox-18_2026-02-26_06_00_16.mp4,base_hourly,original hourly round-robin selection
154,7,post,true,MCs-7-and-8,7;8,2026-02-23,2026-02-26,post_exposure_folder,06,00,exact_hh00,full_24_hours,bumblebox-15_2026-02-26_06_00_03,bumblebox-15,/media/august/AutoPolls9/dose-curve-pesticide-data/MCs-7-and-8/post-exposure/bumblebox-15_2026-02-26_06_00_03.mp4,/tmp/bumblebox_hourly_primary_mc1_8_explicit_links/MCs-7-and-8/post/2026-02-26/bumblebox-15_2026-02-26_06_00_03.mp4,base_hourly,original hourly round-robin selection
159,7,pre,true,MCs-13-and-14,13;14,,2026-03-01,augmented_pre_exposure,06,30,augmented_extra,augmented,bumblebox-18_2026-03-01_06_30_04,bumblebox-18,/media/august/Expansion/Behavioral-Entropy-Pesticide-Dosing-Exps/MCs-13-and-14/2026-03-01/bumblebox-18_2026-03-01_06_30_04.mp4,,blur_compensation_0.5ppb,extra pre videos for MC14 to compensate blurry MC1 0.5ppb
161,7,post,true,MCs-13-and-14,13;14,2026-03-02,2026-03-05,post_dose_d_plus_3,06,30,augmented_extra,augmented,bumblebox-18_2026-03-05_06_30_03,bumblebox-18,/media/august/Expansion/Behavioral-Entropy-Pesticide-Dosing-Exps/MCs-13-and-14/2026-03-05/bumblebox-18_2026-03-05_06_30_03.mp4,,post_compensate_blurry_mc1_2,post compensation for blurry MC1/2: MC14 matches MC1 0.5ppb
163,7,post,true,MCs-15-and-16,15;16,2026-03-02,2026-03-05,post_dose_d_plus_3,06,30,augmented_extra,augmented,bumblebox-15_2026-03-05_06_30_05,bumblebox-15,/media/august/Expansion/Behavioral-Entropy-Pesticide-Dosing-Exps/MCs-15-and-16/2026-03-05/bumblebox-15_2026-03-05_06_30_05.mp4,,post_compensate_blurry_mc1_2,post compensation for blurry MC1/2: MC16 matches MC2 10ppb
165,7,pre,true,MCs-17-and-18,17;18,,2026-03-15,augmented_pre_exposure,06,30,augmented_extra,augmented,bumblebox-9_2026-03-15_06_30_03,bumblebox-9,/media/august/Expansion/Behavioral-Entropy-Pesticide-Dosing-Exps/MCs-17-and-18/2026-03-15/bumblebox-9_2026-03-15_06_30_03.mp4,,blur_compensation_10ppb,all available extra pre videos for MC17 to compensate blurry MC2 10ppb; MC16 has no pre source videos
167,7,post,true,MCs-17-and-18,17;18,2026-03-16,2026-03-19,post_dose_d_plus_3,06,30,augmented_extra,augmented,bumblebox-9_2026-03-19_06_30_03,bumblebox-9,/media/august/Expansion/Behavioral-Entropy-Pesticide-Dosing-Exps/MCs-17-and-18/2026-03-19/bumblebox-9_2026-03-19_06_30_03.mp4,,post_compensate_blurry_mc1_2,post compensation for blurry MC1/2: MC17 matches MC2 10ppb
171,7,pre,true,MCs-21-and-22,21;22,,2026-03-15,augmented_pre_exposure,06,30,augmented_extra,augmented,bumblebox-18_2026-03-15_06_30_04,bumblebox-18,/media/august/Expansion/Behavioral-Entropy-Pesticide-Dosing-Exps/MCs-21-and-22/2026-03-15/bumblebox-18_2026-03-15_06_30_04.mp4,,blur_compensation_0.5ppb,extra pre videos for MC21 to compensate blurry MC1 0.5ppb
173,7,post,true,MCs-21-and-22,21;22,2026-03-16,2026-03-18,post_dose_d_plus_2_substitute,06,30,augmented_extra,augmented,bumblebox-18_2026-03-18_06_30_04,bumblebox-18,/media/august/Expansion/Behavioral-Entropy-Pesticide-Dosing-Exps/MCs-21-and-22/2026-03-18/bumblebox-18_2026-03-18_06_30_04.mp4,,post_compensate_blurry_mc1_2,post compensation for blurry MC1/2: MC21 matches MC1 0.5ppb
176,8,pre,true,MCs-1-and-2,1;2,2026-02-23,2026-02-23,pre_exposure_folder,07,00,exact_hh00,partial_day,bumblebox-19_2026-02-23_07_00_03,bumblebox-19,/media/august/AutoPolls9/dose-curve-pesticide-data/MCs-1-and-2/pre-exposure/bumblebox-19_2026-02-23_07_00_03.mp4,/tmp/bumblebox_hourly_primary_mc1_8_explicit_links/MCs-1-and-2/pre/2026-02-23/bumblebox-19_2026-02-23_07_00_03.mp4,base_hourly,original hourly round-robin selection
177,8,post,true,MCs-1-and-2,1;2,2026-02-23,2026-02-26,post_exposure_folder,07,00,exact_hh00,full_24_hours,bumblebox-19_2026-02-26_07_00_04,bumblebox-19,/media/august/AutoPolls9/dose-curve-pesticide-data/MCs-1-and-2/post-exposure/bumblebox-19_2026-02-26_07_00_04.mp4,/tmp/bumblebox_hourly_primary_mc1_8_explicit_links/MCs-1-and-2/post/2026-02-26/bumblebox-19_2026-02-26_07_00_04.mp4,base_hourly,original hourly round-robin selection
178,8,pre,true,MCs-3-and-4,3;4,2026-02-23,2026-02-22,pre_exposure_folder,07,00,exact_hh00,full_24_hours,bumblebox-07_2026-02-22_07_00_03,bumblebox-07,/media/august/AutoPolls9/dose-curve-pesticide-data/MCs-3-and-4/pre-exposure/bumblebox-07_2026-02-22_07_00_03.mp4,/tmp/bumblebox_hourly_primary_mc1_8_explicit_links/MCs-3-and-4/pre/2026-02-22/bumblebox-07_2026-02-22_07_00_03.mp4,base_hourly,original hourly round-robin selection
179,8,post,true,MCs-3-and-4,3;4,2026-02-23,2026-02-26,post_exposure_folder,07,00,exact_hh00,full_24_hours,bumblebox-07_2026-02-26_07_00_03,bumblebox-07,/media/august/AutoPolls9/dose-curve-pesticide-data/MCs-3-and-4/post-exposure/bumblebox-07_2026-02-26_07_00_03.mp4,/tmp/bumblebox_hourly_primary_mc1_8_explicit_links/MCs-3-and-4/post/2026-02-26/bumblebox-07_2026-02-26_07_00_03.mp4,base_hourly,original hourly round-robin selection
180,8,post,true,MCs-5-and-6,5;6,2026-02-23,2026-02-26,post_exposure_folder,07,00,exact_hh00,full_24_hours,bumblebox-18_2026-02-26_07_00_03,bumblebox-18,/media/august/AutoPolls9/dose-curve-pesticide-data/MCs-5-and-6/post-exposure/bumblebox-18_2026-02-26_07_00_03.mp4,/tmp/bumblebox_hourly_primary_mc1_8_explicit_links/MCs-5-and-6/post/2026-02-26/bumblebox-18_2026-02-26_07_00_03.mp4,base_hourly,original hourly round-robin selection
181,8,post,true,MCs-7-and-8,7;8,2026-02-23,2026-02-26,post_exposure_folder,07,00,exact_hh00,full_24_hours,bumblebox-15_2026-02-26_07_00_03,bumblebox-15,/media/august/AutoPolls9/dose-curve-pesticide-data/MCs-7-and-8/post-exposure/bumblebox-15_2026-02-26_07_00_03.mp4,/tmp/bumblebox_hourly_primary_mc1_8_explicit_links/MCs-7-and-8/post/2026-02-26/bumblebox-15_2026-02-26_07_00_03.mp4,base_hourly,original hourly round-robin selection
189,8,pre,true,MCs-17-and-18,17;18,,2026-03-15,augmented_pre_exposure,07,30,augmented_extra,augmented,bumblebox-9_2026-03-15_07_30_03,bumblebox-9,/media/august/Expansion/Behavioral-Entropy-Pesticide-Dosing-Exps/MCs-17-and-18/2026-03-15/bumblebox-9_2026-03-15_07_30_03.mp4,,blur_compensation_10ppb,all available extra pre videos for MC17 to compensate blurry MC2 10ppb; MC16 has no pre source videos
197,9,pre,true,MCs-1-and-2,1;2,2026-02-23,2026-02-23,pre_exposure_folder,08,00,exact_hh00,partial_day,bumblebox-19_2026-02-23_08_00_06,bumblebox-19,/media/august/AutoPolls9/dose-curve-pesticide-data/MCs-1-and-2/pre-exposure/bumblebox-19_2026-02-23_08_00_06.mp4,/tmp/bumblebox_hourly_primary_mc1_8_explicit_links/MCs-1-and-2/pre/2026-02-23/bumblebox-19_2026-02-23_08_00_06.mp4,base_hourly,original hourly round-robin selection
198,9,pre,true,MCs-1-and-2,1;2,,2026-02-23,augmented_pre_exposure,08,50,augmented_extra,augmented,bumblebox-19_2026-02-23_08_50_03,bumblebox-19,/media/august/AutoPolls9/dose-curve-pesticide-data/MCs-1-and-2/pre-exposure/bumblebox-19_2026-02-23_08_50_03.mp4,,pre_fill_to_24_if_possible,fill MCs-1-and-2 pre from 16 toward 24 using non-hourly pre videos
199,9,post,true,MCs-1-and-2,1;2,2026-02-23,2026-02-26,post_exposure_folder,08,00,exact_hh00,full_24_hours,bumblebox-19_2026-02-26_08_00_03,bumblebox-19,/media/august/AutoPolls9/dose-curve-pesticide-data/MCs-1-and-2/post-exposure/bumblebox-19_2026-02-26_08_00_03.mp4,/tmp/bumblebox_hourly_primary_mc1_8_explicit_links/MCs-1-and-2/post/2026-02-26/bumblebox-19_2026-02-26_08_00_03.mp4,base_hourly,original hourly round-robin selection
200,9,pre,true,MCs-3-and-4,3;4,2026-02-23,2026-02-22,pre_exposure_folder,08,00,exact_hh00,full_24_hours,bumblebox-07_2026-02-22_08_00_03,bumblebox-07,/media/august/AutoPolls9/dose-curve-pesticide-data/MCs-3-and-4/pre-exposure/bumblebox-07_2026-02-22_08_00_03.mp4,/tmp/bumblebox_hourly_primary_mc1_8_explicit_links/MCs-3-and-4/pre/2026-02-22/bumblebox-07_2026-02-22_08_00_03.mp4,base_hourly,original hourly round-robin selection
201,9,post,true,MCs-3-and-4,3;4,2026-02-23,2026-02-26,post_exposure_folder,08,00,exact_hh00,full_24_hours,bumblebox-07_2026-02-26_08_00_03,bumblebox-07,/media/august/AutoPolls9/dose-curve-pesticide-data/MCs-3-and-4/post-exposure/bumblebox-07_2026-02-26_08_00_03.mp4,/tmp/bumblebox_hourly_primary_mc1_8_explicit_links/MCs-3-and-4/post/2026-02-26/bumblebox-07_2026-02-26_08_00_03.mp4,base_hourly,original hourly round-robin selection
202,9,post,true,MCs-5-and-6,5;6,2026-02-23,2026-02-26,post_exposure_folder,08,00,exact_hh00,full_24_hours,bumblebox-18_2026-02-26_08_00_04,bumblebox-18,/media/august/AutoPolls9/dose-curve-pesticide-data/MCs-5-and-6/post-exposure/bumblebox-18_2026-02-26_08_00_04.mp4,/tmp/bumblebox_hourly_primary_mc1_8_explicit_links/MCs-5-and-6/post/2026-02-26/bumblebox-18_2026-02-26_08_00_04.mp4,base_hourly,original hourly round-robin selection
203,9,post,true,MCs-7-and-8,7;8,2026-02-23,2026-02-26,post_exposure_folder,08,00,exact_hh00,full_24_hours,bumblebox-15_2026-02-26_08_00_03,bumblebox-15,/media/august/AutoPolls9/dose-curve-pesticide-data/MCs-7-and-8/post-exposure/bumblebox-15_2026-02-26_08_00_03.mp4,/tmp/bumblebox_hourly_primary_mc1_8_explicit_links/MCs-7-and-8/post/2026-02-26/bumblebox-15_2026-02-26_08_00_03.mp4,base_hourly,original hourly round-robin selection
208,9,pre,true,MCs-13-and-14,13;14,,2026-03-01,augmented_pre_exposure,08,30,augmented_extra,augmented,bumblebox-18_2026-03-01_08_30_04,bumblebox-18,/media/august/Expansion/Behavioral-Entropy-Pesticide-Dosing-Exps/MCs-13-and-14/2026-03-01/bumblebox-18_2026-03-01_08_30_04.mp4,,blur_compensation_0.5ppb,extra pre videos for MC14 to compensate blurry MC1 0.5ppb
210,9,post,true,MCs-13-and-14,13;14,2026-03-02,2026-03-05,post_dose_d_plus_3,08,30,augmented_extra,augmented,bumblebox-18_2026-03-05_08_30_04,bumblebox-18,/media/august/Expansion/Behavioral-Entropy-Pesticide-Dosing-Exps/MCs-13-and-14/2026-03-05/bumblebox-18_2026-03-05_08_30_04.mp4,,post_compensate_blurry_mc1_2,post compensation for blurry MC1/2: MC14 matches MC1 0.5ppb
212,9,post,true,MCs-15-and-16,15;16,2026-03-02,2026-03-05,post_dose_d_plus_3,08,30,augmented_extra,augmented,bumblebox-15_2026-03-05_08_30_04,bumblebox-15,/media/august/Expansion/Behavioral-Entropy-Pesticide-Dosing-Exps/MCs-15-and-16/2026-03-05/bumblebox-15_2026-03-05_08_30_04.mp4,,post_compensate_blurry_mc1_2,post compensation for blurry MC1/2: MC16 matches MC2 10ppb
214,9,pre,true,MCs-17-and-18,17;18,,2026-03-15,augmented_pre_exposure,08,30,augmented_extra,augmented,bumblebox-9_2026-03-15_08_30_03,bumblebox-9,/media/august/Expansion/Behavioral-Entropy-Pesticide-Dosing-Exps/MCs-17-and-18/2026-03-15/bumblebox-9_2026-03-15_08_30_03.mp4,,blur_compensation_10ppb,all available extra pre videos for MC17 to compensate blurry MC2 10ppb; MC16 has no pre source videos
216,9,post,true,MCs-17-and-18,17;18,2026-03-16,2026-03-19,post_dose_d_plus_3,08,30,augmented_extra,augmented,bumblebox-9_2026-03-19_08_30_03,bumblebox-9,/media/august/Expansion/Behavioral-Entropy-Pesticide-Dosing-Exps/MCs-17-and-18/2026-03-19/bumblebox-9_2026-03-19_08_30_03.mp4,,post_compensate_blurry_mc1_2,post compensation for blurry MC1/2: MC17 matches MC2 10ppb
220,9,pre,true,MCs-21-and-22,21;22,,2026-03-15,augmented_pre_exposure,08,30,augmented_extra,augmented,bumblebox-18_2026-03-15_08_30_04,bumblebox-18,/media/august/Expansion/Behavioral-Entropy-Pesticide-Dosing-Exps/MCs-21-and-22/2026-03-15/bumblebox-18_2026-03-15_08_30_04.mp4,,blur_compensation_0.5ppb,extra pre videos for MC21 to compensate blurry MC1 0.5ppb
222,9,post,true,MCs-21-and-22,21;22,2026-03-16,2026-03-18,post_dose_d_plus_2_substitute,08,30,augmented_extra,augmented,bumblebox-18_2026-03-18_08_30_03,bumblebox-18,/media/august/Expansion/Behavioral-Entropy-Pesticide-Dosing-Exps/MCs-21-and-22/2026-03-18/bumblebox-18_2026-03-18_08_30_03.mp4,,post_compensate_blurry_mc1_2,post compensation for blurry MC1/2: MC21 matches MC1 0.5ppb
225,10,post,true,MCs-1-and-2,1;2,2026-02-23,2026-02-26,post_exposure_folder,09,00,exact_hh00,full_24_hours,bumblebox-19_2026-02-26_09_00_04,bumblebox-19,/media/august/AutoPolls9/dose-curve-pesticide-data/MCs-1-and-2/post-exposure/bumblebox-19_2026-02-26_09_00_04.mp4,/tmp/bumblebox_hourly_primary_mc1_8_explicit_links/MCs-1-and-2/post/2026-02-26/bumblebox-19_2026-02-26_09_00_04.mp4,base_hourly,original hourly round-robin selection
226,10,pre,true,MCs-3-and-4,3;4,2026-02-23,2026-02-22,pre_exposure_folder,09,00,exact_hh00,full_24_hours,bumblebox-07_2026-02-22_09_00_03,bumblebox-07,/media/august/AutoPolls9/dose-curve-pesticide-data/MCs-3-and-4/pre-exposure/bumblebox-07_2026-02-22_09_00_03.mp4,/tmp/bumblebox_hourly_primary_mc1_8_explicit_links/MCs-3-and-4/pre/2026-02-22/bumblebox-07_2026-02-22_09_00_03.mp4,base_hourly,original hourly round-robin selection
227,10,post,true,MCs-3-and-4,3;4,2026-02-23,2026-02-26,post_exposure_folder,09,00,exact_hh00,full_24_hours,bumblebox-07_2026-02-26_09_00_03,bumblebox-07,/media/august/AutoPolls9/dose-curve-pesticide-data/MCs-3-and-4/post-exposure/bumblebox-07_2026-02-26_09_00_03.mp4,/tmp/bumblebox_hourly_primary_mc1_8_explicit_links/MCs-3-and-4/post/2026-02-26/bumblebox-07_2026-02-26_09_00_03.mp4,base_hourly,original hourly round-robin selection
228,10,post,true,MCs-5-and-6,5;6,2026-02-23,2026-02-26,post_exposure_folder,09,00,exact_hh00,full_24_hours,bumblebox-18_2026-02-26_09_00_04,bumblebox-18,/media/august/AutoPolls9/dose-curve-pesticide-data/MCs-5-and-6/post-exposure/bumblebox-18_2026-02-26_09_00_04.mp4,/tmp/bumblebox_hourly_primary_mc1_8_explicit_links/MCs-5-and-6/post/2026-02-26/bumblebox-18_2026-02-26_09_00_04.mp4,base_hourly,original hourly round-robin selection
229,10,post,true,MCs-7-and-8,7;8,2026-02-23,2026-02-26,post_exposure_folder,09,00,exact_hh00,full_24_hours,bumblebox-15_2026-02-26_09_00_03,bumblebox-15,/media/august/AutoPolls9/dose-curve-pesticide-data/MCs-7-and-8/post-exposure/bumblebox-15_2026-02-26_09_00_03.mp4,/tmp/bumblebox_hourly_primary_mc1_8_explicit_links/MCs-7-and-8/post/2026-02-26/bumblebox-15_2026-02-26_09_00_03.mp4,base_hourly,original hourly round-robin selection
237,10,pre,true,MCs-17-and-18,17;18,,2026-03-15,augmented_pre_exposure,09,30,augmented_extra,augmented,bumblebox-9_2026-03-15_09_30_03,bumblebox-9,/media/august/Expansion/Behavioral-Entropy-Pesticide-Dosing-Exps/MCs-17-and-18/2026-03-15/bumblebox-9_2026-03-15_09_30_03.mp4,,blur_compensation_10ppb,all available extra pre videos for MC17 to compensate blurry MC2 10ppb; MC16 has no pre source videos
245,11,post,true,MCs-1-and-2,1;2,2026-02-23,2026-02-26,post_exposure_folder,10,00,exact_hh00,full_24_hours,bumblebox-19_2026-02-26_10_00_04,bumblebox-19,/media/august/AutoPolls9/dose-curve-pesticide-data/MCs-1-and-2/post-exposure/bumblebox-19_2026-02-26_10_00_04.mp4,/tmp/bumblebox_hourly_primary_mc1_8_explicit_links/MCs-1-and-2/post/2026-02-26/bumblebox-19_2026-02-26_10_00_04.mp4,base_hourly,original hourly round-robin selection
246,11,pre,true,MCs-3-and-4,3;4,2026-02-23,2026-02-22,pre_exposure_folder,10,00,exact_hh00,full_24_hours,bumblebox-07_2026-02-22_10_00_03,bumblebox-07,/media/august/AutoPolls9/dose-curve-pesticide-data/MCs-3-and-4/pre-exposure/bumblebox-07_2026-02-22_10_00_03.mp4,/tmp/bumblebox_hourly_primary_mc1_8_explicit_links/MCs-3-and-4/pre/2026-02-22/bumblebox-07_2026-02-22_10_00_03.mp4,base_hourly,original hourly round-robin selection
247,11,post,true,MCs-3-and-4,3;4,2026-02-23,2026-02-26,post_exposure_folder,10,00,exact_hh00,full_24_hours,bumblebox-07_2026-02-26_10_00_03,bumblebox-07,/media/august/AutoPolls9/dose-curve-pesticide-data/MCs-3-and-4/post-exposure/bumblebox-07_2026-02-26_10_00_03.mp4,/tmp/bumblebox_hourly_primary_mc1_8_explicit_links/MCs-3-and-4/post/2026-02-26/bumblebox-07_2026-02-26_10_00_03.mp4,base_hourly,original hourly round-robin selection
248,11,post,true,MCs-5-and-6,5;6,2026-02-23,2026-02-26,post_exposure_folder,10,00,exact_hh00,full_24_hours,bumblebox-18_2026-02-26_10_00_04,bumblebox-18,/media/august/AutoPolls9/dose-curve-pesticide-data/MCs-5-and-6/post-exposure/bumblebox-18_2026-02-26_10_00_04.mp4,/tmp/bumblebox_hourly_primary_mc1_8_explicit_links/MCs-5-and-6/post/2026-02-26/bumblebox-18_2026-02-26_10_00_04.mp4,base_hourly,original hourly round-robin selection
249,11,post,true,MCs-7-and-8,7;8,2026-02-23,2026-02-26,post_exposure_folder,10,00,exact_hh00,full_24_hours,bumblebox-15_2026-02-26_10_00_03,bumblebox-15,/media/august/AutoPolls9/dose-curve-pesticide-data/MCs-7-and-8/post-exposure/bumblebox-15_2026-02-26_10_00_03.mp4,/tmp/bumblebox_hourly_primary_mc1_8_explicit_links/MCs-7-and-8/post/2026-02-26/bumblebox-15_2026-02-26_10_00_03.mp4,base_hourly,original hourly round-robin selection
254,11,pre,true,MCs-13-and-14,13;14,,2026-03-01,augmented_pre_exposure,10,30,augmented_extra,augmented,bumblebox-18_2026-03-01_10_30_04,bumblebox-18,/media/august/Expansion/Behavioral-Entropy-Pesticide-Dosing-Exps/MCs-13-and-14/2026-03-01/bumblebox-18_2026-03-01_10_30_04.mp4,,blur_compensation_0.5ppb,extra pre videos for MC14 to compensate blurry MC1 0.5ppb
256,11,post,true,MCs-13-and-14,13;14,2026-03-02,2026-03-05,post_dose_d_plus_3,10,30,augmented_extra,augmented,bumblebox-18_2026-03-05_10_30_04,bumblebox-18,/media/august/Expansion/Behavioral-Entropy-Pesticide-Dosing-Exps/MCs-13-and-14/2026-03-05/bumblebox-18_2026-03-05_10_30_04.mp4,,post_compensate_blurry_mc1_2,post compensation for blurry MC1/2: MC14 matches MC1 0.5ppb
258,11,post,true,MCs-15-and-16,15;16,2026-03-02,2026-03-05,post_dose_d_plus_3,10,30,augmented_extra,augmented,bumblebox-15_2026-03-05_10_30_04,bumblebox-15,/media/august/Expansion/Behavioral-Entropy-Pesticide-Dosing-Exps/MCs-15-and-16/2026-03-05/bumblebox-15_2026-03-05_10_30_04.mp4,,post_compensate_blurry_mc1_2,post compensation for blurry MC1/2: MC16 matches MC2 10ppb
260,11,pre,true,MCs-17-and-18,17;18,,2026-03-15,augmented_pre_exposure,10,30,augmented_extra,augmented,bumblebox-9_2026-03-15_10_30_04,bumblebox-9,/media/august/Expansion/Behavioral-Entropy-Pesticide-Dosing-Exps/MCs-17-and-18/2026-03-15/bumblebox-9_2026-03-15_10_30_04.mp4,,blur_compensation_10ppb,all available extra pre videos for MC17 to compensate blurry MC2 10ppb; MC16 has no pre source videos
262,11,post,true,MCs-17-and-18,17;18,2026-03-16,2026-03-19,post_dose_d_plus_3,10,30,augmented_extra,augmented,bumblebox-9_2026-03-19_10_30_03,bumblebox-9,/media/august/Expansion/Behavioral-Entropy-Pesticide-Dosing-Exps/MCs-17-and-18/2026-03-19/bumblebox-9_2026-03-19_10_30_03.mp4,,post_compensate_blurry_mc1_2,post compensation for blurry MC1/2: MC17 matches MC2 10ppb
266,11,pre,true,MCs-21-and-22,21;22,,2026-03-15,augmented_pre_exposure,10,30,augmented_extra,augmented,bumblebox-18_2026-03-15_10_30_04,bumblebox-18,/media/august/Expansion/Behavioral-Entropy-Pesticide-Dosing-Exps/MCs-21-and-22/2026-03-15/bumblebox-18_2026-03-15_10_30_04.mp4,,blur_compensation_0.5ppb,extra pre videos for MC21 to compensate blurry MC1 0.5ppb
268,11,post,true,MCs-21-and-22,21;22,2026-03-16,2026-03-18,post_dose_d_plus_2_substitute,10,30,augmented_extra,augmented,bumblebox-18_2026-03-18_10_30_03,bumblebox-18,/media/august/Expansion/Behavioral-Entropy-Pesticide-Dosing-Exps/MCs-21-and-22/2026-03-18/bumblebox-18_2026-03-18_10_30_03.mp4,,post_compensate_blurry_mc1_2,post compensation for blurry MC1/2: MC21 matches MC1 0.5ppb
271,12,post,true,MCs-1-and-2,1;2,2026-02-23,2026-02-26,post_exposure_folder,11,00,exact_hh00,full_24_hours,bumblebox-19_2026-02-26_11_00_05,bumblebox-19,/media/august/AutoPolls9/dose-curve-pesticide-data/MCs-1-and-2/post-exposure/bumblebox-19_2026-02-26_11_00_05.mp4,/tmp/bumblebox_hourly_primary_mc1_8_explicit_links/MCs-1-and-2/post/2026-02-26/bumblebox-19_2026-02-26_11_00_05.mp4,base_hourly,original hourly round-robin selection
272,12,pre,true,MCs-3-and-4,3;4,2026-02-23,2026-02-22,pre_exposure_folder,11,00,exact_hh00,full_24_hours,bumblebox-07_2026-02-22_11_00_03,bumblebox-07,/media/august/AutoPolls9/dose-curve-pesticide-data/MCs-3-and-4/pre-exposure/bumblebox-07_2026-02-22_11_00_03.mp4,/tmp/bumblebox_hourly_primary_mc1_8_explicit_links/MCs-3-and-4/pre/2026-02-22/bumblebox-07_2026-02-22_11_00_03.mp4,base_hourly,original hourly round-robin selection
273,12,post,true,MCs-3-and-4,3;4,2026-02-23,2026-02-26,post_exposure_folder,11,00,exact_hh00,full_24_hours,bumblebox-07_2026-02-26_11_00_03,bumblebox-07,/media/august/AutoPolls9/dose-curve-pesticide-data/MCs-3-and-4/post-exposure/bumblebox-07_2026-02-26_11_00_03.mp4,/tmp/bumblebox_hourly_primary_mc1_8_explicit_links/MCs-3-and-4/post/2026-02-26/bumblebox-07_2026-02-26_11_00_03.mp4,base_hourly,original hourly round-robin selection
274,12,post,true,MCs-5-and-6,5;6,2026-02-23,2026-02-26,post_exposure_folder,11,00,exact_hh00,full_24_hours,bumblebox-18_2026-02-26_11_00_03,bumblebox-18,/media/august/AutoPolls9/dose-curve-pesticide-data/MCs-5-and-6/post-exposure/bumblebox-18_2026-02-26_11_00_03.mp4,/tmp/bumblebox_hourly_primary_mc1_8_explicit_links/MCs-5-and-6/post/2026-02-26/bumblebox-18_2026-02-26_11_00_03.mp4,base_hourly,original hourly round-robin selection
275,12,post,true,MCs-7-and-8,7;8,2026-02-23,2026-02-26,post_exposure_folder,11,00,exact_hh00,full_24_hours,bumblebox-15_2026-02-26_11_00_03,bumblebox-15,/media/august/AutoPolls9/dose-curve-pesticide-data/MCs-7-and-8/post-exposure/bumblebox-15_2026-02-26_11_00_03.mp4,/tmp/bumblebox_hourly_primary_mc1_8_explicit_links/MCs-7-and-8/post/2026-02-26/bumblebox-15_2026-02-26_11_00_03.mp4,base_hourly,original hourly round-robin selection
283,12,pre,true,MCs-17-and-18,17;18,,2026-03-15,augmented_pre_exposure,11,30,augmented_extra,augmented,bumblebox-9_2026-03-15_11_30_03,bumblebox-9,/media/august/Expansion/Behavioral-Entropy-Pesticide-Dosing-Exps/MCs-17-and-18/2026-03-15/bumblebox-9_2026-03-15_11_30_03.mp4,,blur_compensation_10ppb,all available extra pre videos for MC17 to compensate blurry MC2 10ppb; MC16 has no pre source videos
291,13,post,true,MCs-1-and-2,1;2,2026-02-23,2026-02-26,post_exposure_folder,12,00,exact_hh00,full_24_hours,bumblebox-19_2026-02-26_12_00_05,bumblebox-19,/media/august/AutoPolls9/dose-curve-pesticide-data/MCs-1-and-2/post-exposure/bumblebox-19_2026-02-26_12_00_05.mp4,/tmp/bumblebox_hourly_primary_mc1_8_explicit_links/MCs-1-and-2/post/2026-02-26/bumblebox-19_2026-02-26_12_00_05.mp4,base_hourly,original hourly round-robin selection
292,13,pre,true,MCs-3-and-4,3;4,2026-02-23,2026-02-22,pre_exposure_folder,12,00,exact_hh00,full_24_hours,bumblebox-07_2026-02-22_12_00_03,bumblebox-07,/media/august/AutoPolls9/dose-curve-pesticide-data/MCs-3-and-4/pre-exposure/bumblebox-07_2026-02-22_12_00_03.mp4,/tmp/bumblebox_hourly_primary_mc1_8_explicit_links/MCs-3-and-4/pre/2026-02-22/bumblebox-07_2026-02-22_12_00_03.mp4,base_hourly,original hourly round-robin selection
293,13,post,true,MCs-3-and-4,3;4,2026-02-23,2026-02-26,post_exposure_folder,12,00,exact_hh00,full_24_hours,bumblebox-07_2026-02-26_12_00_03,bumblebox-07,/media/august/AutoPolls9/dose-curve-pesticide-data/MCs-3-and-4/post-exposure/bumblebox-07_2026-02-26_12_00_03.mp4,/tmp/bumblebox_hourly_primary_mc1_8_explicit_links/MCs-3-and-4/post/2026-02-26/bumblebox-07_2026-02-26_12_00_03.mp4,base_hourly,original hourly round-robin selection
294,13,post,true,MCs-5-and-6,5;6,2026-02-23,2026-02-26,post_exposure_folder,12,00,exact_hh00,full_24_hours,bumblebox-18_2026-02-26_12_00_05,bumblebox-18,/media/august/AutoPolls9/dose-curve-pesticide-data/MCs-5-and-6/post-exposure/bumblebox-18_2026-02-26_12_00_05.mp4,/tmp/bumblebox_hourly_primary_mc1_8_explicit_links/MCs-5-and-6/post/2026-02-26/bumblebox-18_2026-02-26_12_00_05.mp4,base_hourly,original hourly round-robin selection
295,13,post,true,MCs-7-and-8,7;8,2026-02-23,2026-02-26,post_exposure_folder,12,00,exact_hh00,full_24_hours,bumblebox-15_2026-02-26_12_00_03,bumblebox-15,/media/august/AutoPolls9/dose-curve-pesticide-data/MCs-7-and-8/post-exposure/bumblebox-15_2026-02-26_12_00_03.mp4,/tmp/bumblebox_hourly_primary_mc1_8_explicit_links/MCs-7-and-8/post/2026-02-26/bumblebox-15_2026-02-26_12_00_03.mp4,base_hourly,original hourly round-robin selection
300,13,pre,true,MCs-13-and-14,13;14,,2026-03-01,augmented_pre_exposure,12,30,augmented_extra,augmented,bumblebox-18_2026-03-01_12_30_04,bumblebox-18,/media/august/Expansion/Behavioral-Entropy-Pesticide-Dosing-Exps/MCs-13-and-14/2026-03-01/bumblebox-18_2026-03-01_12_30_04.mp4,,blur_compensation_0.5ppb,extra pre videos for MC14 to compensate blurry MC1 0.5ppb
302,13,post,true,MCs-13-and-14,13;14,2026-03-02,2026-03-05,post_dose_d_plus_3,12,30,augmented_extra,augmented,bumblebox-18_2026-03-05_12_30_04,bumblebox-18,/media/august/Expansion/Behavioral-Entropy-Pesticide-Dosing-Exps/MCs-13-and-14/2026-03-05/bumblebox-18_2026-03-05_12_30_04.mp4,,post_compensate_blurry_mc1_2,post compensation for blurry MC1/2: MC14 matches MC1 0.5ppb
304,13,post,true,MCs-15-and-16,15;16,2026-03-02,2026-03-05,post_dose_d_plus_3,12,30,augmented_extra,augmented,bumblebox-15_2026-03-05_12_30_04,bumblebox-15,/media/august/Expansion/Behavioral-Entropy-Pesticide-Dosing-Exps/MCs-15-and-16/2026-03-05/bumblebox-15_2026-03-05_12_30_04.mp4,,post_compensate_blurry_mc1_2,post compensation for blurry MC1/2: MC16 matches MC2 10ppb
306,13,pre,true,MCs-17-and-18,17;18,,2026-03-15,augmented_pre_exposure,12,30,augmented_extra,augmented,bumblebox-9_2026-03-15_12_30_03,bumblebox-9,/media/august/Expansion/Behavioral-Entropy-Pesticide-Dosing-Exps/MCs-17-and-18/2026-03-15/bumblebox-9_2026-03-15_12_30_03.mp4,,blur_compensation_10ppb,all available extra pre videos for MC17 to compensate blurry MC2 10ppb; MC16 has no pre source videos
308,13,post,true,MCs-17-and-18,17;18,2026-03-16,2026-03-19,post_dose_d_plus_3,12,30,augmented_extra,augmented,bumblebox-9_2026-03-19_12_30_03,bumblebox-9,/media/august/Expansion/Behavioral-Entropy-Pesticide-Dosing-Exps/MCs-17-and-18/2026-03-19/bumblebox-9_2026-03-19_12_30_03.mp4,,post_compensate_blurry_mc1_2,post compensation for blurry MC1/2: MC17 matches MC2 10ppb
312,13,pre,true,MCs-21-and-22,21;22,,2026-03-15,augmented_pre_exposure,12,30,augmented_extra,augmented,bumblebox-18_2026-03-15_12_30_04,bumblebox-18,/media/august/Expansion/Behavioral-Entropy-Pesticide-Dosing-Exps/MCs-21-and-22/2026-03-15/bumblebox-18_2026-03-15_12_30_04.mp4,,blur_compensation_0.5ppb,extra pre videos for MC21 to compensate blurry MC1 0.5ppb
314,13,post,true,MCs-21-and-22,21;22,2026-03-16,2026-03-18,post_dose_d_plus_2_substitute,12,30,augmented_extra,augmented,bumblebox-18_2026-03-18_12_30_03,bumblebox-18,/media/august/Expansion/Behavioral-Entropy-Pesticide-Dosing-Exps/MCs-21-and-22/2026-03-18/bumblebox-18_2026-03-18_12_30_03.mp4,,post_compensate_blurry_mc1_2,post compensation for blurry MC1/2: MC21 matches MC1 0.5ppb
317,14,post,true,MCs-1-and-2,1;2,2026-02-23,2026-02-26,post_exposure_folder,13,00,exact_hh00,full_24_hours,bumblebox-19_2026-02-26_13_00_03,bumblebox-19,/media/august/AutoPolls9/dose-curve-pesticide-data/MCs-1-and-2/post-exposure/bumblebox-19_2026-02-26_13_00_03.mp4,/tmp/bumblebox_hourly_primary_mc1_8_explicit_links/MCs-1-and-2/post/2026-02-26/bumblebox-19_2026-02-26_13_00_03.mp4,base_hourly,original hourly round-robin selection
318,14,pre,true,MCs-3-and-4,3;4,2026-02-23,2026-02-22,pre_exposure_folder,13,00,exact_hh00,full_24_hours,bumblebox-07_2026-02-22_13_00_03,bumblebox-07,/media/august/AutoPolls9/dose-curve-pesticide-data/MCs-3-and-4/pre-exposure/bumblebox-07_2026-02-22_13_00_03.mp4,/tmp/bumblebox_hourly_primary_mc1_8_explicit_links/MCs-3-and-4/pre/2026-02-22/bumblebox-07_2026-02-22_13_00_03.mp4,base_hourly,original hourly round-robin selection
319,14,post,true,MCs-3-and-4,3;4,2026-02-23,2026-02-26,post_exposure_folder,13,00,exact_hh00,full_24_hours,bumblebox-07_2026-02-26_13_00_03,bumblebox-07,/media/august/AutoPolls9/dose-curve-pesticide-data/MCs-3-and-4/post-exposure/bumblebox-07_2026-02-26_13_00_03.mp4,/tmp/bumblebox_hourly_primary_mc1_8_explicit_links/MCs-3-and-4/post/2026-02-26/bumblebox-07_2026-02-26_13_00_03.mp4,base_hourly,original hourly round-robin selection
320,14,post,true,MCs-5-and-6,5;6,2026-02-23,2026-02-26,post_exposure_folder,13,00,exact_hh00,full_24_hours,bumblebox-18_2026-02-26_13_00_04,bumblebox-18,/media/august/AutoPolls9/dose-curve-pesticide-data/MCs-5-and-6/post-exposure/bumblebox-18_2026-02-26_13_00_04.mp4,/tmp/bumblebox_hourly_primary_mc1_8_explicit_links/MCs-5-and-6/post/2026-02-26/bumblebox-18_2026-02-26_13_00_04.mp4,base_hourly,original hourly round-robin selection
321,14,post,true,MCs-7-and-8,7;8,2026-02-23,2026-02-26,post_exposure_folder,13,00,exact_hh00,full_24_hours,bumblebox-15_2026-02-26_13_00_03,bumblebox-15,/media/august/AutoPolls9/dose-curve-pesticide-data/MCs-7-and-8/post-exposure/bumblebox-15_2026-02-26_13_00_03.mp4,/tmp/bumblebox_hourly_primary_mc1_8_explicit_links/MCs-7-and-8/post/2026-02-26/bumblebox-15_2026-02-26_13_00_03.mp4,base_hourly,original hourly round-robin selection
329,14,pre,true,MCs-17-and-18,17;18,,2026-03-15,augmented_pre_exposure,13,30,augmented_extra,augmented,bumblebox-9_2026-03-15_13_30_03,bumblebox-9,/media/august/Expansion/Behavioral-Entropy-Pesticide-Dosing-Exps/MCs-17-and-18/2026-03-15/bumblebox-9_2026-03-15_13_30_03.mp4,,blur_compensation_10ppb,all available extra pre videos for MC17 to compensate blurry MC2 10ppb; MC16 has no pre source videos
337,15,post,true,MCs-1-and-2,1;2,2026-02-23,2026-02-26,post_exposure_folder,14,00,exact_hh00,full_24_hours,bumblebox-19_2026-02-26_14_00_05,bumblebox-19,/media/august/AutoPolls9/dose-curve-pesticide-data/MCs-1-and-2/post-exposure/bumblebox-19_2026-02-26_14_00_05.mp4,/tmp/bumblebox_hourly_primary_mc1_8_explicit_links/MCs-1-and-2/post/2026-02-26/bumblebox-19_2026-02-26_14_00_05.mp4,base_hourly,original hourly round-robin selection
338,15,pre,true,MCs-3-and-4,3;4,2026-02-23,2026-02-22,pre_exposure_folder,14,00,exact_hh00,full_24_hours,bumblebox-07_2026-02-22_14_00_03,bumblebox-07,/media/august/AutoPolls9/dose-curve-pesticide-data/MCs-3-and-4/pre-exposure/bumblebox-07_2026-02-22_14_00_03.mp4,/tmp/bumblebox_hourly_primary_mc1_8_explicit_links/MCs-3-and-4/pre/2026-02-22/bumblebox-07_2026-02-22_14_00_03.mp4,base_hourly,original hourly round-robin selection
339,15,post,true,MCs-3-and-4,3;4,2026-02-23,2026-02-26,post_exposure_folder,14,00,exact_hh00,full_24_hours,bumblebox-07_2026-02-26_14_00_03,bumblebox-07,/media/august/AutoPolls9/dose-curve-pesticide-data/MCs-3-and-4/post-exposure/bumblebox-07_2026-02-26_14_00_03.mp4,/tmp/bumblebox_hourly_primary_mc1_8_explicit_links/MCs-3-and-4/post/2026-02-26/bumblebox-07_2026-02-26_14_00_03.mp4,base_hourly,original hourly round-robin selection
340,15,post,true,MCs-5-and-6,5;6,2026-02-23,2026-02-26,post_exposure_folder,14,00,exact_hh00,full_24_hours,bumblebox-18_2026-02-26_14_00_04,bumblebox-18,/media/august/AutoPolls9/dose-curve-pesticide-data/MCs-5-and-6/post-exposure/bumblebox-18_2026-02-26_14_00_04.mp4,/tmp/bumblebox_hourly_primary_mc1_8_explicit_links/MCs-5-and-6/post/2026-02-26/bumblebox-18_2026-02-26_14_00_04.mp4,base_hourly,original hourly round-robin selection
341,15,post,true,MCs-7-and-8,7;8,2026-02-23,2026-02-26,post_exposure_folder,14,00,exact_hh00,full_24_hours,bumblebox-15_2026-02-26_14_00_02,bumblebox-15,/media/august/AutoPolls9/dose-curve-pesticide-data/MCs-7-and-8/post-exposure/bumblebox-15_2026-02-26_14_00_02.mp4,/tmp/bumblebox_hourly_primary_mc1_8_explicit_links/MCs-7-and-8/post/2026-02-26/bumblebox-15_2026-02-26_14_00_02.mp4,base_hourly,original hourly round-robin selection
346,15,pre,true,MCs-13-and-14,13;14,,2026-03-01,augmented_pre_exposure,14,30,augmented_extra,augmented,bumblebox-18_2026-03-01_14_30_03,bumblebox-18,/media/august/Expansion/Behavioral-Entropy-Pesticide-Dosing-Exps/MCs-13-and-14/2026-03-01/bumblebox-18_2026-03-01_14_30_03.mp4,,blur_compensation_0.5ppb,extra pre videos for MC14 to compensate blurry MC1 0.5ppb
348,15,post,true,MCs-13-and-14,13;14,2026-03-02,2026-03-05,post_dose_d_plus_3,14,30,augmented_extra,augmented,bumblebox-18_2026-03-05_14_30_03,bumblebox-18,/media/august/Expansion/Behavioral-Entropy-Pesticide-Dosing-Exps/MCs-13-and-14/2026-03-05/bumblebox-18_2026-03-05_14_30_03.mp4,,post_compensate_blurry_mc1_2,post compensation for blurry MC1/2: MC14 matches MC1 0.5ppb
350,15,post,true,MCs-15-and-16,15;16,2026-03-02,2026-03-05,post_dose_d_plus_3,14,30,augmented_extra,augmented,bumblebox-15_2026-03-05_14_30_04,bumblebox-15,/media/august/Expansion/Behavioral-Entropy-Pesticide-Dosing-Exps/MCs-15-and-16/2026-03-05/bumblebox-15_2026-03-05_14_30_04.mp4,,post_compensate_blurry_mc1_2,post compensation for blurry MC1/2: MC16 matches MC2 10ppb
352,15,pre,true,MCs-17-and-18,17;18,,2026-03-15,augmented_pre_exposure,14,30,augmented_extra,augmented,bumblebox-9_2026-03-15_14_30_02,bumblebox-9,/media/august/Expansion/Behavioral-Entropy-Pesticide-Dosing-Exps/MCs-17-and-18/2026-03-15/bumblebox-9_2026-03-15_14_30_02.mp4,,blur_compensation_10ppb,all available extra pre videos for MC17 to compensate blurry MC2 10ppb; MC16 has no pre source videos
354,15,post,true,MCs-17-and-18,17;18,2026-03-16,2026-03-19,post_dose_d_plus_3,14,30,augmented_extra,augmented,bumblebox-9_2026-03-19_14_30_05,bumblebox-9,/media/august/Expansion/Behavioral-Entropy-Pesticide-Dosing-Exps/MCs-17-and-18/2026-03-19/bumblebox-9_2026-03-19_14_30_05.mp4,,post_compensate_blurry_mc1_2,post compensation for blurry MC1/2: MC17 matches MC2 10ppb
358,15,pre,true,MCs-21-and-22,21;22,,2026-03-15,augmented_pre_exposure,14,30,augmented_extra,augmented,bumblebox-18_2026-03-15_14_30_04,bumblebox-18,/media/august/Expansion/Behavioral-Entropy-Pesticide-Dosing-Exps/MCs-21-and-22/2026-03-15/bumblebox-18_2026-03-15_14_30_04.mp4,,blur_compensation_0.5ppb,extra pre videos for MC21 to compensate blurry MC1 0.5ppb
360,15,post,true,MCs-21-and-22,21;22,2026-03-16,2026-03-18,post_dose_d_plus_2_substitute,14,30,augmented_extra,augmented,bumblebox-18_2026-03-18_14_30_03,bumblebox-18,/media/august/Expansion/Behavioral-Entropy-Pesticide-Dosing-Exps/MCs-21-and-22/2026-03-18/bumblebox-18_2026-03-18_14_30_03.mp4,,post_compensate_blurry_mc1_2,post compensation for blurry MC1/2: MC21 matches MC1 0.5ppb
363,16,post,true,MCs-1-and-2,1;2,2026-02-23,2026-02-26,post_exposure_folder,15,00,exact_hh00,full_24_hours,bumblebox-19_2026-02-26_15_00_04,bumblebox-19,/media/august/AutoPolls9/dose-curve-pesticide-data/MCs-1-and-2/post-exposure/bumblebox-19_2026-02-26_15_00_04.mp4,/tmp/bumblebox_hourly_primary_mc1_8_explicit_links/MCs-1-and-2/post/2026-02-26/bumblebox-19_2026-02-26_15_00_04.mp4,base_hourly,original hourly round-robin selection
364,16,pre,true,MCs-3-and-4,3;4,2026-02-23,2026-02-22,pre_exposure_folder,15,00,exact_hh00,full_24_hours,bumblebox-07_2026-02-22_15_00_03,bumblebox-07,/media/august/AutoPolls9/dose-curve-pesticide-data/MCs-3-and-4/pre-exposure/bumblebox-07_2026-02-22_15_00_03.mp4,/tmp/bumblebox_hourly_primary_mc1_8_explicit_links/MCs-3-and-4/pre/2026-02-22/bumblebox-07_2026-02-22_15_00_03.mp4,base_hourly,original hourly round-robin selection
365,16,post,true,MCs-3-and-4,3;4,2026-02-23,2026-02-26,post_exposure_folder,15,00,exact_hh00,full_24_hours,bumblebox-07_2026-02-26_15_00_03,bumblebox-07,/media/august/AutoPolls9/dose-curve-pesticide-data/MCs-3-and-4/post-exposure/bumblebox-07_2026-02-26_15_00_03.mp4,/tmp/bumblebox_hourly_primary_mc1_8_explicit_links/MCs-3-and-4/post/2026-02-26/bumblebox-07_2026-02-26_15_00_03.mp4,base_hourly,original hourly round-robin selection
366,16,post,true,MCs-5-and-6,5;6,2026-02-23,2026-02-26,post_exposure_folder,15,00,exact_hh00,full_24_hours,bumblebox-18_2026-02-26_15_00_04,bumblebox-18,/media/august/AutoPolls9/dose-curve-pesticide-data/MCs-5-and-6/post-exposure/bumblebox-18_2026-02-26_15_00_04.mp4,/tmp/bumblebox_hourly_primary_mc1_8_explicit_links/MCs-5-and-6/post/2026-02-26/bumblebox-18_2026-02-26_15_00_04.mp4,base_hourly,original hourly round-robin selection
367,16,post,true,MCs-7-and-8,7;8,2026-02-23,2026-02-26,post_exposure_folder,15,00,exact_hh00,full_24_hours,bumblebox-15_2026-02-26_15_00_03,bumblebox-15,/media/august/AutoPolls9/dose-curve-pesticide-data/MCs-7-and-8/post-exposure/bumblebox-15_2026-02-26_15_00_03.mp4,/tmp/bumblebox_hourly_primary_mc1_8_explicit_links/MCs-7-and-8/post/2026-02-26/bumblebox-15_2026-02-26_15_00_03.mp4,base_hourly,original hourly round-robin selection
375,16,pre,true,MCs-17-and-18,17;18,,2026-03-15,augmented_pre_exposure,15,30,augmented_extra,augmented,bumblebox-9_2026-03-15_15_30_03,bumblebox-9,/media/august/Expansion/Behavioral-Entropy-Pesticide-Dosing-Exps/MCs-17-and-18/2026-03-15/bumblebox-9_2026-03-15_15_30_03.mp4,,blur_compensation_10ppb,all available extra pre videos for MC17 to compensate blurry MC2 10ppb; MC16 has no pre source videos
383,17,post,true,MCs-1-and-2,1;2,2026-02-23,2026-02-26,post_exposure_folder,16,00,exact_hh00,full_24_hours,bumblebox-19_2026-02-26_16_00_05,bumblebox-19,/media/august/AutoPolls9/dose-curve-pesticide-data/MCs-1-and-2/post-exposure/bumblebox-19_2026-02-26_16_00_05.mp4,/tmp/bumblebox_hourly_primary_mc1_8_explicit_links/MCs-1-and-2/post/2026-02-26/bumblebox-19_2026-02-26_16_00_05.mp4,base_hourly,original hourly round-robin selection
384,17,pre,true,MCs-3-and-4,3;4,2026-02-23,2026-02-22,pre_exposure_folder,16,00,exact_hh00,full_24_hours,bumblebox-07_2026-02-22_16_00_02,bumblebox-07,/media/august/AutoPolls9/dose-curve-pesticide-data/MCs-3-and-4/pre-exposure/bumblebox-07_2026-02-22_16_00_02.mp4,/tmp/bumblebox_hourly_primary_mc1_8_explicit_links/MCs-3-and-4/pre/2026-02-22/bumblebox-07_2026-02-22_16_00_02.mp4,base_hourly,original hourly round-robin selection
385,17,post,true,MCs-3-and-4,3;4,2026-02-23,2026-02-26,post_exposure_folder,16,00,exact_hh00,full_24_hours,bumblebox-07_2026-02-26_16_00_03,bumblebox-07,/media/august/AutoPolls9/dose-curve-pesticide-data/MCs-3-and-4/post-exposure/bumblebox-07_2026-02-26_16_00_03.mp4,/tmp/bumblebox_hourly_primary_mc1_8_explicit_links/MCs-3-and-4/post/2026-02-26/bumblebox-07_2026-02-26_16_00_03.mp4,base_hourly,original hourly round-robin selection
386,17,pre,true,MCs-5-and-6,5;6,,2026-02-22,augmented_pre_exposure,16,50,augmented_extra,augmented,bumblebox-18_2026-02-22_16_50_07,bumblebox-18,/media/august/AutoPolls9/dose-curve-pesticide-data/MCs-5-and-6/pre-exposure/bumblebox-18_2026-02-22_16_50_07.mp4,,pre_fill_to_24_if_possible,fill MCs-5-and-6 pre from 4 toward 22 using non-hourly pre videos
387,17,post,true,MCs-5-and-6,5;6,2026-02-23,2026-02-26,post_exposure_folder,16,00,exact_hh00,full_24_hours,bumblebox-18_2026-02-26_16_00_03,bumblebox-18,/media/august/AutoPolls9/dose-curve-pesticide-data/MCs-5-and-6/post-exposure/bumblebox-18_2026-02-26_16_00_03.mp4,/tmp/bumblebox_hourly_primary_mc1_8_explicit_links/MCs-5-and-6/post/2026-02-26/bumblebox-18_2026-02-26_16_00_03.mp4,base_hourly,original hourly round-robin selection
388,17,post,true,MCs-7-and-8,7;8,2026-02-23,2026-02-26,post_exposure_folder,16,00,exact_hh00,full_24_hours,bumblebox-15_2026-02-26_16_00_03,bumblebox-15,/media/august/AutoPolls9/dose-curve-pesticide-data/MCs-7-and-8/post-exposure/bumblebox-15_2026-02-26_16_00_03.mp4,/tmp/bumblebox_hourly_primary_mc1_8_explicit_links/MCs-7-and-8/post/2026-02-26/bumblebox-15_2026-02-26_16_00_03.mp4,base_hourly,original hourly round-robin selection
393,17,pre,true,MCs-13-and-14,13;14,,2026-03-01,augmented_pre_exposure,16,30,augmented_extra,augmented,bumblebox-18_2026-03-01_16_30_03,bumblebox-18,/media/august/Expansion/Behavioral-Entropy-Pesticide-Dosing-Exps/MCs-13-and-14/2026-03-01/bumblebox-18_2026-03-01_16_30_03.mp4,,blur_compensation_0.5ppb,extra pre videos for MC14 to compensate blurry MC1 0.5ppb
395,17,post,true,MCs-13-and-14,13;14,2026-03-02,2026-03-05,post_dose_d_plus_3,16,30,augmented_extra,augmented,bumblebox-18_2026-03-05_16_30_04,bumblebox-18,/media/august/Expansion/Behavioral-Entropy-Pesticide-Dosing-Exps/MCs-13-and-14/2026-03-05/bumblebox-18_2026-03-05_16_30_04.mp4,,post_compensate_blurry_mc1_2,post compensation for blurry MC1/2: MC14 matches MC1 0.5ppb
397,17,post,true,MCs-15-and-16,15;16,2026-03-02,2026-03-05,post_dose_d_plus_3,16,30,augmented_extra,augmented,bumblebox-15_2026-03-05_16_30_04,bumblebox-15,/media/august/Expansion/Behavioral-Entropy-Pesticide-Dosing-Exps/MCs-15-and-16/2026-03-05/bumblebox-15_2026-03-05_16_30_04.mp4,,post_compensate_blurry_mc1_2,post compensation for blurry MC1/2: MC16 matches MC2 10ppb
399,17,pre,true,MCs-17-and-18,17;18,,2026-03-15,augmented_pre_exposure,16,30,augmented_extra,augmented,bumblebox-9_2026-03-15_16_30_03,bumblebox-9,/media/august/Expansion/Behavioral-Entropy-Pesticide-Dosing-Exps/MCs-17-and-18/2026-03-15/bumblebox-9_2026-03-15_16_30_03.mp4,,blur_compensation_10ppb,all available extra pre videos for MC17 to compensate blurry MC2 10ppb; MC16 has no pre source videos
401,17,post,true,MCs-17-and-18,17;18,2026-03-16,2026-03-19,post_dose_d_plus_3,16,30,augmented_extra,augmented,bumblebox-9_2026-03-19_16_30_03,bumblebox-9,/media/august/Expansion/Behavioral-Entropy-Pesticide-Dosing-Exps/MCs-17-and-18/2026-03-19/bumblebox-9_2026-03-19_16_30_03.mp4,,post_compensate_blurry_mc1_2,post compensation for blurry MC1/2: MC17 matches MC2 10ppb
405,17,pre,true,MCs-21-and-22,21;22,,2026-03-15,augmented_pre_exposure,16,30,augmented_extra,augmented,bumblebox-18_2026-03-15_16_30_04,bumblebox-18,/media/august/Expansion/Behavioral-Entropy-Pesticide-Dosing-Exps/MCs-21-and-22/2026-03-15/bumblebox-18_2026-03-15_16_30_04.mp4,,blur_compensation_0.5ppb,extra pre videos for MC21 to compensate blurry MC1 0.5ppb
407,17,post,true,MCs-21-and-22,21;22,2026-03-16,2026-03-18,post_dose_d_plus_2_substitute,16,30,augmented_extra,augmented,bumblebox-18_2026-03-18_16_30_04,bumblebox-18,/media/august/Expansion/Behavioral-Entropy-Pesticide-Dosing-Exps/MCs-21-and-22/2026-03-18/bumblebox-18_2026-03-18_16_30_04.mp4,,post_compensate_blurry_mc1_2,post compensation for blurry MC1/2: MC21 matches MC1 0.5ppb
410,18,pre,true,MCs-1-and-2,1;2,2026-02-23,2026-02-22,pre_exposure_folder,17,30,fallback_hh30_missing_hh00,partial_day,bumblebox-19_2026-02-22_17_30_04,bumblebox-19,/media/august/AutoPolls9/dose-curve-pesticide-data/MCs-1-and-2/pre-exposure/bumblebox-19_2026-02-22_17_30_04.mp4,/tmp/bumblebox_hourly_primary_mc1_8_explicit_links/MCs-1-and-2/pre/2026-02-22/bumblebox-19_2026-02-22_17_30_04.mp4,base_hourly,original hourly round-robin selection
411,18,pre,true,MCs-1-and-2,1;2,,2026-02-22,augmented_pre_exposure,17,10,augmented_extra,augmented,bumblebox-19_2026-02-22_17_10_06,bumblebox-19,/media/august/AutoPolls9/dose-curve-pesticide-data/MCs-1-and-2/pre-exposure/bumblebox-19_2026-02-22_17_10_06.mp4,,pre_fill_to_24_if_possible,fill MCs-1-and-2 pre from 16 toward 24 using non-hourly pre videos
412,18,post,true,MCs-1-and-2,1;2,2026-02-23,2026-02-26,post_exposure_folder,17,00,exact_hh00,full_24_hours,bumblebox-19_2026-02-26_17_00_04,bumblebox-19,/media/august/AutoPolls9/dose-curve-pesticide-data/MCs-1-and-2/post-exposure/bumblebox-19_2026-02-26_17_00_04.mp4,/tmp/bumblebox_hourly_primary_mc1_8_explicit_links/MCs-1-and-2/post/2026-02-26/bumblebox-19_2026-02-26_17_00_04.mp4,base_hourly,original hourly round-robin selection
413,18,pre,true,MCs-3-and-4,3;4,2026-02-23,2026-02-22,pre_exposure_folder,17,00,exact_hh00,full_24_hours,bumblebox-07_2026-02-22_17_00_03,bumblebox-07,/media/august/AutoPolls9/dose-curve-pesticide-data/MCs-3-and-4/pre-exposure/bumblebox-07_2026-02-22_17_00_03.mp4,/tmp/bumblebox_hourly_primary_mc1_8_explicit_links/MCs-3-and-4/pre/2026-02-22/bumblebox-07_2026-02-22_17_00_03.mp4,base_hourly,original hourly round-robin selection
414,18,post,true,MCs-3-and-4,3;4,2026-02-23,2026-02-26,post_exposure_folder,17,00,exact_hh00,full_24_hours,bumblebox-07_2026-02-26_17_00_03,bumblebox-07,/media/august/AutoPolls9/dose-curve-pesticide-data/MCs-3-and-4/post-exposure/bumblebox-07_2026-02-26_17_00_03.mp4,/tmp/bumblebox_hourly_primary_mc1_8_explicit_links/MCs-3-and-4/post/2026-02-26/bumblebox-07_2026-02-26_17_00_03.mp4,base_hourly,original hourly round-robin selection
415,18,pre,true,MCs-5-and-6,5;6,2026-02-23,2026-02-22,pre_exposure_folder,17,00,exact_hh00,partial_day,bumblebox-18_2026-02-22_17_00_05,bumblebox-18,/media/august/AutoPolls9/dose-curve-pesticide-data/MCs-5-and-6/pre-exposure/bumblebox-18_2026-02-22_17_00_05.mp4,/tmp/bumblebox_hourly_primary_mc1_8_explicit_links/MCs-5-and-6/pre/2026-02-22/bumblebox-18_2026-02-22_17_00_05.mp4,base_hourly,original hourly round-robin selection
416,18,pre,true,MCs-5-and-6,5;6,,2026-02-22,augmented_pre_exposure,17,10,augmented_extra,augmented,bumblebox-18_2026-02-22_17_10_03,bumblebox-18,/media/august/AutoPolls9/dose-curve-pesticide-data/MCs-5-and-6/pre-exposure/bumblebox-18_2026-02-22_17_10_03.mp4,,pre_fill_to_24_if_possible,fill MCs-5-and-6 pre from 4 toward 22 using non-hourly pre videos
417,18,pre,true,MCs-5-and-6,5;6,,2026-02-22,augmented_pre_exposure,17,20,augmented_extra,augmented,bumblebox-18_2026-02-22_17_20_03,bumblebox-18,/media/august/AutoPolls9/dose-curve-pesticide-data/MCs-5-and-6/pre-exposure/bumblebox-18_2026-02-22_17_20_03.mp4,,pre_fill_to_24_if_possible,fill MCs-5-and-6 pre from 4 toward 22 using non-hourly pre videos
418,18,pre,true,MCs-5-and-6,5;6,,2026-02-22,augmented_pre_exposure,17,30,augmented_extra,augmented,bumblebox-18_2026-02-22_17_30_03,bumblebox-18,/media/august/AutoPolls9/dose-curve-pesticide-data/MCs-5-and-6/pre-exposure/bumblebox-18_2026-02-22_17_30_03.mp4,,pre_fill_to_24_if_possible,fill MCs-5-and-6 pre from 4 toward 22 using non-hourly pre videos
419,18,pre,true,MCs-5-and-6,5;6,,2026-02-22,augmented_pre_exposure,17,40,augmented_extra,augmented,bumblebox-18_2026-02-22_17_40_03,bumblebox-18,/media/august/AutoPolls9/dose-curve-pesticide-data/MCs-5-and-6/pre-exposure/bumblebox-18_2026-02-22_17_40_03.mp4,,pre_fill_to_24_if_possible,fill MCs-5-and-6 pre from 4 toward 22 using non-hourly pre videos
420,18,pre,true,MCs-5-and-6,5;6,,2026-02-22,augmented_pre_exposure,17,50,augmented_extra,augmented,bumblebox-18_2026-02-22_17_50_03,bumblebox-18,/media/august/AutoPolls9/dose-curve-pesticide-data/MCs-5-and-6/pre-exposure/bumblebox-18_2026-02-22_17_50_03.mp4,,pre_fill_to_24_if_possible,fill MCs-5-and-6 pre from 4 toward 22 using non-hourly pre videos
421,18,post,true,MCs-5-and-6,5;6,2026-02-23,2026-02-26,post_exposure_folder,17,00,exact_hh00,full_24_hours,bumblebox-18_2026-02-26_17_00_04,bumblebox-18,/media/august/AutoPolls9/dose-curve-pesticide-data/MCs-5-and-6/post-exposure/bumblebox-18_2026-02-26_17_00_04.mp4,/tmp/bumblebox_hourly_primary_mc1_8_explicit_links/MCs-5-and-6/post/2026-02-26/bumblebox-18_2026-02-26_17_00_04.mp4,base_hourly,original hourly round-robin selection
422,18,pre,true,MCs-7-and-8,7;8,2026-02-23,2026-02-22,pre_exposure_folder,17,00,exact_hh00,partial_day,bumblebox-15_2026-02-22_17_00_07,bumblebox-15,/media/august/AutoPolls9/dose-curve-pesticide-data/MCs-7-and-8/pre-exposure/bumblebox-15_2026-02-22_17_00_07.mp4,/tmp/bumblebox_hourly_primary_mc1_8_explicit_links/MCs-7-and-8/pre/2026-02-22/bumblebox-15_2026-02-22_17_00_07.mp4,base_hourly,original hourly round-robin selection
423,18,pre,true,MCs-7-and-8,7;8,,2026-02-22,augmented_pre_exposure,17,10,augmented_extra,augmented,bumblebox-15_2026-02-22_17_10_03,bumblebox-15,/media/august/AutoPolls9/dose-curve-pesticide-data/MCs-7-and-8/pre-exposure/bumblebox-15_2026-02-22_17_10_03.mp4,,pre_fill_to_24_if_possible,fill MCs-7-and-8 pre from 7 toward 24 using non-hourly pre videos
424,18,pre,true,MCs-7-and-8,7;8,,2026-02-22,augmented_pre_exposure,17,30,augmented_extra,augmented,bumblebox-15_2026-02-22_17_30_03,bumblebox-15,/media/august/AutoPolls9/dose-curve-pesticide-data/MCs-7-and-8/pre-exposure/bumblebox-15_2026-02-22_17_30_03.mp4,,pre_fill_to_24_if_possible,fill MCs-7-and-8 pre from 7 toward 24 using non-hourly pre videos
425,18,pre,true,MCs-7-and-8,7;8,,2026-02-22,augmented_pre_exposure,17,50,augmented_extra,augmented,bumblebox-15_2026-02-22_17_50_03,bumblebox-15,/media/august/AutoPolls9/dose-curve-pesticide-data/MCs-7-and-8/pre-exposure/bumblebox-15_2026-02-22_17_50_03.mp4,,pre_fill_to_24_if_possible,fill MCs-7-and-8 pre from 7 toward 24 using non-hourly pre videos
426,18,post,true,MCs-7-and-8,7;8,2026-02-23,2026-02-26,post_exposure_folder,17,00,exact_hh00,full_24_hours,bumblebox-15_2026-02-26_17_00_02,bumblebox-15,/media/august/AutoPolls9/dose-curve-pesticide-data/MCs-7-and-8/post-exposure/bumblebox-15_2026-02-26_17_00_02.mp4,/tmp/bumblebox_hourly_primary_mc1_8_explicit_links/MCs-7-and-8/post/2026-02-26/bumblebox-15_2026-02-26_17_00_02.mp4,base_hourly,original hourly round-robin selection
434,18,pre,true,MCs-17-and-18,17;18,,2026-03-15,augmented_pre_exposure,17,30,augmented_extra,augmented,bumblebox-9_2026-03-15_17_30_03,bumblebox-9,/media/august/Expansion/Behavioral-Entropy-Pesticide-Dosing-Exps/MCs-17-and-18/2026-03-15/bumblebox-9_2026-03-15_17_30_03.mp4,,blur_compensation_10ppb,all available extra pre videos for MC17 to compensate blurry MC2 10ppb; MC16 has no pre source videos
442,19,pre,true,MCs-1-and-2,1;2,2026-02-23,2026-02-22,pre_exposure_folder,18,00,exact_hh00,partial_day,bumblebox-19_2026-02-22_18_00_03,bumblebox-19,/media/august/AutoPolls9/dose-curve-pesticide-data/MCs-1-and-2/pre-exposure/bumblebox-19_2026-02-22_18_00_03.mp4,/tmp/bumblebox_hourly_primary_mc1_8_explicit_links/MCs-1-and-2/pre/2026-02-22/bumblebox-19_2026-02-22_18_00_03.mp4,base_hourly,original hourly round-robin selection
443,19,post,true,MCs-1-and-2,1;2,2026-02-23,2026-02-26,post_exposure_folder,18,00,exact_hh00,full_24_hours,bumblebox-19_2026-02-26_18_00_04,bumblebox-19,/media/august/AutoPolls9/dose-curve-pesticide-data/MCs-1-and-2/post-exposure/bumblebox-19_2026-02-26_18_00_04.mp4,/tmp/bumblebox_hourly_primary_mc1_8_explicit_links/MCs-1-and-2/post/2026-02-26/bumblebox-19_2026-02-26_18_00_04.mp4,base_hourly,original hourly round-robin selection
444,19,pre,true,MCs-3-and-4,3;4,2026-02-23,2026-02-22,pre_exposure_folder,18,00,exact_hh00,full_24_hours,bumblebox-07_2026-02-22_18_00_03,bumblebox-07,/media/august/AutoPolls9/dose-curve-pesticide-data/MCs-3-and-4/pre-exposure/bumblebox-07_2026-02-22_18_00_03.mp4,/tmp/bumblebox_hourly_primary_mc1_8_explicit_links/MCs-3-and-4/pre/2026-02-22/bumblebox-07_2026-02-22_18_00_03.mp4,base_hourly,original hourly round-robin selection
445,19,post,true,MCs-3-and-4,3;4,2026-02-23,2026-02-26,post_exposure_folder,18,00,exact_hh00,full_24_hours,bumblebox-07_2026-02-26_18_00_03,bumblebox-07,/media/august/AutoPolls9/dose-curve-pesticide-data/MCs-3-and-4/post-exposure/bumblebox-07_2026-02-26_18_00_03.mp4,/tmp/bumblebox_hourly_primary_mc1_8_explicit_links/MCs-3-and-4/post/2026-02-26/bumblebox-07_2026-02-26_18_00_03.mp4,base_hourly,original hourly round-robin selection
446,19,pre,true,MCs-5-and-6,5;6,2026-02-23,2026-02-22,pre_exposure_folder,18,00,exact_hh00,partial_day,bumblebox-18_2026-02-22_18_00_04,bumblebox-18,/media/august/AutoPolls9/dose-curve-pesticide-data/MCs-5-and-6/pre-exposure/bumblebox-18_2026-02-22_18_00_04.mp4,/tmp/bumblebox_hourly_primary_mc1_8_explicit_links/MCs-5-and-6/pre/2026-02-22/bumblebox-18_2026-02-22_18_00_04.mp4,base_hourly,original hourly round-robin selection
447,19,pre,true,MCs-5-and-6,5;6,,2026-02-22,augmented_pre_exposure,18,10,augmented_extra,augmented,bumblebox-18_2026-02-22_18_10_03,bumblebox-18,/media/august/AutoPolls9/dose-curve-pesticide-data/MCs-5-and-6/pre-exposure/bumblebox-18_2026-02-22_18_10_03.mp4,,pre_fill_to_24_if_possible,fill MCs-5-and-6 pre from 4 toward 22 using non-hourly pre videos
448,19,pre,true,MCs-5-and-6,5;6,,2026-02-22,augmented_pre_exposure,18,20,augmented_extra,augmented,bumblebox-18_2026-02-22_18_20_03,bumblebox-18,/media/august/AutoPolls9/dose-curve-pesticide-data/MCs-5-and-6/pre-exposure/bumblebox-18_2026-02-22_18_20_03.mp4,,pre_fill_to_24_if_possible,fill MCs-5-and-6 pre from 4 toward 22 using non-hourly pre videos
449,19,pre,true,MCs-5-and-6,5;6,,2026-02-22,augmented_pre_exposure,18,30,augmented_extra,augmented,bumblebox-18_2026-02-22_18_30_05,bumblebox-18,/media/august/AutoPolls9/dose-curve-pesticide-data/MCs-5-and-6/pre-exposure/bumblebox-18_2026-02-22_18_30_05.mp4,,pre_fill_to_24_if_possible,fill MCs-5-and-6 pre from 4 toward 22 using non-hourly pre videos
450,19,pre,true,MCs-5-and-6,5;6,,2026-02-22,augmented_pre_exposure,18,40,augmented_extra,augmented,bumblebox-18_2026-02-22_18_40_03,bumblebox-18,/media/august/AutoPolls9/dose-curve-pesticide-data/MCs-5-and-6/pre-exposure/bumblebox-18_2026-02-22_18_40_03.mp4,,pre_fill_to_24_if_possible,fill MCs-5-and-6 pre from 4 toward 22 using non-hourly pre videos
451,19,pre,true,MCs-5-and-6,5;6,,2026-02-22,augmented_pre_exposure,18,50,augmented_extra,augmented,bumblebox-18_2026-02-22_18_50_03,bumblebox-18,/media/august/AutoPolls9/dose-curve-pesticide-data/MCs-5-and-6/pre-exposure/bumblebox-18_2026-02-22_18_50_03.mp4,,pre_fill_to_24_if_possible,fill MCs-5-and-6 pre from 4 toward 22 using non-hourly pre videos
452,19,post,true,MCs-5-and-6,5;6,2026-02-23,2026-02-26,post_exposure_folder,18,00,exact_hh00,full_24_hours,bumblebox-18_2026-02-26_18_00_04,bumblebox-18,/media/august/AutoPolls9/dose-curve-pesticide-data/MCs-5-and-6/post-exposure/bumblebox-18_2026-02-26_18_00_04.mp4,/tmp/bumblebox_hourly_primary_mc1_8_explicit_links/MCs-5-and-6/post/2026-02-26/bumblebox-18_2026-02-26_18_00_04.mp4,base_hourly,original hourly round-robin selection
453,19,pre,true,MCs-7-and-8,7;8,2026-02-23,2026-02-22,pre_exposure_folder,18,00,exact_hh00,partial_day,bumblebox-15_2026-02-22_18_00_03,bumblebox-15,/media/august/AutoPolls9/dose-curve-pesticide-data/MCs-7-and-8/pre-exposure/bumblebox-15_2026-02-22_18_00_03.mp4,/tmp/bumblebox_hourly_primary_mc1_8_explicit_links/MCs-7-and-8/pre/2026-02-22/bumblebox-15_2026-02-22_18_00_03.mp4,base_hourly,original hourly round-robin selection
454,19,pre,true,MCs-7-and-8,7;8,,2026-02-22,augmented_pre_exposure,18,20,augmented_extra,augmented,bumblebox-15_2026-02-22_18_20_03,bumblebox-15,/media/august/AutoPolls9/dose-curve-pesticide-data/MCs-7-and-8/pre-exposure/bumblebox-15_2026-02-22_18_20_03.mp4,,pre_fill_to_24_if_possible,fill MCs-7-and-8 pre from 7 toward 24 using non-hourly pre videos
455,19,pre,true,MCs-7-and-8,7;8,,2026-02-22,augmented_pre_exposure,18,40,augmented_extra,augmented,bumblebox-15_2026-02-22_18_40_03,bumblebox-15,/media/august/AutoPolls9/dose-curve-pesticide-data/MCs-7-and-8/pre-exposure/bumblebox-15_2026-02-22_18_40_03.mp4,,pre_fill_to_24_if_possible,fill MCs-7-and-8 pre from 7 toward 24 using non-hourly pre videos
456,19,post,true,MCs-7-and-8,7;8,2026-02-23,2026-02-26,post_exposure_folder,18,00,exact_hh00,full_24_hours,bumblebox-15_2026-02-26_18_00_03,bumblebox-15,/media/august/AutoPolls9/dose-curve-pesticide-data/MCs-7-and-8/post-exposure/bumblebox-15_2026-02-26_18_00_03.mp4,/tmp/bumblebox_hourly_primary_mc1_8_explicit_links/MCs-7-and-8/post/2026-02-26/bumblebox-15_2026-02-26_18_00_03.mp4,base_hourly,original hourly round-robin selection
461,19,pre,true,MCs-13-and-14,13;14,,2026-03-01,augmented_pre_exposure,18,30,augmented_extra,augmented,bumblebox-18_2026-03-01_18_30_04,bumblebox-18,/media/august/Expansion/Behavioral-Entropy-Pesticide-Dosing-Exps/MCs-13-and-14/2026-03-01/bumblebox-18_2026-03-01_18_30_04.mp4,,blur_compensation_0.5ppb,extra pre videos for MC14 to compensate blurry MC1 0.5ppb
463,19,post,true,MCs-13-and-14,13;14,2026-03-02,2026-03-05,post_dose_d_plus_3,18,30,augmented_extra,augmented,bumblebox-18_2026-03-05_18_30_04,bumblebox-18,/media/august/Expansion/Behavioral-Entropy-Pesticide-Dosing-Exps/MCs-13-and-14/2026-03-05/bumblebox-18_2026-03-05_18_30_04.mp4,,post_compensate_blurry_mc1_2,post compensation for blurry MC1/2: MC14 matches MC1 0.5ppb
465,19,post,true,MCs-15-and-16,15;16,2026-03-02,2026-03-05,post_dose_d_plus_3,18,30,augmented_extra,augmented,bumblebox-15_2026-03-05_18_30_04,bumblebox-15,/media/august/Expansion/Behavioral-Entropy-Pesticide-Dosing-Exps/MCs-15-and-16/2026-03-05/bumblebox-15_2026-03-05_18_30_04.mp4,,post_compensate_blurry_mc1_2,post compensation for blurry MC1/2: MC16 matches MC2 10ppb
467,19,pre,true,MCs-17-and-18,17;18,,2026-03-15,augmented_pre_exposure,18,30,augmented_extra,augmented,bumblebox-9_2026-03-15_18_30_02,bumblebox-9,/media/august/Expansion/Behavioral-Entropy-Pesticide-Dosing-Exps/MCs-17-and-18/2026-03-15/bumblebox-9_2026-03-15_18_30_02.mp4,,blur_compensation_10ppb,all available extra pre videos for MC17 to compensate blurry MC2 10ppb; MC16 has no pre source videos
469,19,post,true,MCs-17-and-18,17;18,2026-03-16,2026-03-19,post_dose_d_plus_3,18,30,augmented_extra,augmented,bumblebox-9_2026-03-19_18_30_04,bumblebox-9,/media/august/Expansion/Behavioral-Entropy-Pesticide-Dosing-Exps/MCs-17-and-18/2026-03-19/bumblebox-9_2026-03-19_18_30_04.mp4,,post_compensate_blurry_mc1_2,post compensation for blurry MC1/2: MC17 matches MC2 10ppb
473,19,pre,true,MCs-21-and-22,21;22,,2026-03-15,augmented_pre_exposure,18,30,augmented_extra,augmented,bumblebox-18_2026-03-15_18_30_04,bumblebox-18,/media/august/Expansion/Behavioral-Entropy-Pesticide-Dosing-Exps/MCs-21-and-22/2026-03-15/bumblebox-18_2026-03-15_18_30_04.mp4,,blur_compensation_0.5ppb,extra pre videos for MC21 to compensate blurry MC1 0.5ppb
475,19,post,true,MCs-21-and-22,21;22,2026-03-16,2026-03-18,post_dose_d_plus_2_substitute,18,30,augmented_extra,augmented,bumblebox-18_2026-03-18_18_30_05,bumblebox-18,/media/august/Expansion/Behavioral-Entropy-Pesticide-Dosing-Exps/MCs-21-and-22/2026-03-18/bumblebox-18_2026-03-18_18_30_05.mp4,,post_compensate_blurry_mc1_2,post compensation for blurry MC1/2: MC21 matches MC1 0.5ppb
478,20,pre,true,MCs-1-and-2,1;2,2026-02-23,2026-02-22,pre_exposure_folder,19,00,exact_hh00,partial_day,bumblebox-19_2026-02-22_19_00_03,bumblebox-19,/media/august/AutoPolls9/dose-curve-pesticide-data/MCs-1-and-2/pre-exposure/bumblebox-19_2026-02-22_19_00_03.mp4,/tmp/bumblebox_hourly_primary_mc1_8_explicit_links/MCs-1-and-2/pre/2026-02-22/bumblebox-19_2026-02-22_19_00_03.mp4,base_hourly,original hourly round-robin selection
479,20,pre,true,MCs-1-and-2,1;2,,2026-02-22,augmented_pre_exposure,19,30,augmented_extra,augmented,bumblebox-19_2026-02-22_19_30_05,bumblebox-19,/media/august/AutoPolls9/dose-curve-pesticide-data/MCs-1-and-2/pre-exposure/bumblebox-19_2026-02-22_19_30_05.mp4,,pre_fill_to_24_if_possible,fill MCs-1-and-2 pre from 16 toward 24 using non-hourly pre videos
480,20,post,true,MCs-1-and-2,1;2,2026-02-23,2026-02-26,post_exposure_folder,19,00,exact_hh00,full_24_hours,bumblebox-19_2026-02-26_19_00_04,bumblebox-19,/media/august/AutoPolls9/dose-curve-pesticide-data/MCs-1-and-2/post-exposure/bumblebox-19_2026-02-26_19_00_04.mp4,/tmp/bumblebox_hourly_primary_mc1_8_explicit_links/MCs-1-and-2/post/2026-02-26/bumblebox-19_2026-02-26_19_00_04.mp4,base_hourly,original hourly round-robin selection
481,20,pre,true,MCs-3-and-4,3;4,2026-02-23,2026-02-22,pre_exposure_folder,19,00,exact_hh00,full_24_hours,bumblebox-07_2026-02-22_19_00_03,bumblebox-07,/media/august/AutoPolls9/dose-curve-pesticide-data/MCs-3-and-4/pre-exposure/bumblebox-07_2026-02-22_19_00_03.mp4,/tmp/bumblebox_hourly_primary_mc1_8_explicit_links/MCs-3-and-4/pre/2026-02-22/bumblebox-07_2026-02-22_19_00_03.mp4,base_hourly,original hourly round-robin selection
482,20,post,true,MCs-3-and-4,3;4,2026-02-23,2026-02-26,post_exposure_folder,19,00,exact_hh00,full_24_hours,bumblebox-07_2026-02-26_19_00_03,bumblebox-07,/media/august/AutoPolls9/dose-curve-pesticide-data/MCs-3-and-4/post-exposure/bumblebox-07_2026-02-26_19_00_03.mp4,/tmp/bumblebox_hourly_primary_mc1_8_explicit_links/MCs-3-and-4/post/2026-02-26/bumblebox-07_2026-02-26_19_00_03.mp4,base_hourly,original hourly round-robin selection
483,20,pre,true,MCs-5-and-6,5;6,2026-02-23,2026-02-22,pre_exposure_folder,19,00,exact_hh00,partial_day,bumblebox-18_2026-02-22_19_00_03,bumblebox-18,/media/august/AutoPolls9/dose-curve-pesticide-data/MCs-5-and-6/pre-exposure/bumblebox-18_2026-02-22_19_00_03.mp4,/tmp/bumblebox_hourly_primary_mc1_8_explicit_links/MCs-5-and-6/pre/2026-02-22/bumblebox-18_2026-02-22_19_00_03.mp4,base_hourly,original hourly round-robin selection
484,20,pre,true,MCs-5-and-6,5;6,,2026-02-22,augmented_pre_exposure,19,10,augmented_extra,augmented,bumblebox-18_2026-02-22_19_10_03,bumblebox-18,/media/august/AutoPolls9/dose-curve-pesticide-data/MCs-5-and-6/pre-exposure/bumblebox-18_2026-02-22_19_10_03.mp4,,pre_fill_to_24_if_possible,fill MCs-5-and-6 pre from 4 toward 22 using non-hourly pre videos
485,20,pre,true,MCs-5-and-6,5;6,,2026-02-22,augmented_pre_exposure,19,20,augmented_extra,augmented,bumblebox-18_2026-02-22_19_20_03,bumblebox-18,/media/august/AutoPolls9/dose-curve-pesticide-data/MCs-5-and-6/pre-exposure/bumblebox-18_2026-02-22_19_20_03.mp4,,pre_fill_to_24_if_possible,fill MCs-5-and-6 pre from 4 toward 22 using non-hourly pre videos
486,20,pre,true,MCs-5-and-6,5;6,,2026-02-22,augmented_pre_exposure,19,30,augmented_extra,augmented,bumblebox-18_2026-02-22_19_30_03,bumblebox-18,/media/august/AutoPolls9/dose-curve-pesticide-data/MCs-5-and-6/pre-exposure/bumblebox-18_2026-02-22_19_30_03.mp4,,pre_fill_to_24_if_possible,fill MCs-5-and-6 pre from 4 toward 22 using non-hourly pre videos
487,20,pre,true,MCs-5-and-6,5;6,,2026-02-22,augmented_pre_exposure,19,40,augmented_extra,augmented,bumblebox-18_2026-02-22_19_40_06,bumblebox-18,/media/august/AutoPolls9/dose-curve-pesticide-data/MCs-5-and-6/pre-exposure/bumblebox-18_2026-02-22_19_40_06.mp4,,pre_fill_to_24_if_possible,fill MCs-5-and-6 pre from 4 toward 22 using non-hourly pre videos
488,20,pre,true,MCs-5-and-6,5;6,,2026-02-22,augmented_pre_exposure,19,50,augmented_extra,augmented,bumblebox-18_2026-02-22_19_50_03,bumblebox-18,/media/august/AutoPolls9/dose-curve-pesticide-data/MCs-5-and-6/pre-exposure/bumblebox-18_2026-02-22_19_50_03.mp4,,pre_fill_to_24_if_possible,fill MCs-5-and-6 pre from 4 toward 22 using non-hourly pre videos
489,20,post,true,MCs-5-and-6,5;6,2026-02-23,2026-02-26,post_exposure_folder,19,00,exact_hh00,full_24_hours,bumblebox-18_2026-02-26_19_00_04,bumblebox-18,/media/august/AutoPolls9/dose-curve-pesticide-data/MCs-5-and-6/post-exposure/bumblebox-18_2026-02-26_19_00_04.mp4,/tmp/bumblebox_hourly_primary_mc1_8_explicit_links/MCs-5-and-6/post/2026-02-26/bumblebox-18_2026-02-26_19_00_04.mp4,base_hourly,original hourly round-robin selection
490,20,pre,true,MCs-7-and-8,7;8,2026-02-23,2026-02-22,pre_exposure_folder,19,00,exact_hh00,partial_day,bumblebox-15_2026-02-22_19_00_03,bumblebox-15,/media/august/AutoPolls9/dose-curve-pesticide-data/MCs-7-and-8/pre-exposure/bumblebox-15_2026-02-22_19_00_03.mp4,/tmp/bumblebox_hourly_primary_mc1_8_explicit_links/MCs-7-and-8/pre/2026-02-22/bumblebox-15_2026-02-22_19_00_03.mp4,base_hourly,original hourly round-robin selection
491,20,pre,true,MCs-7-and-8,7;8,,2026-02-22,augmented_pre_exposure,19,10,augmented_extra,augmented,bumblebox-15_2026-02-22_19_10_02,bumblebox-15,/media/august/AutoPolls9/dose-curve-pesticide-data/MCs-7-and-8/pre-exposure/bumblebox-15_2026-02-22_19_10_02.mp4,,pre_fill_to_24_if_possible,fill MCs-7-and-8 pre from 7 toward 24 using non-hourly pre videos
492,20,pre,true,MCs-7-and-8,7;8,,2026-02-22,augmented_pre_exposure,19,30,augmented_extra,augmented,bumblebox-15_2026-02-22_19_30_03,bumblebox-15,/media/august/AutoPolls9/dose-curve-pesticide-data/MCs-7-and-8/pre-exposure/bumblebox-15_2026-02-22_19_30_03.mp4,,pre_fill_to_24_if_possible,fill MCs-7-and-8 pre from 7 toward 24 using non-hourly pre videos
493,20,pre,true,MCs-7-and-8,7;8,,2026-02-22,augmented_pre_exposure,19,50,augmented_extra,augmented,bumblebox-15_2026-02-22_19_50_03,bumblebox-15,/media/august/AutoPolls9/dose-curve-pesticide-data/MCs-7-and-8/pre-exposure/bumblebox-15_2026-02-22_19_50_03.mp4,,pre_fill_to_24_if_possible,fill MCs-7-and-8 pre from 7 toward 24 using non-hourly pre videos
494,20,post,true,MCs-7-and-8,7;8,2026-02-23,2026-02-26,post_exposure_folder,19,00,exact_hh00,full_24_hours,bumblebox-15_2026-02-26_19_00_03,bumblebox-15,/media/august/AutoPolls9/dose-curve-pesticide-data/MCs-7-and-8/post-exposure/bumblebox-15_2026-02-26_19_00_03.mp4,/tmp/bumblebox_hourly_primary_mc1_8_explicit_links/MCs-7-and-8/post/2026-02-26/bumblebox-15_2026-02-26_19_00_03.mp4,base_hourly,original hourly round-robin selection
502,20,pre,true,MCs-17-and-18,17;18,,2026-03-15,augmented_pre_exposure,19,30,augmented_extra,augmented,bumblebox-9_2026-03-15_19_30_03,bumblebox-9,/media/august/Expansion/Behavioral-Entropy-Pesticide-Dosing-Exps/MCs-17-and-18/2026-03-15/bumblebox-9_2026-03-15_19_30_03.mp4,,blur_compensation_10ppb,all available extra pre videos for MC17 to compensate blurry MC2 10ppb; MC16 has no pre source videos
510,21,pre,true,MCs-1-and-2,1;2,2026-02-23,2026-02-22,pre_exposure_folder,20,00,exact_hh00,partial_day,bumblebox-19_2026-02-22_20_00_03,bumblebox-19,/media/august/AutoPolls9/dose-curve-pesticide-data/MCs-1-and-2/pre-exposure/bumblebox-19_2026-02-22_20_00_03.mp4,/tmp/bumblebox_hourly_primary_mc1_8_explicit_links/MCs-1-and-2/pre/2026-02-22/bumblebox-19_2026-02-22_20_00_03.mp4,base_hourly,original hourly round-robin selection
511,21,post,true,MCs-1-and-2,1;2,2026-02-23,2026-02-26,post_exposure_folder,20,00,exact_hh00,full_24_hours,bumblebox-19_2026-02-26_20_00_05,bumblebox-19,/media/august/AutoPolls9/dose-curve-pesticide-data/MCs-1-and-2/post-exposure/bumblebox-19_2026-02-26_20_00_05.mp4,/tmp/bumblebox_hourly_primary_mc1_8_explicit_links/MCs-1-and-2/post/2026-02-26/bumblebox-19_2026-02-26_20_00_05.mp4,base_hourly,original hourly round-robin selection
512,21,pre,true,MCs-3-and-4,3;4,2026-02-23,2026-02-22,pre_exposure_folder,20,00,exact_hh00,full_24_hours,bumblebox-07_2026-02-22_20_00_03,bumblebox-07,/media/august/AutoPolls9/dose-curve-pesticide-data/MCs-3-and-4/pre-exposure/bumblebox-07_2026-02-22_20_00_03.mp4,/tmp/bumblebox_hourly_primary_mc1_8_explicit_links/MCs-3-and-4/pre/2026-02-22/bumblebox-07_2026-02-22_20_00_03.mp4,base_hourly,original hourly round-robin selection
513,21,post,true,MCs-3-and-4,3;4,2026-02-23,2026-02-26,post_exposure_folder,20,00,exact_hh00,full_24_hours,bumblebox-07_2026-02-26_20_00_03,bumblebox-07,/media/august/AutoPolls9/dose-curve-pesticide-data/MCs-3-and-4/post-exposure/bumblebox-07_2026-02-26_20_00_03.mp4,/tmp/bumblebox_hourly_primary_mc1_8_explicit_links/MCs-3-and-4/post/2026-02-26/bumblebox-07_2026-02-26_20_00_03.mp4,base_hourly,original hourly round-robin selection
514,21,pre,true,MCs-5-and-6,5;6,2026-02-23,2026-02-22,pre_exposure_folder,20,00,exact_hh00,partial_day,bumblebox-18_2026-02-22_20_00_03,bumblebox-18,/media/august/AutoPolls9/dose-curve-pesticide-data/MCs-5-and-6/pre-exposure/bumblebox-18_2026-02-22_20_00_03.mp4,/tmp/bumblebox_hourly_primary_mc1_8_explicit_links/MCs-5-and-6/pre/2026-02-22/bumblebox-18_2026-02-22_20_00_03.mp4,base_hourly,original hourly round-robin selection
515,21,pre,true,MCs-5-and-6,5;6,,2026-02-22,augmented_pre_exposure,20,10,augmented_extra,augmented,bumblebox-18_2026-02-22_20_10_03,bumblebox-18,/media/august/AutoPolls9/dose-curve-pesticide-data/MCs-5-and-6/pre-exposure/bumblebox-18_2026-02-22_20_10_03.mp4,,pre_fill_to_24_if_possible,fill MCs-5-and-6 pre from 4 toward 22 using non-hourly pre videos
516,21,pre,true,MCs-5-and-6,5;6,,2026-02-22,augmented_pre_exposure,20,20,augmented_extra,augmented,bumblebox-18_2026-02-22_20_20_03,bumblebox-18,/media/august/AutoPolls9/dose-curve-pesticide-data/MCs-5-and-6/pre-exposure/bumblebox-18_2026-02-22_20_20_03.mp4,,pre_fill_to_24_if_possible,fill MCs-5-and-6 pre from 4 toward 22 using non-hourly pre videos
517,21,post,true,MCs-5-and-6,5;6,2026-02-23,2026-02-26,post_exposure_folder,20,00,exact_hh00,full_24_hours,bumblebox-18_2026-02-26_20_00_04,bumblebox-18,/media/august/AutoPolls9/dose-curve-pesticide-data/MCs-5-and-6/post-exposure/bumblebox-18_2026-02-26_20_00_04.mp4,/tmp/bumblebox_hourly_primary_mc1_8_explicit_links/MCs-5-and-6/post/2026-02-26/bumblebox-18_2026-02-26_20_00_04.mp4,base_hourly,original hourly round-robin selection
518,21,pre,true,MCs-7-and-8,7;8,2026-02-23,2026-02-22,pre_exposure_folder,20,00,exact_hh00,partial_day,bumblebox-15_2026-02-22_20_00_03,bumblebox-15,/media/august/AutoPolls9/dose-curve-pesticide-data/MCs-7-and-8/pre-exposure/bumblebox-15_2026-02-22_20_00_03.mp4,/tmp/bumblebox_hourly_primary_mc1_8_explicit_links/MCs-7-and-8/pre/2026-02-22/bumblebox-15_2026-02-22_20_00_03.mp4,base_hourly,original hourly round-robin selection
519,21,pre,true,MCs-7-and-8,7;8,,2026-02-22,augmented_pre_exposure,20,20,augmented_extra,augmented,bumblebox-15_2026-02-22_20_20_03,bumblebox-15,/media/august/AutoPolls9/dose-curve-pesticide-data/MCs-7-and-8/pre-exposure/bumblebox-15_2026-02-22_20_20_03.mp4,,pre_fill_to_24_if_possible,fill MCs-7-and-8 pre from 7 toward 24 using non-hourly pre videos
520,21,pre,true,MCs-7-and-8,7;8,,2026-02-22,augmented_pre_exposure,20,50,augmented_extra,augmented,bumblebox-15_2026-02-22_20_50_03,bumblebox-15,/media/august/AutoPolls9/dose-curve-pesticide-data/MCs-7-and-8/pre-exposure/bumblebox-15_2026-02-22_20_50_03.mp4,,pre_fill_to_24_if_possible,fill MCs-7-and-8 pre from 7 toward 24 using non-hourly pre videos
521,21,post,true,MCs-7-and-8,7;8,2026-02-23,2026-02-26,post_exposure_folder,20,00,exact_hh00,full_24_hours,bumblebox-15_2026-02-26_20_00_03,bumblebox-15,/media/august/AutoPolls9/dose-curve-pesticide-data/MCs-7-and-8/post-exposure/bumblebox-15_2026-02-26_20_00_03.mp4,/tmp/bumblebox_hourly_primary_mc1_8_explicit_links/MCs-7-and-8/post/2026-02-26/bumblebox-15_2026-02-26_20_00_03.mp4,base_hourly,original hourly round-robin selection
526,21,pre,true,MCs-13-and-14,13;14,,2026-03-01,augmented_pre_exposure,20,30,augmented_extra,augmented,bumblebox-18_2026-03-01_20_30_04,bumblebox-18,/media/august/Expansion/Behavioral-Entropy-Pesticide-Dosing-Exps/MCs-13-and-14/2026-03-01/bumblebox-18_2026-03-01_20_30_04.mp4,,blur_compensation_0.5ppb,extra pre videos for MC14 to compensate blurry MC1 0.5ppb
528,21,post,true,MCs-13-and-14,13;14,2026-03-02,2026-03-05,post_dose_d_plus_3,20,30,augmented_extra,augmented,bumblebox-18_2026-03-05_20_30_04,bumblebox-18,/media/august/Expansion/Behavioral-Entropy-Pesticide-Dosing-Exps/MCs-13-and-14/2026-03-05/bumblebox-18_2026-03-05_20_30_04.mp4,,post_compensate_blurry_mc1_2,post compensation for blurry MC1/2: MC14 matches MC1 0.5ppb
530,21,post,true,MCs-15-and-16,15;16,2026-03-02,2026-03-05,post_dose_d_plus_3,20,30,augmented_extra,augmented,bumblebox-15_2026-03-05_20_30_04,bumblebox-15,/media/august/Expansion/Behavioral-Entropy-Pesticide-Dosing-Exps/MCs-15-and-16/2026-03-05/bumblebox-15_2026-03-05_20_30_04.mp4,,post_compensate_blurry_mc1_2,post compensation for blurry MC1/2: MC16 matches MC2 10ppb
532,21,pre,true,MCs-17-and-18,17;18,,2026-03-15,augmented_pre_exposure,20,30,augmented_extra,augmented,bumblebox-9_2026-03-15_20_30_03,bumblebox-9,/media/august/Expansion/Behavioral-Entropy-Pesticide-Dosing-Exps/MCs-17-and-18/2026-03-15/bumblebox-9_2026-03-15_20_30_03.mp4,,blur_compensation_10ppb,all available extra pre videos for MC17 to compensate blurry MC2 10ppb; MC16 has no pre source videos
534,21,post,true,MCs-17-and-18,17;18,2026-03-16,2026-03-19,post_dose_d_plus_3,20,30,augmented_extra,augmented,bumblebox-9_2026-03-19_20_30_03,bumblebox-9,/media/august/Expansion/Behavioral-Entropy-Pesticide-Dosing-Exps/MCs-17-and-18/2026-03-19/bumblebox-9_2026-03-19_20_30_03.mp4,,post_compensate_blurry_mc1_2,post compensation for blurry MC1/2: MC17 matches MC2 10ppb
538,21,pre,true,MCs-21-and-22,21;22,,2026-03-15,augmented_pre_exposure,20,30,augmented_extra,augmented,bumblebox-18_2026-03-15_20_30_04,bumblebox-18,/media/august/Expansion/Behavioral-Entropy-Pesticide-Dosing-Exps/MCs-21-and-22/2026-03-15/bumblebox-18_2026-03-15_20_30_04.mp4,,blur_compensation_0.5ppb,extra pre videos for MC21 to compensate blurry MC1 0.5ppb
540,21,post,true,MCs-21-and-22,21;22,2026-03-16,2026-03-18,post_dose_d_plus_2_substitute,20,30,augmented_extra,augmented,bumblebox-18_2026-03-18_20_30_05,bumblebox-18,/media/august/Expansion/Behavioral-Entropy-Pesticide-Dosing-Exps/MCs-21-and-22/2026-03-18/bumblebox-18_2026-03-18_20_30_05.mp4,,post_compensate_blurry_mc1_2,post compensation for blurry MC1/2: MC21 matches MC1 0.5ppb
543,22,pre,true,MCs-1-and-2,1;2,2026-02-23,2026-02-22,pre_exposure_folder,21,00,exact_hh00,partial_day,bumblebox-19_2026-02-22_21_00_03,bumblebox-19,/media/august/AutoPolls9/dose-curve-pesticide-data/MCs-1-and-2/pre-exposure/bumblebox-19_2026-02-22_21_00_03.mp4,/tmp/bumblebox_hourly_primary_mc1_8_explicit_links/MCs-1-and-2/pre/2026-02-22/bumblebox-19_2026-02-22_21_00_03.mp4,base_hourly,original hourly round-robin selection
544,22,pre,true,MCs-1-and-2,1;2,,2026-02-22,augmented_pre_exposure,21,40,augmented_extra,augmented,bumblebox-19_2026-02-22_21_40_03,bumblebox-19,/media/august/AutoPolls9/dose-curve-pesticide-data/MCs-1-and-2/pre-exposure/bumblebox-19_2026-02-22_21_40_03.mp4,,pre_fill_to_24_if_possible,fill MCs-1-and-2 pre from 16 toward 24 using non-hourly pre videos
545,22,post,true,MCs-1-and-2,1;2,2026-02-23,2026-02-26,post_exposure_folder,21,00,exact_hh00,full_24_hours,bumblebox-19_2026-02-26_21_00_05,bumblebox-19,/media/august/AutoPolls9/dose-curve-pesticide-data/MCs-1-and-2/post-exposure/bumblebox-19_2026-02-26_21_00_05.mp4,/tmp/bumblebox_hourly_primary_mc1_8_explicit_links/MCs-1-and-2/post/2026-02-26/bumblebox-19_2026-02-26_21_00_05.mp4,base_hourly,original hourly round-robin selection
546,22,pre,true,MCs-3-and-4,3;4,2026-02-23,2026-02-22,pre_exposure_folder,21,00,exact_hh00,full_24_hours,bumblebox-07_2026-02-22_21_00_03,bumblebox-07,/media/august/AutoPolls9/dose-curve-pesticide-data/MCs-3-and-4/pre-exposure/bumblebox-07_2026-02-22_21_00_03.mp4,/tmp/bumblebox_hourly_primary_mc1_8_explicit_links/MCs-3-and-4/pre/2026-02-22/bumblebox-07_2026-02-22_21_00_03.mp4,base_hourly,original hourly round-robin selection
547,22,post,true,MCs-3-and-4,3;4,2026-02-23,2026-02-26,post_exposure_folder,21,00,exact_hh00,full_24_hours,bumblebox-07_2026-02-26_21_00_03,bumblebox-07,/media/august/AutoPolls9/dose-curve-pesticide-data/MCs-3-and-4/post-exposure/bumblebox-07_2026-02-26_21_00_03.mp4,/tmp/bumblebox_hourly_primary_mc1_8_explicit_links/MCs-3-and-4/post/2026-02-26/bumblebox-07_2026-02-26_21_00_03.mp4,base_hourly,original hourly round-robin selection
548,22,post,true,MCs-5-and-6,5;6,2026-02-23,2026-02-26,post_exposure_folder,21,00,exact_hh00,full_24_hours,bumblebox-18_2026-02-26_21_00_04,bumblebox-18,/media/august/AutoPolls9/dose-curve-pesticide-data/MCs-5-and-6/post-exposure/bumblebox-18_2026-02-26_21_00_04.mp4,/tmp/bumblebox_hourly_primary_mc1_8_explicit_links/MCs-5-and-6/post/2026-02-26/bumblebox-18_2026-02-26_21_00_04.mp4,base_hourly,original hourly round-robin selection
549,22,pre,true,MCs-7-and-8,7;8,2026-02-23,2026-02-22,pre_exposure_folder,21,00,exact_hh00,partial_day,bumblebox-15_2026-02-22_21_00_03,bumblebox-15,/media/august/AutoPolls9/dose-curve-pesticide-data/MCs-7-and-8/pre-exposure/bumblebox-15_2026-02-22_21_00_03.mp4,/tmp/bumblebox_hourly_primary_mc1_8_explicit_links/MCs-7-and-8/pre/2026-02-22/bumblebox-15_2026-02-22_21_00_03.mp4,base_hourly,original hourly round-robin selection
550,22,pre,true,MCs-7-and-8,7;8,,2026-02-22,augmented_pre_exposure,21,20,augmented_extra,augmented,bumblebox-15_2026-02-22_21_20_03,bumblebox-15,/media/august/AutoPolls9/dose-curve-pesticide-data/MCs-7-and-8/pre-exposure/bumblebox-15_2026-02-22_21_20_03.mp4,,pre_fill_to_24_if_possible,fill MCs-7-and-8 pre from 7 toward 24 using non-hourly pre videos
551,22,pre,true,MCs-7-and-8,7;8,,2026-02-22,augmented_pre_exposure,21,40,augmented_extra,augmented,bumblebox-15_2026-02-22_21_40_03,bumblebox-15,/media/august/AutoPolls9/dose-curve-pesticide-data/MCs-7-and-8/pre-exposure/bumblebox-15_2026-02-22_21_40_03.mp4,,pre_fill_to_24_if_possible,fill MCs-7-and-8 pre from 7 toward 24 using non-hourly pre videos
552,22,post,true,MCs-7-and-8,7;8,2026-02-23,2026-02-26,post_exposure_folder,21,00,exact_hh00,full_24_hours,bumblebox-15_2026-02-26_21_00_03,bumblebox-15,/media/august/AutoPolls9/dose-curve-pesticide-data/MCs-7-and-8/post-exposure/bumblebox-15_2026-02-26_21_00_03.mp4,/tmp/bumblebox_hourly_primary_mc1_8_explicit_links/MCs-7-and-8/post/2026-02-26/bumblebox-15_2026-02-26_21_00_03.mp4,base_hourly,original hourly round-robin selection
559,22,pre,true,MCs-17-and-18,17;18,,2026-03-15,augmented_pre_exposure,21,30,augmented_extra,augmented,bumblebox-9_2026-03-15_21_30_03,bumblebox-9,/media/august/Expansion/Behavioral-Entropy-Pesticide-Dosing-Exps/MCs-17-and-18/2026-03-15/bumblebox-9_2026-03-15_21_30_03.mp4,,blur_compensation_10ppb,all available extra pre videos for MC17 to compensate blurry MC2 10ppb; MC16 has no pre source videos
567,23,pre,true,MCs-1-and-2,1;2,2026-02-23,2026-02-22,pre_exposure_folder,22,00,exact_hh00,partial_day,bumblebox-19_2026-02-22_22_00_03,bumblebox-19,/media/august/AutoPolls9/dose-curve-pesticide-data/MCs-1-and-2/pre-exposure/bumblebox-19_2026-02-22_22_00_03.mp4,/tmp/bumblebox_hourly_primary_mc1_8_explicit_links/MCs-1-and-2/pre/2026-02-22/bumblebox-19_2026-02-22_22_00_03.mp4,base_hourly,original hourly round-robin selection
568,23,post,true,MCs-1-and-2,1;2,2026-02-23,2026-02-26,post_exposure_folder,22,00,exact_hh00,full_24_hours,bumblebox-19_2026-02-26_22_00_04,bumblebox-19,/media/august/AutoPolls9/dose-curve-pesticide-data/MCs-1-and-2/post-exposure/bumblebox-19_2026-02-26_22_00_04.mp4,/tmp/bumblebox_hourly_primary_mc1_8_explicit_links/MCs-1-and-2/post/2026-02-26/bumblebox-19_2026-02-26_22_00_04.mp4,base_hourly,original hourly round-robin selection
569,23,pre,true,MCs-3-and-4,3;4,2026-02-23,2026-02-22,pre_exposure_folder,22,00,exact_hh00,full_24_hours,bumblebox-07_2026-02-22_22_00_03,bumblebox-07,/media/august/AutoPolls9/dose-curve-pesticide-data/MCs-3-and-4/pre-exposure/bumblebox-07_2026-02-22_22_00_03.mp4,/tmp/bumblebox_hourly_primary_mc1_8_explicit_links/MCs-3-and-4/pre/2026-02-22/bumblebox-07_2026-02-22_22_00_03.mp4,base_hourly,original hourly round-robin selection
570,23,post,true,MCs-3-and-4,3;4,2026-02-23,2026-02-26,post_exposure_folder,22,00,exact_hh00,full_24_hours,bumblebox-07_2026-02-26_22_00_03,bumblebox-07,/media/august/AutoPolls9/dose-curve-pesticide-data/MCs-3-and-4/post-exposure/bumblebox-07_2026-02-26_22_00_03.mp4,/tmp/bumblebox_hourly_primary_mc1_8_explicit_links/MCs-3-and-4/post/2026-02-26/bumblebox-07_2026-02-26_22_00_03.mp4,base_hourly,original hourly round-robin selection
571,23,post,true,MCs-5-and-6,5;6,2026-02-23,2026-02-26,post_exposure_folder,22,00,exact_hh00,full_24_hours,bumblebox-18_2026-02-26_22_00_04,bumblebox-18,/media/august/AutoPolls9/dose-curve-pesticide-data/MCs-5-and-6/post-exposure/bumblebox-18_2026-02-26_22_00_04.mp4,/tmp/bumblebox_hourly_primary_mc1_8_explicit_links/MCs-5-and-6/post/2026-02-26/bumblebox-18_2026-02-26_22_00_04.mp4,base_hourly,original hourly round-robin selection
572,23,pre,true,MCs-7-and-8,7;8,2026-02-23,2026-02-22,pre_exposure_folder,22,00,exact_hh00,partial_day,bumblebox-15_2026-02-22_22_00_03,bumblebox-15,/media/august/AutoPolls9/dose-curve-pesticide-data/MCs-7-and-8/pre-exposure/bumblebox-15_2026-02-22_22_00_03.mp4,/tmp/bumblebox_hourly_primary_mc1_8_explicit_links/MCs-7-and-8/pre/2026-02-22/bumblebox-15_2026-02-22_22_00_03.mp4,base_hourly,original hourly round-robin selection
573,23,pre,true,MCs-7-and-8,7;8,,2026-02-22,augmented_pre_exposure,22,10,augmented_extra,augmented,bumblebox-15_2026-02-22_22_10_03,bumblebox-15,/media/august/AutoPolls9/dose-curve-pesticide-data/MCs-7-and-8/pre-exposure/bumblebox-15_2026-02-22_22_10_03.mp4,,pre_fill_to_24_if_possible,fill MCs-7-and-8 pre from 7 toward 24 using non-hourly pre videos
574,23,pre,true,MCs-7-and-8,7;8,,2026-02-22,augmented_pre_exposure,22,30,augmented_extra,augmented,bumblebox-15_2026-02-22_22_30_03,bumblebox-15,/media/august/AutoPolls9/dose-curve-pesticide-data/MCs-7-and-8/pre-exposure/bumblebox-15_2026-02-22_22_30_03.mp4,,pre_fill_to_24_if_possible,fill MCs-7-and-8 pre from 7 toward 24 using non-hourly pre videos
575,23,pre,true,MCs-7-and-8,7;8,,2026-02-22,augmented_pre_exposure,22,50,augmented_extra,augmented,bumblebox-15_2026-02-22_22_50_03,bumblebox-15,/media/august/AutoPolls9/dose-curve-pesticide-data/MCs-7-and-8/pre-exposure/bumblebox-15_2026-02-22_22_50_03.mp4,,pre_fill_to_24_if_possible,fill MCs-7-and-8 pre from 7 toward 24 using non-hourly pre videos
576,23,post,true,MCs-7-and-8,7;8,2026-02-23,2026-02-26,post_exposure_folder,22,00,exact_hh00,full_24_hours,bumblebox-15_2026-02-26_22_00_03,bumblebox-15,/media/august/AutoPolls9/dose-curve-pesticide-data/MCs-7-and-8/post-exposure/bumblebox-15_2026-02-26_22_00_03.mp4,/tmp/bumblebox_hourly_primary_mc1_8_explicit_links/MCs-7-and-8/post/2026-02-26/bumblebox-15_2026-02-26_22_00_03.mp4,base_hourly,original hourly round-robin selection
579,23,pre,true,MCs-13-and-14,13;14,2026-03-02,2026-03-01,pre_dose_d_minus_1,22,00,exact_hh00,full_24_hours,bumblebox-18_2026-03-01_22_00_03,bumblebox-18,/media/august/Expansion/Behavioral-Entropy-Pesticide-Dosing-Exps/MCs-13-and-14/2026-03-01/bumblebox-18_2026-03-01_22_00_03.mp4,/tmp/bumblebox_hourly_primary_mc9_24_links/MCs-13-and-14/2026-03-01/bumblebox-18_2026-03-01_22_00_03.mp4,base_hourly,original hourly round-robin selection
580,23,pre,true,MCs-13-and-14,13;14,,2026-03-01,augmented_pre_exposure,22,30,augmented_extra,augmented,bumblebox-18_2026-03-01_22_30_04,bumblebox-18,/media/august/Expansion/Behavioral-Entropy-Pesticide-Dosing-Exps/MCs-13-and-14/2026-03-01/bumblebox-18_2026-03-01_22_30_04.mp4,,blur_compensation_0.5ppb,extra pre videos for MC14 to compensate blurry MC1 0.5ppb
581,23,post,true,MCs-13-and-14,13;14,2026-03-02,2026-03-05,post_dose_d_plus_3,22,00,exact_hh00,full_24_hours,bumblebox-18_2026-03-05_22_00_04,bumblebox-18,/media/august/Expansion/Behavioral-Entropy-Pesticide-Dosing-Exps/MCs-13-and-14/2026-03-05/bumblebox-18_2026-03-05_22_00_04.mp4,/tmp/bumblebox_hourly_primary_mc9_24_links/MCs-13-and-14/2026-03-05/bumblebox-18_2026-03-05_22_00_04.mp4,base_hourly,original hourly round-robin selection
582,23,post,true,MCs-13-and-14,13;14,2026-03-02,2026-03-05,post_dose_d_plus_3,22,30,augmented_extra,augmented,bumblebox-18_2026-03-05_22_30_04,bumblebox-18,/media/august/Expansion/Behavioral-Entropy-Pesticide-Dosing-Exps/MCs-13-and-14/2026-03-05/bumblebox-18_2026-03-05_22_30_04.mp4,,post_compensate_blurry_mc1_2,post compensation for blurry MC1/2: MC14 matches MC1 0.5ppb
583,23,post,true,MCs-15-and-16,15;16,2026-03-02,2026-03-05,post_dose_d_plus_3,22,00,exact_hh00,full_24_hours,bumblebox-15_2026-03-05_22_00_04,bumblebox-15,/media/august/Expansion/Behavioral-Entropy-Pesticide-Dosing-Exps/MCs-15-and-16/2026-03-05/bumblebox-15_2026-03-05_22_00_04.mp4,/tmp/bumblebox_hourly_primary_mc9_24_links/MCs-15-and-16/2026-03-05/bumblebox-15_2026-03-05_22_00_04.mp4,base_hourly,original hourly round-robin selection
584,23,post,true,MCs-15-and-16,15;16,2026-03-02,2026-03-05,post_dose_d_plus_3,22,30,augmented_extra,augmented,bumblebox-15_2026-03-05_22_30_07,bumblebox-15,/media/august/Expansion/Behavioral-Entropy-Pesticide-Dosing-Exps/MCs-15-and-16/2026-03-05/bumblebox-15_2026-03-05_22_30_07.mp4,,post_compensate_blurry_mc1_2,post compensation for blurry MC1/2: MC16 matches MC2 10ppb
585,23,pre,true,MCs-17-and-18,17;18,2026-03-16,2026-03-15,pre_dose_d_minus_1,22,00,exact_hh00,full_24_hours,bumblebox-9_2026-03-15_22_00_03,bumblebox-9,/media/august/Expansion/Behavioral-Entropy-Pesticide-Dosing-Exps/MCs-17-and-18/2026-03-15/bumblebox-9_2026-03-15_22_00_03.mp4,/tmp/bumblebox_hourly_primary_mc9_24_links/MCs-17-and-18/2026-03-15/bumblebox-9_2026-03-15_22_00_03.mp4,base_hourly,original hourly round-robin selection
586,23,pre,true,MCs-17-and-18,17;18,,2026-03-15,augmented_pre_exposure,22,30,augmented_extra,augmented,bumblebox-9_2026-03-15_22_30_04,bumblebox-9,/media/august/Expansion/Behavioral-Entropy-Pesticide-Dosing-Exps/MCs-17-and-18/2026-03-15/bumblebox-9_2026-03-15_22_30_04.mp4,,blur_compensation_10ppb,all available extra pre videos for MC17 to compensate blurry MC2 10ppb; MC16 has no pre source videos
587,23,post,true,MCs-17-and-18,17;18,2026-03-16,2026-03-19,post_dose_d_plus_3,22,00,exact_hh00,full_24_hours,bumblebox-9_2026-03-19_22_00_04,bumblebox-9,/media/august/Expansion/Behavioral-Entropy-Pesticide-Dosing-Exps/MCs-17-and-18/2026-03-19/bumblebox-9_2026-03-19_22_00_04.mp4,/tmp/bumblebox_hourly_primary_mc9_24_links/MCs-17-and-18/2026-03-19/bumblebox-9_2026-03-19_22_00_04.mp4,base_hourly,original hourly round-robin selection
588,23,post,true,MCs-17-and-18,17;18,2026-03-16,2026-03-19,post_dose_d_plus_3,22,30,augmented_extra,augmented,bumblebox-9_2026-03-19_22_30_04,bumblebox-9,/media/august/Expansion/Behavioral-Entropy-Pesticide-Dosing-Exps/MCs-17-and-18/2026-03-19/bumblebox-9_2026-03-19_22_30_04.mp4,,post_compensate_blurry_mc1_2,post compensation for blurry MC1/2: MC17 matches MC2 10ppb
589,23,pre,true,MCs-19-and-20,19;20,2026-03-16,2026-03-15,pre_dose_d_minus_1,22,00,exact_hh00,full_24_hours,bumblebox-19_2026-03-15_22_00_04,bumblebox-19,/media/august/Expansion/Behavioral-Entropy-Pesticide-Dosing-Exps/MCs-19-and-20/2026-03-15/bumblebox-19_2026-03-15_22_00_04.mp4,/tmp/bumblebox_hourly_primary_mc9_24_links/MCs-19-and-20/2026-03-15/bumblebox-19_2026-03-15_22_00_04.mp4,base_hourly,original hourly round-robin selection
590,23,post,true,MCs-19-and-20,19;20,2026-03-16,2026-03-19,post_dose_d_plus_3,22,00,exact_hh00,full_24_hours,bumblebox-19_2026-03-19_22_00_03,bumblebox-19,/media/august/Expansion/Behavioral-Entropy-Pesticide-Dosing-Exps/MCs-19-and-20/2026-03-19/bumblebox-19_2026-03-19_22_00_03.mp4,/tmp/bumblebox_hourly_primary_mc9_24_links/MCs-19-and-20/2026-03-19/bumblebox-19_2026-03-19_22_00_03.mp4,base_hourly,original hourly round-robin selection
591,23,pre,true,MCs-21-and-22,21;22,2026-03-16,2026-03-15,pre_dose_d_minus_1,22,00,exact_hh00,full_24_hours,bumblebox-18_2026-03-15_22_00_04,bumblebox-18,/media/august/Expansion/Behavioral-Entropy-Pesticide-Dosing-Exps/MCs-21-and-22/2026-03-15/bumblebox-18_2026-03-15_22_00_04.mp4,/tmp/bumblebox_hourly_primary_mc9_24_links/MCs-21-and-22/2026-03-15/bumblebox-18_2026-03-15_22_00_04.mp4,base_hourly,original hourly round-robin selection
592,23,pre,true,MCs-21-and-22,21;22,,2026-03-15,augmented_pre_exposure,22,30,augmented_extra,augmented,bumblebox-18_2026-03-15_22_30_03,bumblebox-18,/media/august/Expansion/Behavioral-Entropy-Pesticide-Dosing-Exps/MCs-21-and-22/2026-03-15/bumblebox-18_2026-03-15_22_30_03.mp4,,blur_compensation_0.5ppb,extra pre videos for MC21 to compensate blurry MC1 0.5ppb
593,23,post,true,MCs-21-and-22,21;22,2026-03-16,2026-03-18,post_dose_d_plus_2_substitute,22,00,exact_hh00,full_24_hours,bumblebox-18_2026-03-18_22_00_04,bumblebox-18,/media/august/Expansion/Behavioral-Entropy-Pesticide-Dosing-Exps/MCs-21-and-22/2026-03-18/bumblebox-18_2026-03-18_22_00_04.mp4,/tmp/bumblebox_hourly_primary_mc9_24_links/MCs-21-and-22/2026-03-18/bumblebox-18_2026-03-18_22_00_04.mp4,base_hourly,original hourly round-robin selection
594,23,post,true,MCs-21-and-22,21;22,2026-03-16,2026-03-18,post_dose_d_plus_2_substitute,22,30,augmented_extra,augmented,bumblebox-18_2026-03-18_22_30_04,bumblebox-18,/media/august/Expansion/Behavioral-Entropy-Pesticide-Dosing-Exps/MCs-21-and-22/2026-03-18/bumblebox-18_2026-03-18_22_30_04.mp4,,post_compensate_blurry_mc1_2,post compensation for blurry MC1/2: MC21 matches MC1 0.5ppb
595,23,pre,true,MCs-23-and-24,23;24,2026-03-16,2026-03-15,pre_dose_d_minus_1,22,00,exact_hh00,full_24_hours,bumblebox-15_2026-03-15_22_00_04,bumblebox-15,/media/august/Expansion/Behavioral-Entropy-Pesticide-Dosing-Exps/MCs-23-and-24/2026-03-15/bumblebox-15_2026-03-15_22_00_04.mp4,/tmp/bumblebox_hourly_primary_mc9_24_links/MCs-23-and-24/2026-03-15/bumblebox-15_2026-03-15_22_00_04.mp4,base_hourly,original hourly round-robin selection
596,23,post,true,MCs-23-and-24,23;24,2026-03-16,2026-03-19,post_dose_d_plus_3,22,00,exact_hh00,full_24_hours,bumblebox-15_2026-03-19_22_00_04,bumblebox-15,/media/august/Expansion/Behavioral-Entropy-Pesticide-Dosing-Exps/MCs-23-and-24/2026-03-19/bumblebox-15_2026-03-19_22_00_04.mp4,/tmp/bumblebox_hourly_primary_mc9_24_links/MCs-23-and-24/2026-03-19/bumblebox-15_2026-03-19_22_00_04.mp4,base_hourly,original hourly round-robin selection
597,24,pre,true,MCs-1-and-2,1;2,2026-02-23,2026-02-22,pre_exposure_folder,23,30,fallback_hh30_missing_hh00,partial_day,bumblebox-19_2026-02-22_23_30_03,bumblebox-19,/media/august/AutoPolls9/dose-curve-pesticide-data/MCs-1-and-2/pre-exposure/bumblebox-19_2026-02-22_23_30_03.mp4,/tmp/bumblebox_hourly_primary_mc1_8_explicit_links/MCs-1-and-2/pre/2026-02-22/bumblebox-19_2026-02-22_23_30_03.mp4,base_hourly,original hourly round-robin selection
598,24,post,true,MCs-1-and-2,1;2,2026-02-23,2026-02-26,post_exposure_folder,23,30,fallback_hh30_missing_hh00,full_24_hours,bumblebox-19_2026-02-26_23_30_03,bumblebox-19,/media/august/AutoPolls9/dose-curve-pesticide-data/MCs-1-and-2/post-exposure/bumblebox-19_2026-02-26_23_30_03.mp4,/tmp/bumblebox_hourly_primary_mc1_8_explicit_links/MCs-1-and-2/post/2026-02-26/bumblebox-19_2026-02-26_23_30_03.mp4,base_hourly,original hourly round-robin selection
599,24,pre,true,MCs-3-and-4,3;4,2026-02-23,2026-02-22,pre_exposure_folder,23,30,fallback_hh30_missing_hh00,full_24_hours,bumblebox-07_2026-02-22_23_30_03,bumblebox-07,/media/august/AutoPolls9/dose-curve-pesticide-data/MCs-3-and-4/pre-exposure/bumblebox-07_2026-02-22_23_30_03.mp4,/tmp/bumblebox_hourly_primary_mc1_8_explicit_links/MCs-3-and-4/pre/2026-02-22/bumblebox-07_2026-02-22_23_30_03.mp4,base_hourly,original hourly round-robin selection
600,24,post,true,MCs-3-and-4,3;4,2026-02-23,2026-02-26,post_exposure_folder,23,30,fallback_hh30_missing_hh00,full_24_hours,bumblebox-07_2026-02-26_23_30_03,bumblebox-07,/media/august/AutoPolls9/dose-curve-pesticide-data/MCs-3-and-4/post-exposure/bumblebox-07_2026-02-26_23_30_03.mp4,/tmp/bumblebox_hourly_primary_mc1_8_explicit_links/MCs-3-and-4/post/2026-02-26/bumblebox-07_2026-02-26_23_30_03.mp4,base_hourly,original hourly round-robin selection
601,24,post,true,MCs-5-and-6,5;6,2026-02-23,2026-02-26,post_exposure_folder,23,30,fallback_hh30_missing_hh00,full_24_hours,bumblebox-18_2026-02-26_23_30_03,bumblebox-18,/media/august/AutoPolls9/dose-curve-pesticide-data/MCs-5-and-6/post-exposure/bumblebox-18_2026-02-26_23_30_03.mp4,/tmp/bumblebox_hourly_primary_mc1_8_explicit_links/MCs-5-and-6/post/2026-02-26/bumblebox-18_2026-02-26_23_30_03.mp4,base_hourly,original hourly round-robin selection
602,24,pre,true,MCs-7-and-8,7;8,2026-02-23,2026-02-22,pre_exposure_folder,23,30,fallback_hh30_missing_hh00,partial_day,bumblebox-15_2026-02-22_23_30_03,bumblebox-15,/media/august/AutoPolls9/dose-curve-pesticide-data/MCs-7-and-8/pre-exposure/bumblebox-15_2026-02-22_23_30_03.mp4,/tmp/bumblebox_hourly_primary_mc1_8_explicit_links/MCs-7-and-8/pre/2026-02-22/bumblebox-15_2026-02-22_23_30_03.mp4,base_hourly,original hourly round-robin selection
603,24,pre,true,MCs-7-and-8,7;8,,2026-02-22,augmented_pre_exposure,23,20,augmented_extra,augmented,bumblebox-15_2026-02-22_23_20_03,bumblebox-15,/media/august/AutoPolls9/dose-curve-pesticide-data/MCs-7-and-8/pre-exposure/bumblebox-15_2026-02-22_23_20_03.mp4,,pre_fill_to_24_if_possible,fill MCs-7-and-8 pre from 7 toward 24 using non-hourly pre videos
604,24,pre,true,MCs-7-and-8,7;8,,2026-02-22,augmented_pre_exposure,23,50,augmented_extra,augmented,bumblebox-15_2026-02-22_23_50_03,bumblebox-15,/media/august/AutoPolls9/dose-curve-pesticide-data/MCs-7-and-8/pre-exposure/bumblebox-15_2026-02-22_23_50_03.mp4,,pre_fill_to_24_if_possible,fill MCs-7-and-8 pre from 7 toward 24 using non-hourly pre videos
605,24,post,true,MCs-7-and-8,7;8,2026-02-23,2026-02-26,post_exposure_folder,23,30,fallback_hh30_missing_hh00,full_24_hours,bumblebox-15_2026-02-26_23_30_03,bumblebox-15,/media/august/AutoPolls9/dose-curve-pesticide-data/MCs-7-and-8/post-exposure/bumblebox-15_2026-02-26_23_30_03.mp4,/tmp/bumblebox_hourly_primary_mc1_8_explicit_links/MCs-7-and-8/post/2026-02-26/bumblebox-15_2026-02-26_23_30_03.mp4,base_hourly,original hourly round-robin selection
606,24,pre,true,MCs-9-and-10,9;10,2026-03-02,2026-03-01,pre_dose_d_minus_1,23,30,fallback_hh30_missing_hh00,full_24_hours,bumblebox-07_2026-03-01_23_30_03,bumblebox-07,/media/august/Expansion/Behavioral-Entropy-Pesticide-Dosing-Exps/MCs-9-and-10/2026-03-01/bumblebox-07_2026-03-01_23_30_03.mp4,/tmp/bumblebox_hourly_primary_mc9_24_links/MCs-9-and-10/2026-03-01/bumblebox-07_2026-03-01_23_30_03.mp4,base_hourly,original hourly round-robin selection
607,24,post,true,MCs-9-and-10,9;10,2026-03-02,2026-03-05,post_dose_d_plus_3,23,30,fallback_hh30_missing_hh00,full_24_hours,bumblebox-07_2026-03-05_23_30_03,bumblebox-07,/media/august/Expansion/Behavioral-Entropy-Pesticide-Dosing-Exps/MCs-9-and-10/2026-03-05/bumblebox-07_2026-03-05_23_30_03.mp4,/tmp/bumblebox_hourly_primary_mc9_24_links/MCs-9-and-10/2026-03-05/bumblebox-07_2026-03-05_23_30_03.mp4,base_hourly,original hourly round-robin selection
608,24,pre,true,MCs-13-and-14,13;14,2026-03-02,2026-03-01,pre_dose_d_minus_1,23,30,fallback_hh30_missing_hh00,full_24_hours,bumblebox-18_2026-03-01_23_30_03,bumblebox-18,/media/august/Expansion/Behavioral-Entropy-Pesticide-Dosing-Exps/MCs-13-and-14/2026-03-01/bumblebox-18_2026-03-01_23_30_03.mp4,/tmp/bumblebox_hourly_primary_mc9_24_links/MCs-13-and-14/2026-03-01/bumblebox-18_2026-03-01_23_30_03.mp4,base_hourly,original hourly round-robin selection
609,24,post,true,MCs-13-and-14,13;14,2026-03-02,2026-03-05,post_dose_d_plus_3,23,30,fallback_hh30_missing_hh00,full_24_hours,bumblebox-18_2026-03-05_23_30_04,bumblebox-18,/media/august/Expansion/Behavioral-Entropy-Pesticide-Dosing-Exps/MCs-13-and-14/2026-03-05/bumblebox-18_2026-03-05_23_30_04.mp4,/tmp/bumblebox_hourly_primary_mc9_24_links/MCs-13-and-14/2026-03-05/bumblebox-18_2026-03-05_23_30_04.mp4,base_hourly,original hourly round-robin selection
610,24,post,true,MCs-15-and-16,15;16,2026-03-02,2026-03-05,post_dose_d_plus_3,23,30,fallback_hh30_missing_hh00,full_24_hours,bumblebox-15_2026-03-05_23_30_03,bumblebox-15,/media/august/Expansion/Behavioral-Entropy-Pesticide-Dosing-Exps/MCs-15-and-16/2026-03-05/bumblebox-15_2026-03-05_23_30_03.mp4,/tmp/bumblebox_hourly_primary_mc9_24_links/MCs-15-and-16/2026-03-05/bumblebox-15_2026-03-05_23_30_03.mp4,base_hourly,original hourly round-robin selection
611,24,pre,true,MCs-17-and-18,17;18,2026-03-16,2026-03-15,pre_dose_d_minus_1,23,30,fallback_hh30_missing_hh00,full_24_hours,bumblebox-9_2026-03-15_23_30_04,bumblebox-9,/media/august/Expansion/Behavioral-Entropy-Pesticide-Dosing-Exps/MCs-17-and-18/2026-03-15/bumblebox-9_2026-03-15_23_30_04.mp4,/tmp/bumblebox_hourly_primary_mc9_24_links/MCs-17-and-18/2026-03-15/bumblebox-9_2026-03-15_23_30_04.mp4,base_hourly,original hourly round-robin selection
612,24,post,true,MCs-17-and-18,17;18,2026-03-16,2026-03-19,post_dose_d_plus_3,23,30,fallback_hh30_missing_hh00,full_24_hours,bumblebox-9_2026-03-19_23_30_05,bumblebox-9,/media/august/Expansion/Behavioral-Entropy-Pesticide-Dosing-Exps/MCs-17-and-18/2026-03-19/bumblebox-9_2026-03-19_23_30_05.mp4,/tmp/bumblebox_hourly_primary_mc9_24_links/MCs-17-and-18/2026-03-19/bumblebox-9_2026-03-19_23_30_05.mp4,base_hourly,original hourly round-robin selection
613,24,pre,true,MCs-19-and-20,19;20,2026-03-16,2026-03-15,pre_dose_d_minus_1,23,30,fallback_hh30_missing_hh00,full_24_hours,bumblebox-19_2026-03-15_23_30_03,bumblebox-19,/media/august/Expansion/Behavioral-Entropy-Pesticide-Dosing-Exps/MCs-19-and-20/2026-03-15/bumblebox-19_2026-03-15_23_30_03.mp4,/tmp/bumblebox_hourly_primary_mc9_24_links/MCs-19-and-20/2026-03-15/bumblebox-19_2026-03-15_23_30_03.mp4,base_hourly,original hourly round-robin selection
614,24,post,true,MCs-19-and-20,19;20,2026-03-16,2026-03-19,post_dose_d_plus_3,23,30,fallback_hh30_missing_hh00,full_24_hours,bumblebox-19_2026-03-19_23_30_04,bumblebox-19,/media/august/Expansion/Behavioral-Entropy-Pesticide-Dosing-Exps/MCs-19-and-20/2026-03-19/bumblebox-19_2026-03-19_23_30_04.mp4,/tmp/bumblebox_hourly_primary_mc9_24_links/MCs-19-and-20/2026-03-19/bumblebox-19_2026-03-19_23_30_04.mp4,base_hourly,original hourly round-robin selection
615,24,pre,true,MCs-21-and-22,21;22,2026-03-16,2026-03-15,pre_dose_d_minus_1,23,30,fallback_hh30_missing_hh00,full_24_hours,bumblebox-18_2026-03-15_23_30_04,bumblebox-18,/media/august/Expansion/Behavioral-Entropy-Pesticide-Dosing-Exps/MCs-21-and-22/2026-03-15/bumblebox-18_2026-03-15_23_30_04.mp4,/tmp/bumblebox_hourly_primary_mc9_24_links/MCs-21-and-22/2026-03-15/bumblebox-18_2026-03-15_23_30_04.mp4,base_hourly,original hourly round-robin selection
616,24,post,true,MCs-21-and-22,21;22,2026-03-16,2026-03-18,post_dose_d_plus_2_substitute,23,30,fallback_hh30_missing_hh00,full_24_hours,bumblebox-18_2026-03-18_23_30_04,bumblebox-18,/media/august/Expansion/Behavioral-Entropy-Pesticide-Dosing-Exps/MCs-21-and-22/2026-03-18/bumblebox-18_2026-03-18_23_30_04.mp4,/tmp/bumblebox_hourly_primary_mc9_24_links/MCs-21-and-22/2026-03-18/bumblebox-18_2026-03-18_23_30_04.mp4,base_hourly,original hourly round-robin selection
617,24,pre,true,MCs-23-and-24,23;24,2026-03-16,2026-03-15,pre_dose_d_minus_1,23,30,fallback_hh30_missing_hh00,full_24_hours,bumblebox-15_2026-03-15_23_30_03,bumblebox-15,/media/august/Expansion/Behavioral-Entropy-Pesticide-Dosing-Exps/MCs-23-and-24/2026-03-15/bumblebox-15_2026-03-15_23_30_03.mp4,/tmp/bumblebox_hourly_primary_mc9_24_links/MCs-23-and-24/2026-03-15/bumblebox-15_2026-03-15_23_30_03.mp4,base_hourly,original hourly round-robin selection
618,24,post,true,MCs-23-and-24,23;24,2026-03-16,2026-03-19,post_dose_d_plus_3,23,30,fallback_hh30_missing_hh00,full_24_hours,bumblebox-15_2026-03-19_23_30_03,bumblebox-15,/media/august/Expansion/Behavioral-Entropy-Pesticide-Dosing-Exps/MCs-23-and-24/2026-03-19/bumblebox-15_2026-03-19_23_30_03.mp4,/tmp/bumblebox_hourly_primary_mc9_24_links/MCs-23-and-24/2026-03-19/bumblebox-15_2026-03-19_23_30_03.mp4,base_hourly,original hourly round-robin selection
