balanced_round_robin_order,balanced_slot_index,balanced_period,include_in_hourly_primary,microcolony_pair,microcolony_ids,exposure_date,source_date,relative_period,target_hour,selected_minute,selection_status,day_status,video_id,filename_camera_label,source_video_path,symlink_path,augmentation_reason,augmentation_note
1,1,pre,true,MCs-1-and-2,1;2,2026-02-23,2026-02-23,pre_exposure_folder,00,00,exact_hh00,partial_day,bumblebox-19_2026-02-23_00_00_03,bumblebox-19,/media/august/AutoPolls9/dose-curve-pesticide-data/MCs-1-and-2/pre-exposure/bumblebox-19_2026-02-23_00_00_03.mp4,/tmp/bumblebox_hourly_primary_mc1_8_explicit_links/MCs-1-and-2/pre/2026-02-23/bumblebox-19_2026-02-23_00_00_03.mp4,base_hourly,original hourly round-robin selection
2,1,pre,true,MCs-1-and-2,1;2,,2026-02-23,augmented_pre_exposure,00,10,augmented_extra,augmented,bumblebox-19_2026-02-23_00_10_02,bumblebox-19,/media/august/AutoPolls9/dose-curve-pesticide-data/MCs-1-and-2/pre-exposure/bumblebox-19_2026-02-23_00_10_02.mp4,,pre_fill_to_24_if_possible,fill MCs-1-and-2 pre from 16 toward 24 using non-hourly pre videos
3,1,post,true,MCs-1-and-2,1;2,2026-02-23,2026-02-26,post_exposure_folder,00,00,exact_hh00,full_24_hours,bumblebox-19_2026-02-26_00_00_04,bumblebox-19,/media/august/AutoPolls9/dose-curve-pesticide-data/MCs-1-and-2/post-exposure/bumblebox-19_2026-02-26_00_00_04.mp4,/tmp/bumblebox_hourly_primary_mc1_8_explicit_links/MCs-1-and-2/post/2026-02-26/bumblebox-19_2026-02-26_00_00_04.mp4,base_hourly,original hourly round-robin selection
4,1,pre,true,MCs-3-and-4,3;4,2026-02-23,2026-02-22,pre_exposure_folder,00,00,exact_hh00,full_24_hours,bumblebox-07_2026-02-22_00_00_03,bumblebox-07,/media/august/AutoPolls9/dose-curve-pesticide-data/MCs-3-and-4/pre-exposure/bumblebox-07_2026-02-22_00_00_03.mp4,/tmp/bumblebox_hourly_primary_mc1_8_explicit_links/MCs-3-and-4/pre/2026-02-22/bumblebox-07_2026-02-22_00_00_03.mp4,base_hourly,original hourly round-robin selection
5,1,post,true,MCs-3-and-4,3;4,2026-02-23,2026-02-26,post_exposure_folder,00,00,exact_hh00,full_24_hours,bumblebox-07_2026-02-26_00_00_03,bumblebox-07,/media/august/AutoPolls9/dose-curve-pesticide-data/MCs-3-and-4/post-exposure/bumblebox-07_2026-02-26_00_00_03.mp4,/tmp/bumblebox_hourly_primary_mc1_8_explicit_links/MCs-3-and-4/post/2026-02-26/bumblebox-07_2026-02-26_00_00_03.mp4,base_hourly,original hourly round-robin selection
6,1,post,true,MCs-5-and-6,5;6,2026-02-23,2026-02-26,post_exposure_folder,00,00,exact_hh00,full_24_hours,bumblebox-18_2026-02-26_00_00_05,bumblebox-18,/media/august/AutoPolls9/dose-curve-pesticide-data/MCs-5-and-6/post-exposure/bumblebox-18_2026-02-26_00_00_05.mp4,/tmp/bumblebox_hourly_primary_mc1_8_explicit_links/MCs-5-and-6/post/2026-02-26/bumblebox-18_2026-02-26_00_00_05.mp4,base_hourly,original hourly round-robin selection
7,1,post,true,MCs-7-and-8,7;8,2026-02-23,2026-02-26,post_exposure_folder,00,00,exact_hh00,full_24_hours,bumblebox-15_2026-02-26_00_00_03,bumblebox-15,/media/august/AutoPolls9/dose-curve-pesticide-data/MCs-7-and-8/post-exposure/bumblebox-15_2026-02-26_00_00_03.mp4,/tmp/bumblebox_hourly_primary_mc1_8_explicit_links/MCs-7-and-8/post/2026-02-26/bumblebox-15_2026-02-26_00_00_03.mp4,base_hourly,original hourly round-robin selection
8,1,pre,true,MCs-9-and-10,9;10,2026-03-02,2026-03-01,pre_dose_d_minus_1,00,00,exact_hh00,full_24_hours,bumblebox-07_2026-03-01_00_00_03,bumblebox-07,/media/august/Expansion/Behavioral-Entropy-Pesticide-Dosing-Exps/MCs-9-and-10/2026-03-01/bumblebox-07_2026-03-01_00_00_03.mp4,/tmp/bumblebox_hourly_primary_mc9_24_links/MCs-9-and-10/2026-03-01/bumblebox-07_2026-03-01_00_00_03.mp4,base_hourly,original hourly round-robin selection
9,1,post,true,MCs-9-and-10,9;10,2026-03-02,2026-03-05,post_dose_d_plus_3,00,00,exact_hh00,full_24_hours,bumblebox-07_2026-03-05_00_00_03,bumblebox-07,/media/august/Expansion/Behavioral-Entropy-Pesticide-Dosing-Exps/MCs-9-and-10/2026-03-05/bumblebox-07_2026-03-05_00_00_03.mp4,/tmp/bumblebox_hourly_primary_mc9_24_links/MCs-9-and-10/2026-03-05/bumblebox-07_2026-03-05_00_00_03.mp4,base_hourly,original hourly round-robin selection
10,1,post,true,MCs-11-and-12,11;12,2026-03-02,2026-03-05,post_dose_d_plus_3,00,00,exact_hh00,partial_day,bumblebox-19_2026-03-05_00_00_05,bumblebox-19,/media/august/Expansion/Behavioral-Entropy-Pesticide-Dosing-Exps/MCs-11-and-12/2026-03-05/bumblebox-19_2026-03-05_00_00_05.mp4,/tmp/bumblebox_hourly_primary_mc9_24_links/MCs-11-and-12/2026-03-05/bumblebox-19_2026-03-05_00_00_05.mp4,base_hourly,original hourly round-robin selection
11,1,pre,true,MCs-13-and-14,13;14,2026-03-02,2026-03-01,pre_dose_d_minus_1,00,00,exact_hh00,full_24_hours,bumblebox-18_2026-03-01_00_00_03,bumblebox-18,/media/august/Expansion/Behavioral-Entropy-Pesticide-Dosing-Exps/MCs-13-and-14/2026-03-01/bumblebox-18_2026-03-01_00_00_03.mp4,/tmp/bumblebox_hourly_primary_mc9_24_links/MCs-13-and-14/2026-03-01/bumblebox-18_2026-03-01_00_00_03.mp4,base_hourly,original hourly round-robin selection
12,1,pre,true,MCs-13-and-14,13;14,,2026-03-01,augmented_pre_exposure,00,30,augmented_extra,augmented,bumblebox-18_2026-03-01_00_30_07,bumblebox-18,/media/august/Expansion/Behavioral-Entropy-Pesticide-Dosing-Exps/MCs-13-and-14/2026-03-01/bumblebox-18_2026-03-01_00_30_07.mp4,,blur_compensation_0.5ppb,extra pre videos for MC14 to compensate blurry MC1 0.5ppb
13,1,post,true,MCs-13-and-14,13;14,2026-03-02,2026-03-05,post_dose_d_plus_3,00,00,exact_hh00,full_24_hours,bumblebox-18_2026-03-05_00_00_03,bumblebox-18,/media/august/Expansion/Behavioral-Entropy-Pesticide-Dosing-Exps/MCs-13-and-14/2026-03-05/bumblebox-18_2026-03-05_00_00_03.mp4,/tmp/bumblebox_hourly_primary_mc9_24_links/MCs-13-and-14/2026-03-05/bumblebox-18_2026-03-05_00_00_03.mp4,base_hourly,original hourly round-robin selection
14,1,post,true,MCs-13-and-14,13;14,2026-03-02,2026-03-05,post_dose_d_plus_3,00,30,augmented_extra,augmented,bumblebox-18_2026-03-05_00_30_03,bumblebox-18,/media/august/Expansion/Behavioral-Entropy-Pesticide-Dosing-Exps/MCs-13-and-14/2026-03-05/bumblebox-18_2026-03-05_00_30_03.mp4,,post_compensate_blurry_mc1_2,post compensation for blurry MC1/2: MC14 matches MC1 0.5ppb
15,1,post,true,MCs-15-and-16,15;16,2026-03-02,2026-03-05,post_dose_d_plus_3,00,00,exact_hh00,full_24_hours,bumblebox-15_2026-03-05_00_00_05,bumblebox-15,/media/august/Expansion/Behavioral-Entropy-Pesticide-Dosing-Exps/MCs-15-and-16/2026-03-05/bumblebox-15_2026-03-05_00_00_05.mp4,/tmp/bumblebox_hourly_primary_mc9_24_links/MCs-15-and-16/2026-03-05/bumblebox-15_2026-03-05_00_00_05.mp4,base_hourly,original hourly round-robin selection
16,1,post,true,MCs-15-and-16,15;16,2026-03-02,2026-03-05,post_dose_d_plus_3,00,30,augmented_extra,augmented,bumblebox-15_2026-03-05_00_30_03,bumblebox-15,/media/august/Expansion/Behavioral-Entropy-Pesticide-Dosing-Exps/MCs-15-and-16/2026-03-05/bumblebox-15_2026-03-05_00_30_03.mp4,,post_compensate_blurry_mc1_2,post compensation for blurry MC1/2: MC16 matches MC2 10ppb
17,1,pre,true,MCs-17-and-18,17;18,2026-03-16,2026-03-15,pre_dose_d_minus_1,00,00,exact_hh00,full_24_hours,bumblebox-9_2026-03-15_00_00_03,bumblebox-9,/media/august/Expansion/Behavioral-Entropy-Pesticide-Dosing-Exps/MCs-17-and-18/2026-03-15/bumblebox-9_2026-03-15_00_00_03.mp4,/tmp/bumblebox_hourly_primary_mc9_24_links/MCs-17-and-18/2026-03-15/bumblebox-9_2026-03-15_00_00_03.mp4,base_hourly,original hourly round-robin selection
18,1,pre,true,MCs-17-and-18,17;18,,2026-03-15,augmented_pre_exposure,00,30,augmented_extra,augmented,bumblebox-9_2026-03-15_00_30_03,bumblebox-9,/media/august/Expansion/Behavioral-Entropy-Pesticide-Dosing-Exps/MCs-17-and-18/2026-03-15/bumblebox-9_2026-03-15_00_30_03.mp4,,blur_compensation_10ppb,all available extra pre videos for MC17 to compensate blurry MC2 10ppb; MC16 has no pre source videos
19,1,post,true,MCs-17-and-18,17;18,2026-03-16,2026-03-19,post_dose_d_plus_3,00,00,exact_hh00,full_24_hours,bumblebox-9_2026-03-19_00_00_03,bumblebox-9,/media/august/Expansion/Behavioral-Entropy-Pesticide-Dosing-Exps/MCs-17-and-18/2026-03-19/bumblebox-9_2026-03-19_00_00_03.mp4,/tmp/bumblebox_hourly_primary_mc9_24_links/MCs-17-and-18/2026-03-19/bumblebox-9_2026-03-19_00_00_03.mp4,base_hourly,original hourly round-robin selection
20,1,post,true,MCs-17-and-18,17;18,2026-03-16,2026-03-19,post_dose_d_plus_3,00,30,augmented_extra,augmented,bumblebox-9_2026-03-19_00_30_03,bumblebox-9,/media/august/Expansion/Behavioral-Entropy-Pesticide-Dosing-Exps/MCs-17-and-18/2026-03-19/bumblebox-9_2026-03-19_00_30_03.mp4,,post_compensate_blurry_mc1_2,post compensation for blurry MC1/2: MC17 matches MC2 10ppb
21,1,pre,true,MCs-19-and-20,19;20,2026-03-16,2026-03-15,pre_dose_d_minus_1,00,00,exact_hh00,full_24_hours,bumblebox-19_2026-03-15_00_00_05,bumblebox-19,/media/august/Expansion/Behavioral-Entropy-Pesticide-Dosing-Exps/MCs-19-and-20/2026-03-15/bumblebox-19_2026-03-15_00_00_05.mp4,/tmp/bumblebox_hourly_primary_mc9_24_links/MCs-19-and-20/2026-03-15/bumblebox-19_2026-03-15_00_00_05.mp4,base_hourly,original hourly round-robin selection
22,1,post,true,MCs-19-and-20,19;20,2026-03-16,2026-03-19,post_dose_d_plus_3,00,00,exact_hh00,full_24_hours,bumblebox-19_2026-03-19_00_00_03,bumblebox-19,/media/august/Expansion/Behavioral-Entropy-Pesticide-Dosing-Exps/MCs-19-and-20/2026-03-19/bumblebox-19_2026-03-19_00_00_03.mp4,/tmp/bumblebox_hourly_primary_mc9_24_links/MCs-19-and-20/2026-03-19/bumblebox-19_2026-03-19_00_00_03.mp4,base_hourly,original hourly round-robin selection
23,1,pre,true,MCs-21-and-22,21;22,2026-03-16,2026-03-15,pre_dose_d_minus_1,00,00,exact_hh00,full_24_hours,bumblebox-18_2026-03-15_00_00_04,bumblebox-18,/media/august/Expansion/Behavioral-Entropy-Pesticide-Dosing-Exps/MCs-21-and-22/2026-03-15/bumblebox-18_2026-03-15_00_00_04.mp4,/tmp/bumblebox_hourly_primary_mc9_24_links/MCs-21-and-22/2026-03-15/bumblebox-18_2026-03-15_00_00_04.mp4,base_hourly,original hourly round-robin selection
24,1,pre,true,MCs-21-and-22,21;22,,2026-03-15,augmented_pre_exposure,00,30,augmented_extra,augmented,bumblebox-18_2026-03-15_00_30_04,bumblebox-18,/media/august/Expansion/Behavioral-Entropy-Pesticide-Dosing-Exps/MCs-21-and-22/2026-03-15/bumblebox-18_2026-03-15_00_30_04.mp4,,blur_compensation_0.5ppb,extra pre videos for MC21 to compensate blurry MC1 0.5ppb
25,1,post,true,MCs-21-and-22,21;22,2026-03-16,2026-03-18,post_dose_d_plus_2_substitute,00,00,exact_hh00,full_24_hours,bumblebox-18_2026-03-18_00_00_03,bumblebox-18,/media/august/Expansion/Behavioral-Entropy-Pesticide-Dosing-Exps/MCs-21-and-22/2026-03-18/bumblebox-18_2026-03-18_00_00_03.mp4,/tmp/bumblebox_hourly_primary_mc9_24_links/MCs-21-and-22/2026-03-18/bumblebox-18_2026-03-18_00_00_03.mp4,base_hourly,original hourly round-robin selection
26,1,post,true,MCs-21-and-22,21;22,2026-03-16,2026-03-18,post_dose_d_plus_2_substitute,00,30,augmented_extra,augmented,bumblebox-18_2026-03-18_00_30_05,bumblebox-18,/media/august/Expansion/Behavioral-Entropy-Pesticide-Dosing-Exps/MCs-21-and-22/2026-03-18/bumblebox-18_2026-03-18_00_30_05.mp4,,post_compensate_blurry_mc1_2,post compensation for blurry MC1/2: MC21 matches MC1 0.5ppb
27,1,pre,true,MCs-23-and-24,23;24,2026-03-16,2026-03-15,pre_dose_d_minus_1,00,00,exact_hh00,full_24_hours,bumblebox-15_2026-03-15_00_00_03,bumblebox-15,/media/august/Expansion/Behavioral-Entropy-Pesticide-Dosing-Exps/MCs-23-and-24/2026-03-15/bumblebox-15_2026-03-15_00_00_03.mp4,/tmp/bumblebox_hourly_primary_mc9_24_links/MCs-23-and-24/2026-03-15/bumblebox-15_2026-03-15_00_00_03.mp4,base_hourly,original hourly round-robin selection
28,1,post,true,MCs-23-and-24,23;24,2026-03-16,2026-03-19,post_dose_d_plus_3,00,00,exact_hh00,full_24_hours,bumblebox-15_2026-03-19_00_00_05,bumblebox-15,/media/august/Expansion/Behavioral-Entropy-Pesticide-Dosing-Exps/MCs-23-and-24/2026-03-19/bumblebox-15_2026-03-19_00_00_05.mp4,/tmp/bumblebox_hourly_primary_mc9_24_links/MCs-23-and-24/2026-03-19/bumblebox-15_2026-03-19_00_00_05.mp4,base_hourly,original hourly round-robin selection
29,2,pre,true,MCs-1-and-2,1;2,2026-02-23,2026-02-23,pre_exposure_folder,01,00,exact_hh00,partial_day,bumblebox-19_2026-02-23_01_00_03,bumblebox-19,/media/august/AutoPolls9/dose-curve-pesticide-data/MCs-1-and-2/pre-exposure/bumblebox-19_2026-02-23_01_00_03.mp4,/tmp/bumblebox_hourly_primary_mc1_8_explicit_links/MCs-1-and-2/pre/2026-02-23/bumblebox-19_2026-02-23_01_00_03.mp4,base_hourly,original hourly round-robin selection
30,2,post,true,MCs-1-and-2,1;2,2026-02-23,2026-02-26,post_exposure_folder,01,00,exact_hh00,full_24_hours,bumblebox-19_2026-02-26_01_00_04,bumblebox-19,/media/august/AutoPolls9/dose-curve-pesticide-data/MCs-1-and-2/post-exposure/bumblebox-19_2026-02-26_01_00_04.mp4,/tmp/bumblebox_hourly_primary_mc1_8_explicit_links/MCs-1-and-2/post/2026-02-26/bumblebox-19_2026-02-26_01_00_04.mp4,base_hourly,original hourly round-robin selection
31,2,pre,true,MCs-3-and-4,3;4,2026-02-23,2026-02-22,pre_exposure_folder,01,00,exact_hh00,full_24_hours,bumblebox-07_2026-02-22_01_00_02,bumblebox-07,/media/august/AutoPolls9/dose-curve-pesticide-data/MCs-3-and-4/pre-exposure/bumblebox-07_2026-02-22_01_00_02.mp4,/tmp/bumblebox_hourly_primary_mc1_8_explicit_links/MCs-3-and-4/pre/2026-02-22/bumblebox-07_2026-02-22_01_00_02.mp4,base_hourly,original hourly round-robin selection
32,2,post,true,MCs-3-and-4,3;4,2026-02-23,2026-02-26,post_exposure_folder,01,00,exact_hh00,full_24_hours,bumblebox-07_2026-02-26_01_00_03,bumblebox-07,/media/august/AutoPolls9/dose-curve-pesticide-data/MCs-3-and-4/post-exposure/bumblebox-07_2026-02-26_01_00_03.mp4,/tmp/bumblebox_hourly_primary_mc1_8_explicit_links/MCs-3-and-4/post/2026-02-26/bumblebox-07_2026-02-26_01_00_03.mp4,base_hourly,original hourly round-robin selection
33,2,post,true,MCs-5-and-6,5;6,2026-02-23,2026-02-26,post_exposure_folder,01,00,exact_hh00,full_24_hours,bumblebox-18_2026-02-26_01_00_04,bumblebox-18,/media/august/AutoPolls9/dose-curve-pesticide-data/MCs-5-and-6/post-exposure/bumblebox-18_2026-02-26_01_00_04.mp4,/tmp/bumblebox_hourly_primary_mc1_8_explicit_links/MCs-5-and-6/post/2026-02-26/bumblebox-18_2026-02-26_01_00_04.mp4,base_hourly,original hourly round-robin selection
34,2,post,true,MCs-7-and-8,7;8,2026-02-23,2026-02-26,post_exposure_folder,01,00,exact_hh00,full_24_hours,bumblebox-15_2026-02-26_01_00_02,bumblebox-15,/media/august/AutoPolls9/dose-curve-pesticide-data/MCs-7-and-8/post-exposure/bumblebox-15_2026-02-26_01_00_02.mp4,/tmp/bumblebox_hourly_primary_mc1_8_explicit_links/MCs-7-and-8/post/2026-02-26/bumblebox-15_2026-02-26_01_00_02.mp4,base_hourly,original hourly round-robin selection
35,2,pre,true,MCs-9-and-10,9;10,2026-03-02,2026-03-01,pre_dose_d_minus_1,01,00,exact_hh00,full_24_hours,bumblebox-07_2026-03-01_01_00_03,bumblebox-07,/media/august/Expansion/Behavioral-Entropy-Pesticide-Dosing-Exps/MCs-9-and-10/2026-03-01/bumblebox-07_2026-03-01_01_00_03.mp4,/tmp/bumblebox_hourly_primary_mc9_24_links/MCs-9-and-10/2026-03-01/bumblebox-07_2026-03-01_01_00_03.mp4,base_hourly,original hourly round-robin selection
36,2,post,true,MCs-9-and-10,9;10,2026-03-02,2026-03-05,post_dose_d_plus_3,01,00,exact_hh00,full_24_hours,bumblebox-07_2026-03-05_01_00_03,bumblebox-07,/media/august/Expansion/Behavioral-Entropy-Pesticide-Dosing-Exps/MCs-9-and-10/2026-03-05/bumblebox-07_2026-03-05_01_00_03.mp4,/tmp/bumblebox_hourly_primary_mc9_24_links/MCs-9-and-10/2026-03-05/bumblebox-07_2026-03-05_01_00_03.mp4,base_hourly,original hourly round-robin selection
37,2,post,true,MCs-11-and-12,11;12,2026-03-02,2026-03-05,post_dose_d_plus_3,01,00,exact_hh00,partial_day,bumblebox-19_2026-03-05_01_00_04,bumblebox-19,/media/august/Expansion/Behavioral-Entropy-Pesticide-Dosing-Exps/MCs-11-and-12/2026-03-05/bumblebox-19_2026-03-05_01_00_04.mp4,/tmp/bumblebox_hourly_primary_mc9_24_links/MCs-11-and-12/2026-03-05/bumblebox-19_2026-03-05_01_00_04.mp4,base_hourly,original hourly round-robin selection
38,2,pre,true,MCs-13-and-14,13;14,2026-03-02,2026-03-01,pre_dose_d_minus_1,01,00,exact_hh00,full_24_hours,bumblebox-18_2026-03-01_01_00_03,bumblebox-18,/media/august/Expansion/Behavioral-Entropy-Pesticide-Dosing-Exps/MCs-13-and-14/2026-03-01/bumblebox-18_2026-03-01_01_00_03.mp4,/tmp/bumblebox_hourly_primary_mc9_24_links/MCs-13-and-14/2026-03-01/bumblebox-18_2026-03-01_01_00_03.mp4,base_hourly,original hourly round-robin selection
39,2,post,true,MCs-13-and-14,13;14,2026-03-02,2026-03-05,post_dose_d_plus_3,01,00,exact_hh00,full_24_hours,bumblebox-18_2026-03-05_01_00_04,bumblebox-18,/media/august/Expansion/Behavioral-Entropy-Pesticide-Dosing-Exps/MCs-13-and-14/2026-03-05/bumblebox-18_2026-03-05_01_00_04.mp4,/tmp/bumblebox_hourly_primary_mc9_24_links/MCs-13-and-14/2026-03-05/bumblebox-18_2026-03-05_01_00_04.mp4,base_hourly,original hourly round-robin selection
40,2,post,true,MCs-15-and-16,15;16,2026-03-02,2026-03-05,post_dose_d_plus_3,01,00,exact_hh00,full_24_hours,bumblebox-15_2026-03-05_01_00_04,bumblebox-15,/media/august/Expansion/Behavioral-Entropy-Pesticide-Dosing-Exps/MCs-15-and-16/2026-03-05/bumblebox-15_2026-03-05_01_00_04.mp4,/tmp/bumblebox_hourly_primary_mc9_24_links/MCs-15-and-16/2026-03-05/bumblebox-15_2026-03-05_01_00_04.mp4,base_hourly,original hourly round-robin selection
41,2,pre,true,MCs-17-and-18,17;18,2026-03-16,2026-03-15,pre_dose_d_minus_1,01,00,exact_hh00,full_24_hours,bumblebox-9_2026-03-15_01_00_03,bumblebox-9,/media/august/Expansion/Behavioral-Entropy-Pesticide-Dosing-Exps/MCs-17-and-18/2026-03-15/bumblebox-9_2026-03-15_01_00_03.mp4,/tmp/bumblebox_hourly_primary_mc9_24_links/MCs-17-and-18/2026-03-15/bumblebox-9_2026-03-15_01_00_03.mp4,base_hourly,original hourly round-robin selection
42,2,pre,true,MCs-17-and-18,17;18,,2026-03-15,augmented_pre_exposure,01,30,augmented_extra,augmented,bumblebox-9_2026-03-15_01_30_03,bumblebox-9,/media/august/Expansion/Behavioral-Entropy-Pesticide-Dosing-Exps/MCs-17-and-18/2026-03-15/bumblebox-9_2026-03-15_01_30_03.mp4,,blur_compensation_10ppb,all available extra pre videos for MC17 to compensate blurry MC2 10ppb; MC16 has no pre source videos
43,2,post,true,MCs-17-and-18,17;18,2026-03-16,2026-03-19,post_dose_d_plus_3,01,00,exact_hh00,full_24_hours,bumblebox-9_2026-03-19_01_00_03,bumblebox-9,/media/august/Expansion/Behavioral-Entropy-Pesticide-Dosing-Exps/MCs-17-and-18/2026-03-19/bumblebox-9_2026-03-19_01_00_03.mp4,/tmp/bumblebox_hourly_primary_mc9_24_links/MCs-17-and-18/2026-03-19/bumblebox-9_2026-03-19_01_00_03.mp4,base_hourly,original hourly round-robin selection
44,2,pre,true,MCs-19-and-20,19;20,2026-03-16,2026-03-15,pre_dose_d_minus_1,01,00,exact_hh00,full_24_hours,bumblebox-19_2026-03-15_01_00_04,bumblebox-19,/media/august/Expansion/Behavioral-Entropy-Pesticide-Dosing-Exps/MCs-19-and-20/2026-03-15/bumblebox-19_2026-03-15_01_00_04.mp4,/tmp/bumblebox_hourly_primary_mc9_24_links/MCs-19-and-20/2026-03-15/bumblebox-19_2026-03-15_01_00_04.mp4,base_hourly,original hourly round-robin selection
45,2,post,true,MCs-19-and-20,19;20,2026-03-16,2026-03-19,post_dose_d_plus_3,01,00,exact_hh00,full_24_hours,bumblebox-19_2026-03-19_01_00_03,bumblebox-19,/media/august/Expansion/Behavioral-Entropy-Pesticide-Dosing-Exps/MCs-19-and-20/2026-03-19/bumblebox-19_2026-03-19_01_00_03.mp4,/tmp/bumblebox_hourly_primary_mc9_24_links/MCs-19-and-20/2026-03-19/bumblebox-19_2026-03-19_01_00_03.mp4,base_hourly,original hourly round-robin selection
46,2,pre,true,MCs-21-and-22,21;22,2026-03-16,2026-03-15,pre_dose_d_minus_1,01,00,exact_hh00,full_24_hours,bumblebox-18_2026-03-15_01_00_03,bumblebox-18,/media/august/Expansion/Behavioral-Entropy-Pesticide-Dosing-Exps/MCs-21-and-22/2026-03-15/bumblebox-18_2026-03-15_01_00_03.mp4,/tmp/bumblebox_hourly_primary_mc9_24_links/MCs-21-and-22/2026-03-15/bumblebox-18_2026-03-15_01_00_03.mp4,base_hourly,original hourly round-robin selection
47,2,post,true,MCs-21-and-22,21;22,2026-03-16,2026-03-18,post_dose_d_plus_2_substitute,01,00,exact_hh00,full_24_hours,bumblebox-18_2026-03-18_01_00_04,bumblebox-18,/media/august/Expansion/Behavioral-Entropy-Pesticide-Dosing-Exps/MCs-21-and-22/2026-03-18/bumblebox-18_2026-03-18_01_00_04.mp4,/tmp/bumblebox_hourly_primary_mc9_24_links/MCs-21-and-22/2026-03-18/bumblebox-18_2026-03-18_01_00_04.mp4,base_hourly,original hourly round-robin selection
48,2,pre,true,MCs-23-and-24,23;24,2026-03-16,2026-03-15,pre_dose_d_minus_1,01,00,exact_hh00,full_24_hours,bumblebox-15_2026-03-15_01_00_03,bumblebox-15,/media/august/Expansion/Behavioral-Entropy-Pesticide-Dosing-Exps/MCs-23-and-24/2026-03-15/bumblebox-15_2026-03-15_01_00_03.mp4,/tmp/bumblebox_hourly_primary_mc9_24_links/MCs-23-and-24/2026-03-15/bumblebox-15_2026-03-15_01_00_03.mp4,base_hourly,original hourly round-robin selection
49,2,post,true,MCs-23-and-24,23;24,2026-03-16,2026-03-19,post_dose_d_plus_3,01,00,exact_hh00,full_24_hours,bumblebox-15_2026-03-19_01_00_04,bumblebox-15,/media/august/Expansion/Behavioral-Entropy-Pesticide-Dosing-Exps/MCs-23-and-24/2026-03-19/bumblebox-15_2026-03-19_01_00_04.mp4,/tmp/bumblebox_hourly_primary_mc9_24_links/MCs-23-and-24/2026-03-19/bumblebox-15_2026-03-19_01_00_04.mp4,base_hourly,original hourly round-robin selection
50,3,pre,true,MCs-1-and-2,1;2,2026-02-23,2026-02-23,pre_exposure_folder,02,00,exact_hh00,partial_day,bumblebox-19_2026-02-23_02_00_03,bumblebox-19,/media/august/AutoPolls9/dose-curve-pesticide-data/MCs-1-and-2/pre-exposure/bumblebox-19_2026-02-23_02_00_03.mp4,/tmp/bumblebox_hourly_primary_mc1_8_explicit_links/MCs-1-and-2/pre/2026-02-23/bumblebox-19_2026-02-23_02_00_03.mp4,base_hourly,original hourly round-robin selection
51,3,pre,true,MCs-1-and-2,1;2,,2026-02-23,augmented_pre_exposure,02,20,augmented_extra,augmented,bumblebox-19_2026-02-23_02_20_03,bumblebox-19,/media/august/AutoPolls9/dose-curve-pesticide-data/MCs-1-and-2/pre-exposure/bumblebox-19_2026-02-23_02_20_03.mp4,,pre_fill_to_24_if_possible,fill MCs-1-and-2 pre from 16 toward 24 using non-hourly pre videos
52,3,post,true,MCs-1-and-2,1;2,2026-02-23,2026-02-26,post_exposure_folder,02,00,exact_hh00,full_24_hours,bumblebox-19_2026-02-26_02_00_03,bumblebox-19,/media/august/AutoPolls9/dose-curve-pesticide-data/MCs-1-and-2/post-exposure/bumblebox-19_2026-02-26_02_00_03.mp4,/tmp/bumblebox_hourly_primary_mc1_8_explicit_links/MCs-1-and-2/post/2026-02-26/bumblebox-19_2026-02-26_02_00_03.mp4,base_hourly,original hourly round-robin selection
53,3,pre,true,MCs-3-and-4,3;4,2026-02-23,2026-02-22,pre_exposure_folder,02,00,exact_hh00,full_24_hours,bumblebox-07_2026-02-22_02_00_03,bumblebox-07,/media/august/AutoPolls9/dose-curve-pesticide-data/MCs-3-and-4/pre-exposure/bumblebox-07_2026-02-22_02_00_03.mp4,/tmp/bumblebox_hourly_primary_mc1_8_explicit_links/MCs-3-and-4/pre/2026-02-22/bumblebox-07_2026-02-22_02_00_03.mp4,base_hourly,original hourly round-robin selection
54,3,post,true,MCs-3-and-4,3;4,2026-02-23,2026-02-26,post_exposure_folder,02,00,exact_hh00,full_24_hours,bumblebox-07_2026-02-26_02_00_03,bumblebox-07,/media/august/AutoPolls9/dose-curve-pesticide-data/MCs-3-and-4/post-exposure/bumblebox-07_2026-02-26_02_00_03.mp4,/tmp/bumblebox_hourly_primary_mc1_8_explicit_links/MCs-3-and-4/post/2026-02-26/bumblebox-07_2026-02-26_02_00_03.mp4,base_hourly,original hourly round-robin selection
55,3,post,true,MCs-5-and-6,5;6,2026-02-23,2026-02-26,post_exposure_folder,02,00,exact_hh00,full_24_hours,bumblebox-18_2026-02-26_02_00_04,bumblebox-18,/media/august/AutoPolls9/dose-curve-pesticide-data/MCs-5-and-6/post-exposure/bumblebox-18_2026-02-26_02_00_04.mp4,/tmp/bumblebox_hourly_primary_mc1_8_explicit_links/MCs-5-and-6/post/2026-02-26/bumblebox-18_2026-02-26_02_00_04.mp4,base_hourly,original hourly round-robin selection
56,3,post,true,MCs-7-and-8,7;8,2026-02-23,2026-02-26,post_exposure_folder,02,00,exact_hh00,full_24_hours,bumblebox-15_2026-02-26_02_00_03,bumblebox-15,/media/august/AutoPolls9/dose-curve-pesticide-data/MCs-7-and-8/post-exposure/bumblebox-15_2026-02-26_02_00_03.mp4,/tmp/bumblebox_hourly_primary_mc1_8_explicit_links/MCs-7-and-8/post/2026-02-26/bumblebox-15_2026-02-26_02_00_03.mp4,base_hourly,original hourly round-robin selection
57,3,pre,true,MCs-9-and-10,9;10,2026-03-02,2026-03-01,pre_dose_d_minus_1,02,00,exact_hh00,full_24_hours,bumblebox-07_2026-03-01_02_00_03,bumblebox-07,/media/august/Expansion/Behavioral-Entropy-Pesticide-Dosing-Exps/MCs-9-and-10/2026-03-01/bumblebox-07_2026-03-01_02_00_03.mp4,/tmp/bumblebox_hourly_primary_mc9_24_links/MCs-9-and-10/2026-03-01/bumblebox-07_2026-03-01_02_00_03.mp4,base_hourly,original hourly round-robin selection
58,3,post,true,MCs-9-and-10,9;10,2026-03-02,2026-03-05,post_dose_d_plus_3,02,00,exact_hh00,full_24_hours,bumblebox-07_2026-03-05_02_00_03,bumblebox-07,/media/august/Expansion/Behavioral-Entropy-Pesticide-Dosing-Exps/MCs-9-and-10/2026-03-05/bumblebox-07_2026-03-05_02_00_03.mp4,/tmp/bumblebox_hourly_primary_mc9_24_links/MCs-9-and-10/2026-03-05/bumblebox-07_2026-03-05_02_00_03.mp4,base_hourly,original hourly round-robin selection
59,3,post,true,MCs-11-and-12,11;12,2026-03-02,2026-03-05,post_dose_d_plus_3,02,00,exact_hh00,partial_day,bumblebox-19_2026-03-05_02_00_04,bumblebox-19,/media/august/Expansion/Behavioral-Entropy-Pesticide-Dosing-Exps/MCs-11-and-12/2026-03-05/bumblebox-19_2026-03-05_02_00_04.mp4,/tmp/bumblebox_hourly_primary_mc9_24_links/MCs-11-and-12/2026-03-05/bumblebox-19_2026-03-05_02_00_04.mp4,base_hourly,original hourly round-robin selection
60,3,pre,true,MCs-13-and-14,13;14,2026-03-02,2026-03-01,pre_dose_d_minus_1,02,00,exact_hh00,full_24_hours,bumblebox-18_2026-03-01_02_00_03,bumblebox-18,/media/august/Expansion/Behavioral-Entropy-Pesticide-Dosing-Exps/MCs-13-and-14/2026-03-01/bumblebox-18_2026-03-01_02_00_03.mp4,/tmp/bumblebox_hourly_primary_mc9_24_links/MCs-13-and-14/2026-03-01/bumblebox-18_2026-03-01_02_00_03.mp4,base_hourly,original hourly round-robin selection
61,3,pre,true,MCs-13-and-14,13;14,,2026-03-01,augmented_pre_exposure,02,30,augmented_extra,augmented,bumblebox-18_2026-03-01_02_30_05,bumblebox-18,/media/august/Expansion/Behavioral-Entropy-Pesticide-Dosing-Exps/MCs-13-and-14/2026-03-01/bumblebox-18_2026-03-01_02_30_05.mp4,,blur_compensation_0.5ppb,extra pre videos for MC14 to compensate blurry MC1 0.5ppb
62,3,post,true,MCs-13-and-14,13;14,2026-03-02,2026-03-05,post_dose_d_plus_3,02,00,exact_hh00,full_24_hours,bumblebox-18_2026-03-05_02_00_03,bumblebox-18,/media/august/Expansion/Behavioral-Entropy-Pesticide-Dosing-Exps/MCs-13-and-14/2026-03-05/bumblebox-18_2026-03-05_02_00_03.mp4,/tmp/bumblebox_hourly_primary_mc9_24_links/MCs-13-and-14/2026-03-05/bumblebox-18_2026-03-05_02_00_03.mp4,base_hourly,original hourly round-robin selection
63,3,post,true,MCs-13-and-14,13;14,2026-03-02,2026-03-05,post_dose_d_plus_3,02,30,augmented_extra,augmented,bumblebox-18_2026-03-05_02_30_04,bumblebox-18,/media/august/Expansion/Behavioral-Entropy-Pesticide-Dosing-Exps/MCs-13-and-14/2026-03-05/bumblebox-18_2026-03-05_02_30_04.mp4,,post_compensate_blurry_mc1_2,post compensation for blurry MC1/2: MC14 matches MC1 0.5ppb
64,3,post,true,MCs-15-and-16,15;16,2026-03-02,2026-03-05,post_dose_d_plus_3,02,00,exact_hh00,full_24_hours,bumblebox-15_2026-03-05_02_00_04,bumblebox-15,/media/august/Expansion/Behavioral-Entropy-Pesticide-Dosing-Exps/MCs-15-and-16/2026-03-05/bumblebox-15_2026-03-05_02_00_04.mp4,/tmp/bumblebox_hourly_primary_mc9_24_links/MCs-15-and-16/2026-03-05/bumblebox-15_2026-03-05_02_00_04.mp4,base_hourly,original hourly round-robin selection
65,3,post,true,MCs-15-and-16,15;16,2026-03-02,2026-03-05,post_dose_d_plus_3,02,30,augmented_extra,augmented,bumblebox-15_2026-03-05_02_30_04,bumblebox-15,/media/august/Expansion/Behavioral-Entropy-Pesticide-Dosing-Exps/MCs-15-and-16/2026-03-05/bumblebox-15_2026-03-05_02_30_04.mp4,,post_compensate_blurry_mc1_2,post compensation for blurry MC1/2: MC16 matches MC2 10ppb
66,3,pre,true,MCs-17-and-18,17;18,2026-03-16,2026-03-15,pre_dose_d_minus_1,02,00,exact_hh00,full_24_hours,bumblebox-9_2026-03-15_02_00_02,bumblebox-9,/media/august/Expansion/Behavioral-Entropy-Pesticide-Dosing-Exps/MCs-17-and-18/2026-03-15/bumblebox-9_2026-03-15_02_00_02.mp4,/tmp/bumblebox_hourly_primary_mc9_24_links/MCs-17-and-18/2026-03-15/bumblebox-9_2026-03-15_02_00_02.mp4,base_hourly,original hourly round-robin selection
67,3,pre,true,MCs-17-and-18,17;18,,2026-03-15,augmented_pre_exposure,02,30,augmented_extra,augmented,bumblebox-9_2026-03-15_02_30_03,bumblebox-9,/media/august/Expansion/Behavioral-Entropy-Pesticide-Dosing-Exps/MCs-17-and-18/2026-03-15/bumblebox-9_2026-03-15_02_30_03.mp4,,blur_compensation_10ppb,all available extra pre videos for MC17 to compensate blurry MC2 10ppb; MC16 has no pre source videos
68,3,post,true,MCs-17-and-18,17;18,2026-03-16,2026-03-19,post_dose_d_plus_3,02,00,exact_hh00,full_24_hours,bumblebox-9_2026-03-19_02_00_02,bumblebox-9,/media/august/Expansion/Behavioral-Entropy-Pesticide-Dosing-Exps/MCs-17-and-18/2026-03-19/bumblebox-9_2026-03-19_02_00_02.mp4,/tmp/bumblebox_hourly_primary_mc9_24_links/MCs-17-and-18/2026-03-19/bumblebox-9_2026-03-19_02_00_02.mp4,base_hourly,original hourly round-robin selection
69,3,post,true,MCs-17-and-18,17;18,2026-03-16,2026-03-19,post_dose_d_plus_3,02,30,augmented_extra,augmented,bumblebox-9_2026-03-19_02_30_03,bumblebox-9,/media/august/Expansion/Behavioral-Entropy-Pesticide-Dosing-Exps/MCs-17-and-18/2026-03-19/bumblebox-9_2026-03-19_02_30_03.mp4,,post_compensate_blurry_mc1_2,post compensation for blurry MC1/2: MC17 matches MC2 10ppb
70,3,pre,true,MCs-19-and-20,19;20,2026-03-16,2026-03-15,pre_dose_d_minus_1,02,00,exact_hh00,full_24_hours,bumblebox-19_2026-03-15_02_00_04,bumblebox-19,/media/august/Expansion/Behavioral-Entropy-Pesticide-Dosing-Exps/MCs-19-and-20/2026-03-15/bumblebox-19_2026-03-15_02_00_04.mp4,/tmp/bumblebox_hourly_primary_mc9_24_links/MCs-19-and-20/2026-03-15/bumblebox-19_2026-03-15_02_00_04.mp4,base_hourly,original hourly round-robin selection
71,3,post,true,MCs-19-and-20,19;20,2026-03-16,2026-03-19,post_dose_d_plus_3,02,00,exact_hh00,full_24_hours,bumblebox-19_2026-03-19_02_00_05,bumblebox-19,/media/august/Expansion/Behavioral-Entropy-Pesticide-Dosing-Exps/MCs-19-and-20/2026-03-19/bumblebox-19_2026-03-19_02_00_05.mp4,/tmp/bumblebox_hourly_primary_mc9_24_links/MCs-19-and-20/2026-03-19/bumblebox-19_2026-03-19_02_00_05.mp4,base_hourly,original hourly round-robin selection
72,3,pre,true,MCs-21-and-22,21;22,2026-03-16,2026-03-15,pre_dose_d_minus_1,02,00,exact_hh00,full_24_hours,bumblebox-18_2026-03-15_02_00_04,bumblebox-18,/media/august/Expansion/Behavioral-Entropy-Pesticide-Dosing-Exps/MCs-21-and-22/2026-03-15/bumblebox-18_2026-03-15_02_00_04.mp4,/tmp/bumblebox_hourly_primary_mc9_24_links/MCs-21-and-22/2026-03-15/bumblebox-18_2026-03-15_02_00_04.mp4,base_hourly,original hourly round-robin selection
73,3,pre,true,MCs-21-and-22,21;22,,2026-03-15,augmented_pre_exposure,02,30,augmented_extra,augmented,bumblebox-18_2026-03-15_02_30_04,bumblebox-18,/media/august/Expansion/Behavioral-Entropy-Pesticide-Dosing-Exps/MCs-21-and-22/2026-03-15/bumblebox-18_2026-03-15_02_30_04.mp4,,blur_compensation_0.5ppb,extra pre videos for MC21 to compensate blurry MC1 0.5ppb
74,3,post,true,MCs-21-and-22,21;22,2026-03-16,2026-03-18,post_dose_d_plus_2_substitute,02,00,exact_hh00,full_24_hours,bumblebox-18_2026-03-18_02_00_04,bumblebox-18,/media/august/Expansion/Behavioral-Entropy-Pesticide-Dosing-Exps/MCs-21-and-22/2026-03-18/bumblebox-18_2026-03-18_02_00_04.mp4,/tmp/bumblebox_hourly_primary_mc9_24_links/MCs-21-and-22/2026-03-18/bumblebox-18_2026-03-18_02_00_04.mp4,base_hourly,original hourly round-robin selection
75,3,post,true,MCs-21-and-22,21;22,2026-03-16,2026-03-18,post_dose_d_plus_2_substitute,02,30,augmented_extra,augmented,bumblebox-18_2026-03-18_02_30_04,bumblebox-18,/media/august/Expansion/Behavioral-Entropy-Pesticide-Dosing-Exps/MCs-21-and-22/2026-03-18/bumblebox-18_2026-03-18_02_30_04.mp4,,post_compensate_blurry_mc1_2,post compensation for blurry MC1/2: MC21 matches MC1 0.5ppb
76,3,pre,true,MCs-23-and-24,23;24,2026-03-16,2026-03-15,pre_dose_d_minus_1,02,00,exact_hh00,full_24_hours,bumblebox-15_2026-03-15_02_00_04,bumblebox-15,/media/august/Expansion/Behavioral-Entropy-Pesticide-Dosing-Exps/MCs-23-and-24/2026-03-15/bumblebox-15_2026-03-15_02_00_04.mp4,/tmp/bumblebox_hourly_primary_mc9_24_links/MCs-23-and-24/2026-03-15/bumblebox-15_2026-03-15_02_00_04.mp4,base_hourly,original hourly round-robin selection
77,3,post,true,MCs-23-and-24,23;24,2026-03-16,2026-03-19,post_dose_d_plus_3,02,00,exact_hh00,full_24_hours,bumblebox-15_2026-03-19_02_00_04,bumblebox-15,/media/august/Expansion/Behavioral-Entropy-Pesticide-Dosing-Exps/MCs-23-and-24/2026-03-19/bumblebox-15_2026-03-19_02_00_04.mp4,/tmp/bumblebox_hourly_primary_mc9_24_links/MCs-23-and-24/2026-03-19/bumblebox-15_2026-03-19_02_00_04.mp4,base_hourly,original hourly round-robin selection
78,4,pre,true,MCs-1-and-2,1;2,2026-02-23,2026-02-23,pre_exposure_folder,03,00,exact_hh00,partial_day,bumblebox-19_2026-02-23_03_00_02,bumblebox-19,/media/august/AutoPolls9/dose-curve-pesticide-data/MCs-1-and-2/pre-exposure/bumblebox-19_2026-02-23_03_00_02.mp4,/tmp/bumblebox_hourly_primary_mc1_8_explicit_links/MCs-1-and-2/pre/2026-02-23/bumblebox-19_2026-02-23_03_00_02.mp4,base_hourly,original hourly round-robin selection
79,4,post,true,MCs-1-and-2,1;2,2026-02-23,2026-02-26,post_exposure_folder,03,00,exact_hh00,full_24_hours,bumblebox-19_2026-02-26_03_00_03,bumblebox-19,/media/august/AutoPolls9/dose-curve-pesticide-data/MCs-1-and-2/post-exposure/bumblebox-19_2026-02-26_03_00_03.mp4,/tmp/bumblebox_hourly_primary_mc1_8_explicit_links/MCs-1-and-2/post/2026-02-26/bumblebox-19_2026-02-26_03_00_03.mp4,base_hourly,original hourly round-robin selection
80,4,pre,true,MCs-3-and-4,3;4,2026-02-23,2026-02-22,pre_exposure_folder,03,00,exact_hh00,full_24_hours,bumblebox-07_2026-02-22_03_00_02,bumblebox-07,/media/august/AutoPolls9/dose-curve-pesticide-data/MCs-3-and-4/pre-exposure/bumblebox-07_2026-02-22_03_00_02.mp4,/tmp/bumblebox_hourly_primary_mc1_8_explicit_links/MCs-3-and-4/pre/2026-02-22/bumblebox-07_2026-02-22_03_00_02.mp4,base_hourly,original hourly round-robin selection
81,4,post,true,MCs-3-and-4,3;4,2026-02-23,2026-02-26,post_exposure_folder,03,00,exact_hh00,full_24_hours,bumblebox-07_2026-02-26_03_00_03,bumblebox-07,/media/august/AutoPolls9/dose-curve-pesticide-data/MCs-3-and-4/post-exposure/bumblebox-07_2026-02-26_03_00_03.mp4,/tmp/bumblebox_hourly_primary_mc1_8_explicit_links/MCs-3-and-4/post/2026-02-26/bumblebox-07_2026-02-26_03_00_03.mp4,base_hourly,original hourly round-robin selection
82,4,post,true,MCs-5-and-6,5;6,2026-02-23,2026-02-26,post_exposure_folder,03,00,exact_hh00,full_24_hours,bumblebox-18_2026-02-26_03_00_04,bumblebox-18,/media/august/AutoPolls9/dose-curve-pesticide-data/MCs-5-and-6/post-exposure/bumblebox-18_2026-02-26_03_00_04.mp4,/tmp/bumblebox_hourly_primary_mc1_8_explicit_links/MCs-5-and-6/post/2026-02-26/bumblebox-18_2026-02-26_03_00_04.mp4,base_hourly,original hourly round-robin selection
83,4,post,true,MCs-7-and-8,7;8,2026-02-23,2026-02-26,post_exposure_folder,03,00,exact_hh00,full_24_hours,bumblebox-15_2026-02-26_03_00_03,bumblebox-15,/media/august/AutoPolls9/dose-curve-pesticide-data/MCs-7-and-8/post-exposure/bumblebox-15_2026-02-26_03_00_03.mp4,/tmp/bumblebox_hourly_primary_mc1_8_explicit_links/MCs-7-and-8/post/2026-02-26/bumblebox-15_2026-02-26_03_00_03.mp4,base_hourly,original hourly round-robin selection
84,4,pre,true,MCs-9-and-10,9;10,2026-03-02,2026-03-01,pre_dose_d_minus_1,03,00,exact_hh00,full_24_hours,bumblebox-07_2026-03-01_03_00_03,bumblebox-07,/media/august/Expansion/Behavioral-Entropy-Pesticide-Dosing-Exps/MCs-9-and-10/2026-03-01/bumblebox-07_2026-03-01_03_00_03.mp4,/tmp/bumblebox_hourly_primary_mc9_24_links/MCs-9-and-10/2026-03-01/bumblebox-07_2026-03-01_03_00_03.mp4,base_hourly,original hourly round-robin selection
85,4,post,true,MCs-9-and-10,9;10,2026-03-02,2026-03-05,post_dose_d_plus_3,03,00,exact_hh00,full_24_hours,bumblebox-07_2026-03-05_03_00_03,bumblebox-07,/media/august/Expansion/Behavioral-Entropy-Pesticide-Dosing-Exps/MCs-9-and-10/2026-03-05/bumblebox-07_2026-03-05_03_00_03.mp4,/tmp/bumblebox_hourly_primary_mc9_24_links/MCs-9-and-10/2026-03-05/bumblebox-07_2026-03-05_03_00_03.mp4,base_hourly,original hourly round-robin selection
86,4,post,true,MCs-11-and-12,11;12,2026-03-02,2026-03-05,post_dose_d_plus_3,03,00,exact_hh00,partial_day,bumblebox-19_2026-03-05_03_00_04,bumblebox-19,/media/august/Expansion/Behavioral-Entropy-Pesticide-Dosing-Exps/MCs-11-and-12/2026-03-05/bumblebox-19_2026-03-05_03_00_04.mp4,/tmp/bumblebox_hourly_primary_mc9_24_links/MCs-11-and-12/2026-03-05/bumblebox-19_2026-03-05_03_00_04.mp4,base_hourly,original hourly round-robin selection
87,4,pre,true,MCs-13-and-14,13;14,2026-03-02,2026-03-01,pre_dose_d_minus_1,03,00,exact_hh00,full_24_hours,bumblebox-18_2026-03-01_03_00_04,bumblebox-18,/media/august/Expansion/Behavioral-Entropy-Pesticide-Dosing-Exps/MCs-13-and-14/2026-03-01/bumblebox-18_2026-03-01_03_00_04.mp4,/tmp/bumblebox_hourly_primary_mc9_24_links/MCs-13-and-14/2026-03-01/bumblebox-18_2026-03-01_03_00_04.mp4,base_hourly,original hourly round-robin selection
88,4,post,true,MCs-13-and-14,13;14,2026-03-02,2026-03-05,post_dose_d_plus_3,03,00,exact_hh00,full_24_hours,bumblebox-18_2026-03-05_03_00_03,bumblebox-18,/media/august/Expansion/Behavioral-Entropy-Pesticide-Dosing-Exps/MCs-13-and-14/2026-03-05/bumblebox-18_2026-03-05_03_00_03.mp4,/tmp/bumblebox_hourly_primary_mc9_24_links/MCs-13-and-14/2026-03-05/bumblebox-18_2026-03-05_03_00_03.mp4,base_hourly,original hourly round-robin selection
89,4,post,true,MCs-15-and-16,15;16,2026-03-02,2026-03-05,post_dose_d_plus_3,03,00,exact_hh00,full_24_hours,bumblebox-15_2026-03-05_03_00_04,bumblebox-15,/media/august/Expansion/Behavioral-Entropy-Pesticide-Dosing-Exps/MCs-15-and-16/2026-03-05/bumblebox-15_2026-03-05_03_00_04.mp4,/tmp/bumblebox_hourly_primary_mc9_24_links/MCs-15-and-16/2026-03-05/bumblebox-15_2026-03-05_03_00_04.mp4,base_hourly,original hourly round-robin selection
90,4,pre,true,MCs-17-and-18,17;18,2026-03-16,2026-03-15,pre_dose_d_minus_1,03,00,exact_hh00,full_24_hours,bumblebox-9_2026-03-15_03_00_03,bumblebox-9,/media/august/Expansion/Behavioral-Entropy-Pesticide-Dosing-Exps/MCs-17-and-18/2026-03-15/bumblebox-9_2026-03-15_03_00_03.mp4,/tmp/bumblebox_hourly_primary_mc9_24_links/MCs-17-and-18/2026-03-15/bumblebox-9_2026-03-15_03_00_03.mp4,base_hourly,original hourly round-robin selection
91,4,pre,true,MCs-17-and-18,17;18,,2026-03-15,augmented_pre_exposure,03,30,augmented_extra,augmented,bumblebox-9_2026-03-15_03_30_02,bumblebox-9,/media/august/Expansion/Behavioral-Entropy-Pesticide-Dosing-Exps/MCs-17-and-18/2026-03-15/bumblebox-9_2026-03-15_03_30_02.mp4,,blur_compensation_10ppb,all available extra pre videos for MC17 to compensate blurry MC2 10ppb; MC16 has no pre source videos
92,4,post,true,MCs-17-and-18,17;18,2026-03-16,2026-03-19,post_dose_d_plus_3,03,00,exact_hh00,full_24_hours,bumblebox-9_2026-03-19_03_00_02,bumblebox-9,/media/august/Expansion/Behavioral-Entropy-Pesticide-Dosing-Exps/MCs-17-and-18/2026-03-19/bumblebox-9_2026-03-19_03_00_02.mp4,/tmp/bumblebox_hourly_primary_mc9_24_links/MCs-17-and-18/2026-03-19/bumblebox-9_2026-03-19_03_00_02.mp4,base_hourly,original hourly round-robin selection
93,4,pre,true,MCs-19-and-20,19;20,2026-03-16,2026-03-15,pre_dose_d_minus_1,03,00,exact_hh00,full_24_hours,bumblebox-19_2026-03-15_03_00_05,bumblebox-19,/media/august/Expansion/Behavioral-Entropy-Pesticide-Dosing-Exps/MCs-19-and-20/2026-03-15/bumblebox-19_2026-03-15_03_00_05.mp4,/tmp/bumblebox_hourly_primary_mc9_24_links/MCs-19-and-20/2026-03-15/bumblebox-19_2026-03-15_03_00_05.mp4,base_hourly,original hourly round-robin selection
94,4,post,true,MCs-19-and-20,19;20,2026-03-16,2026-03-19,post_dose_d_plus_3,03,00,exact_hh00,full_24_hours,bumblebox-19_2026-03-19_03_00_04,bumblebox-19,/media/august/Expansion/Behavioral-Entropy-Pesticide-Dosing-Exps/MCs-19-and-20/2026-03-19/bumblebox-19_2026-03-19_03_00_04.mp4,/tmp/bumblebox_hourly_primary_mc9_24_links/MCs-19-and-20/2026-03-19/bumblebox-19_2026-03-19_03_00_04.mp4,base_hourly,original hourly round-robin selection
95,4,pre,true,MCs-21-and-22,21;22,2026-03-16,2026-03-15,pre_dose_d_minus_1,03,00,exact_hh00,full_24_hours,bumblebox-18_2026-03-15_03_00_04,bumblebox-18,/media/august/Expansion/Behavioral-Entropy-Pesticide-Dosing-Exps/MCs-21-and-22/2026-03-15/bumblebox-18_2026-03-15_03_00_04.mp4,/tmp/bumblebox_hourly_primary_mc9_24_links/MCs-21-and-22/2026-03-15/bumblebox-18_2026-03-15_03_00_04.mp4,base_hourly,original hourly round-robin selection
96,4,post,true,MCs-21-and-22,21;22,2026-03-16,2026-03-18,post_dose_d_plus_2_substitute,03,00,exact_hh00,full_24_hours,bumblebox-18_2026-03-18_03_00_04,bumblebox-18,/media/august/Expansion/Behavioral-Entropy-Pesticide-Dosing-Exps/MCs-21-and-22/2026-03-18/bumblebox-18_2026-03-18_03_00_04.mp4,/tmp/bumblebox_hourly_primary_mc9_24_links/MCs-21-and-22/2026-03-18/bumblebox-18_2026-03-18_03_00_04.mp4,base_hourly,original hourly round-robin selection
97,4,pre,true,MCs-23-and-24,23;24,2026-03-16,2026-03-15,pre_dose_d_minus_1,03,00,exact_hh00,full_24_hours,bumblebox-15_2026-03-15_03_00_04,bumblebox-15,/media/august/Expansion/Behavioral-Entropy-Pesticide-Dosing-Exps/MCs-23-and-24/2026-03-15/bumblebox-15_2026-03-15_03_00_04.mp4,/tmp/bumblebox_hourly_primary_mc9_24_links/MCs-23-and-24/2026-03-15/bumblebox-15_2026-03-15_03_00_04.mp4,base_hourly,original hourly round-robin selection
98,4,post,true,MCs-23-and-24,23;24,2026-03-16,2026-03-19,post_dose_d_plus_3,03,00,exact_hh00,full_24_hours,bumblebox-15_2026-03-19_03_00_04,bumblebox-15,/media/august/Expansion/Behavioral-Entropy-Pesticide-Dosing-Exps/MCs-23-and-24/2026-03-19/bumblebox-15_2026-03-19_03_00_04.mp4,/tmp/bumblebox_hourly_primary_mc9_24_links/MCs-23-and-24/2026-03-19/bumblebox-15_2026-03-19_03_00_04.mp4,base_hourly,original hourly round-robin selection
99,5,pre,true,MCs-1-and-2,1;2,2026-02-23,2026-02-23,pre_exposure_folder,04,00,exact_hh00,partial_day,bumblebox-19_2026-02-23_04_00_03,bumblebox-19,/media/august/AutoPolls9/dose-curve-pesticide-data/MCs-1-and-2/pre-exposure/bumblebox-19_2026-02-23_04_00_03.mp4,/tmp/bumblebox_hourly_primary_mc1_8_explicit_links/MCs-1-and-2/pre/2026-02-23/bumblebox-19_2026-02-23_04_00_03.mp4,base_hourly,original hourly round-robin selection
100,5,pre,true,MCs-1-and-2,1;2,,2026-02-23,augmented_pre_exposure,04,30,augmented_extra,augmented,bumblebox-19_2026-02-23_04_30_04,bumblebox-19,/media/august/AutoPolls9/dose-curve-pesticide-data/MCs-1-and-2/pre-exposure/bumblebox-19_2026-02-23_04_30_04.mp4,,pre_fill_to_24_if_possible,fill MCs-1-and-2 pre from 16 toward 24 using non-hourly pre videos
101,5,post,true,MCs-1-and-2,1;2,2026-02-23,2026-02-26,post_exposure_folder,04,00,exact_hh00,full_24_hours,bumblebox-19_2026-02-26_04_00_04,bumblebox-19,/media/august/AutoPolls9/dose-curve-pesticide-data/MCs-1-and-2/post-exposure/bumblebox-19_2026-02-26_04_00_04.mp4,/tmp/bumblebox_hourly_primary_mc1_8_explicit_links/MCs-1-and-2/post/2026-02-26/bumblebox-19_2026-02-26_04_00_04.mp4,base_hourly,original hourly round-robin selection
102,5,pre,true,MCs-3-and-4,3;4,2026-02-23,2026-02-22,pre_exposure_folder,04,00,exact_hh00,full_24_hours,bumblebox-07_2026-02-22_04_00_03,bumblebox-07,/media/august/AutoPolls9/dose-curve-pesticide-data/MCs-3-and-4/pre-exposure/bumblebox-07_2026-02-22_04_00_03.mp4,/tmp/bumblebox_hourly_primary_mc1_8_explicit_links/MCs-3-and-4/pre/2026-02-22/bumblebox-07_2026-02-22_04_00_03.mp4,base_hourly,original hourly round-robin selection
103,5,post,true,MCs-3-and-4,3;4,2026-02-23,2026-02-26,post_exposure_folder,04,00,exact_hh00,full_24_hours,bumblebox-07_2026-02-26_04_00_03,bumblebox-07,/media/august/AutoPolls9/dose-curve-pesticide-data/MCs-3-and-4/post-exposure/bumblebox-07_2026-02-26_04_00_03.mp4,/tmp/bumblebox_hourly_primary_mc1_8_explicit_links/MCs-3-and-4/post/2026-02-26/bumblebox-07_2026-02-26_04_00_03.mp4,base_hourly,original hourly round-robin selection
104,5,post,true,MCs-5-and-6,5;6,2026-02-23,2026-02-26,post_exposure_folder,04,00,exact_hh00,full_24_hours,bumblebox-18_2026-02-26_04_00_04,bumblebox-18,/media/august/AutoPolls9/dose-curve-pesticide-data/MCs-5-and-6/post-exposure/bumblebox-18_2026-02-26_04_00_04.mp4,/tmp/bumblebox_hourly_primary_mc1_8_explicit_links/MCs-5-and-6/post/2026-02-26/bumblebox-18_2026-02-26_04_00_04.mp4,base_hourly,original hourly round-robin selection
105,5,post,true,MCs-7-and-8,7;8,2026-02-23,2026-02-26,post_exposure_folder,04,00,exact_hh00,full_24_hours,bumblebox-15_2026-02-26_04_00_03,bumblebox-15,/media/august/AutoPolls9/dose-curve-pesticide-data/MCs-7-and-8/post-exposure/bumblebox-15_2026-02-26_04_00_03.mp4,/tmp/bumblebox_hourly_primary_mc1_8_explicit_links/MCs-7-and-8/post/2026-02-26/bumblebox-15_2026-02-26_04_00_03.mp4,base_hourly,original hourly round-robin selection
106,5,pre,true,MCs-9-and-10,9;10,2026-03-02,2026-03-01,pre_dose_d_minus_1,04,00,exact_hh00,full_24_hours,bumblebox-07_2026-03-01_04_00_03,bumblebox-07,/media/august/Expansion/Behavioral-Entropy-Pesticide-Dosing-Exps/MCs-9-and-10/2026-03-01/bumblebox-07_2026-03-01_04_00_03.mp4,/tmp/bumblebox_hourly_primary_mc9_24_links/MCs-9-and-10/2026-03-01/bumblebox-07_2026-03-01_04_00_03.mp4,base_hourly,original hourly round-robin selection
107,5,post,true,MCs-9-and-10,9;10,2026-03-02,2026-03-05,post_dose_d_plus_3,04,00,exact_hh00,full_24_hours,bumblebox-07_2026-03-05_04_00_03,bumblebox-07,/media/august/Expansion/Behavioral-Entropy-Pesticide-Dosing-Exps/MCs-9-and-10/2026-03-05/bumblebox-07_2026-03-05_04_00_03.mp4,/tmp/bumblebox_hourly_primary_mc9_24_links/MCs-9-and-10/2026-03-05/bumblebox-07_2026-03-05_04_00_03.mp4,base_hourly,original hourly round-robin selection
108,5,post,true,MCs-11-and-12,11;12,2026-03-02,2026-03-05,post_dose_d_plus_3,04,00,exact_hh00,partial_day,bumblebox-19_2026-03-05_04_00_03,bumblebox-19,/media/august/Expansion/Behavioral-Entropy-Pesticide-Dosing-Exps/MCs-11-and-12/2026-03-05/bumblebox-19_2026-03-05_04_00_03.mp4,/tmp/bumblebox_hourly_primary_mc9_24_links/MCs-11-and-12/2026-03-05/bumblebox-19_2026-03-05_04_00_03.mp4,base_hourly,original hourly round-robin selection
109,5,pre,true,MCs-13-and-14,13;14,2026-03-02,2026-03-01,pre_dose_d_minus_1,04,00,exact_hh00,full_24_hours,bumblebox-18_2026-03-01_04_00_03,bumblebox-18,/media/august/Expansion/Behavioral-Entropy-Pesticide-Dosing-Exps/MCs-13-and-14/2026-03-01/bumblebox-18_2026-03-01_04_00_03.mp4,/tmp/bumblebox_hourly_primary_mc9_24_links/MCs-13-and-14/2026-03-01/bumblebox-18_2026-03-01_04_00_03.mp4,base_hourly,original hourly round-robin selection
110,5,pre,true,MCs-13-and-14,13;14,,2026-03-01,augmented_pre_exposure,04,30,augmented_extra,augmented,bumblebox-18_2026-03-01_04_30_04,bumblebox-18,/media/august/Expansion/Behavioral-Entropy-Pesticide-Dosing-Exps/MCs-13-and-14/2026-03-01/bumblebox-18_2026-03-01_04_30_04.mp4,,blur_compensation_0.5ppb,extra pre videos for MC14 to compensate blurry MC1 0.5ppb
111,5,post,true,MCs-13-and-14,13;14,2026-03-02,2026-03-05,post_dose_d_plus_3,04,00,exact_hh00,full_24_hours,bumblebox-18_2026-03-05_04_00_04,bumblebox-18,/media/august/Expansion/Behavioral-Entropy-Pesticide-Dosing-Exps/MCs-13-and-14/2026-03-05/bumblebox-18_2026-03-05_04_00_04.mp4,/tmp/bumblebox_hourly_primary_mc9_24_links/MCs-13-and-14/2026-03-05/bumblebox-18_2026-03-05_04_00_04.mp4,base_hourly,original hourly round-robin selection
112,5,post,true,MCs-13-and-14,13;14,2026-03-02,2026-03-05,post_dose_d_plus_3,04,30,augmented_extra,augmented,bumblebox-18_2026-03-05_04_30_04,bumblebox-18,/media/august/Expansion/Behavioral-Entropy-Pesticide-Dosing-Exps/MCs-13-and-14/2026-03-05/bumblebox-18_2026-03-05_04_30_04.mp4,,post_compensate_blurry_mc1_2,post compensation for blurry MC1/2: MC14 matches MC1 0.5ppb
113,5,post,true,MCs-15-and-16,15;16,2026-03-02,2026-03-05,post_dose_d_plus_3,04,00,exact_hh00,full_24_hours,bumblebox-15_2026-03-05_04_00_04,bumblebox-15,/media/august/Expansion/Behavioral-Entropy-Pesticide-Dosing-Exps/MCs-15-and-16/2026-03-05/bumblebox-15_2026-03-05_04_00_04.mp4,/tmp/bumblebox_hourly_primary_mc9_24_links/MCs-15-and-16/2026-03-05/bumblebox-15_2026-03-05_04_00_04.mp4,base_hourly,original hourly round-robin selection
114,5,post,true,MCs-15-and-16,15;16,2026-03-02,2026-03-05,post_dose_d_plus_3,04,30,augmented_extra,augmented,bumblebox-15_2026-03-05_04_30_04,bumblebox-15,/media/august/Expansion/Behavioral-Entropy-Pesticide-Dosing-Exps/MCs-15-and-16/2026-03-05/bumblebox-15_2026-03-05_04_30_04.mp4,,post_compensate_blurry_mc1_2,post compensation for blurry MC1/2: MC16 matches MC2 10ppb
115,5,pre,true,MCs-17-and-18,17;18,2026-03-16,2026-03-15,pre_dose_d_minus_1,04,00,exact_hh00,full_24_hours,bumblebox-9_2026-03-15_04_00_03,bumblebox-9,/media/august/Expansion/Behavioral-Entropy-Pesticide-Dosing-Exps/MCs-17-and-18/2026-03-15/bumblebox-9_2026-03-15_04_00_03.mp4,/tmp/bumblebox_hourly_primary_mc9_24_links/MCs-17-and-18/2026-03-15/bumblebox-9_2026-03-15_04_00_03.mp4,base_hourly,original hourly round-robin selection
116,5,pre,true,MCs-17-and-18,17;18,,2026-03-15,augmented_pre_exposure,04,30,augmented_extra,augmented,bumblebox-9_2026-03-15_04_30_03,bumblebox-9,/media/august/Expansion/Behavioral-Entropy-Pesticide-Dosing-Exps/MCs-17-and-18/2026-03-15/bumblebox-9_2026-03-15_04_30_03.mp4,,blur_compensation_10ppb,all available extra pre videos for MC17 to compensate blurry MC2 10ppb; MC16 has no pre source videos
117,5,post,true,MCs-17-and-18,17;18,2026-03-16,2026-03-19,post_dose_d_plus_3,04,00,exact_hh00,full_24_hours,bumblebox-9_2026-03-19_04_00_02,bumblebox-9,/media/august/Expansion/Behavioral-Entropy-Pesticide-Dosing-Exps/MCs-17-and-18/2026-03-19/bumblebox-9_2026-03-19_04_00_02.mp4,/tmp/bumblebox_hourly_primary_mc9_24_links/MCs-17-and-18/2026-03-19/bumblebox-9_2026-03-19_04_00_02.mp4,base_hourly,original hourly round-robin selection
118,5,post,true,MCs-17-and-18,17;18,2026-03-16,2026-03-19,post_dose_d_plus_3,04,30,augmented_extra,augmented,bumblebox-9_2026-03-19_04_30_03,bumblebox-9,/media/august/Expansion/Behavioral-Entropy-Pesticide-Dosing-Exps/MCs-17-and-18/2026-03-19/bumblebox-9_2026-03-19_04_30_03.mp4,,post_compensate_blurry_mc1_2,post compensation for blurry MC1/2: MC17 matches MC2 10ppb
119,5,pre,true,MCs-19-and-20,19;20,2026-03-16,2026-03-15,pre_dose_d_minus_1,04,00,exact_hh00,full_24_hours,bumblebox-19_2026-03-15_04_00_04,bumblebox-19,/media/august/Expansion/Behavioral-Entropy-Pesticide-Dosing-Exps/MCs-19-and-20/2026-03-15/bumblebox-19_2026-03-15_04_00_04.mp4,/tmp/bumblebox_hourly_primary_mc9_24_links/MCs-19-and-20/2026-03-15/bumblebox-19_2026-03-15_04_00_04.mp4,base_hourly,original hourly round-robin selection
120,5,post,true,MCs-19-and-20,19;20,2026-03-16,2026-03-19,post_dose_d_plus_3,04,00,exact_hh00,full_24_hours,bumblebox-19_2026-03-19_04_00_04,bumblebox-19,/media/august/Expansion/Behavioral-Entropy-Pesticide-Dosing-Exps/MCs-19-and-20/2026-03-19/bumblebox-19_2026-03-19_04_00_04.mp4,/tmp/bumblebox_hourly_primary_mc9_24_links/MCs-19-and-20/2026-03-19/bumblebox-19_2026-03-19_04_00_04.mp4,base_hourly,original hourly round-robin selection
121,5,pre,true,MCs-21-and-22,21;22,2026-03-16,2026-03-15,pre_dose_d_minus_1,04,00,exact_hh00,full_24_hours,bumblebox-18_2026-03-15_04_00_06,bumblebox-18,/media/august/Expansion/Behavioral-Entropy-Pesticide-Dosing-Exps/MCs-21-and-22/2026-03-15/bumblebox-18_2026-03-15_04_00_06.mp4,/tmp/bumblebox_hourly_primary_mc9_24_links/MCs-21-and-22/2026-03-15/bumblebox-18_2026-03-15_04_00_06.mp4,base_hourly,original hourly round-robin selection
122,5,pre,true,MCs-21-and-22,21;22,,2026-03-15,augmented_pre_exposure,04,30,augmented_extra,augmented,bumblebox-18_2026-03-15_04_30_04,bumblebox-18,/media/august/Expansion/Behavioral-Entropy-Pesticide-Dosing-Exps/MCs-21-and-22/2026-03-15/bumblebox-18_2026-03-15_04_30_04.mp4,,blur_compensation_0.5ppb,extra pre videos for MC21 to compensate blurry MC1 0.5ppb
123,5,post,true,MCs-21-and-22,21;22,2026-03-16,2026-03-18,post_dose_d_plus_2_substitute,04,00,exact_hh00,full_24_hours,bumblebox-18_2026-03-18_04_00_04,bumblebox-18,/media/august/Expansion/Behavioral-Entropy-Pesticide-Dosing-Exps/MCs-21-and-22/2026-03-18/bumblebox-18_2026-03-18_04_00_04.mp4,/tmp/bumblebox_hourly_primary_mc9_24_links/MCs-21-and-22/2026-03-18/bumblebox-18_2026-03-18_04_00_04.mp4,base_hourly,original hourly round-robin selection
124,5,post,true,MCs-21-and-22,21;22,2026-03-16,2026-03-18,post_dose_d_plus_2_substitute,04,30,augmented_extra,augmented,bumblebox-18_2026-03-18_04_30_04,bumblebox-18,/media/august/Expansion/Behavioral-Entropy-Pesticide-Dosing-Exps/MCs-21-and-22/2026-03-18/bumblebox-18_2026-03-18_04_30_04.mp4,,post_compensate_blurry_mc1_2,post compensation for blurry MC1/2: MC21 matches MC1 0.5ppb
125,5,pre,true,MCs-23-and-24,23;24,2026-03-16,2026-03-15,pre_dose_d_minus_1,04,00,exact_hh00,full_24_hours,bumblebox-15_2026-03-15_04_00_04,bumblebox-15,/media/august/Expansion/Behavioral-Entropy-Pesticide-Dosing-Exps/MCs-23-and-24/2026-03-15/bumblebox-15_2026-03-15_04_00_04.mp4,/tmp/bumblebox_hourly_primary_mc9_24_links/MCs-23-and-24/2026-03-15/bumblebox-15_2026-03-15_04_00_04.mp4,base_hourly,original hourly round-robin selection
126,5,post,true,MCs-23-and-24,23;24,2026-03-16,2026-03-19,post_dose_d_plus_3,04,00,exact_hh00,full_24_hours,bumblebox-15_2026-03-19_04_00_04,bumblebox-15,/media/august/Expansion/Behavioral-Entropy-Pesticide-Dosing-Exps/MCs-23-and-24/2026-03-19/bumblebox-15_2026-03-19_04_00_04.mp4,/tmp/bumblebox_hourly_primary_mc9_24_links/MCs-23-and-24/2026-03-19/bumblebox-15_2026-03-19_04_00_04.mp4,base_hourly,original hourly round-robin selection
127,6,pre,true,MCs-1-and-2,1;2,2026-02-23,2026-02-23,pre_exposure_folder,05,00,exact_hh00,partial_day,bumblebox-19_2026-02-23_05_00_03,bumblebox-19,/media/august/AutoPolls9/dose-curve-pesticide-data/MCs-1-and-2/pre-exposure/bumblebox-19_2026-02-23_05_00_03.mp4,/tmp/bumblebox_hourly_primary_mc1_8_explicit_links/MCs-1-and-2/pre/2026-02-23/bumblebox-19_2026-02-23_05_00_03.mp4,base_hourly,original hourly round-robin selection
128,6,post,true,MCs-1-and-2,1;2,2026-02-23,2026-02-26,post_exposure_folder,05,00,exact_hh00,full_24_hours,bumblebox-19_2026-02-26_05_00_04,bumblebox-19,/media/august/AutoPolls9/dose-curve-pesticide-data/MCs-1-and-2/post-exposure/bumblebox-19_2026-02-26_05_00_04.mp4,/tmp/bumblebox_hourly_primary_mc1_8_explicit_links/MCs-1-and-2/post/2026-02-26/bumblebox-19_2026-02-26_05_00_04.mp4,base_hourly,original hourly round-robin selection
129,6,pre,true,MCs-3-and-4,3;4,2026-02-23,2026-02-22,pre_exposure_folder,05,00,exact_hh00,full_24_hours,bumblebox-07_2026-02-22_05_00_03,bumblebox-07,/media/august/AutoPolls9/dose-curve-pesticide-data/MCs-3-and-4/pre-exposure/bumblebox-07_2026-02-22_05_00_03.mp4,/tmp/bumblebox_hourly_primary_mc1_8_explicit_links/MCs-3-and-4/pre/2026-02-22/bumblebox-07_2026-02-22_05_00_03.mp4,base_hourly,original hourly round-robin selection
130,6,post,true,MCs-3-and-4,3;4,2026-02-23,2026-02-26,post_exposure_folder,05,00,exact_hh00,full_24_hours,bumblebox-07_2026-02-26_05_00_03,bumblebox-07,/media/august/AutoPolls9/dose-curve-pesticide-data/MCs-3-and-4/post-exposure/bumblebox-07_2026-02-26_05_00_03.mp4,/tmp/bumblebox_hourly_primary_mc1_8_explicit_links/MCs-3-and-4/post/2026-02-26/bumblebox-07_2026-02-26_05_00_03.mp4,base_hourly,original hourly round-robin selection
131,6,post,true,MCs-5-and-6,5;6,2026-02-23,2026-02-26,post_exposure_folder,05,00,exact_hh00,full_24_hours,bumblebox-18_2026-02-26_05_00_03,bumblebox-18,/media/august/AutoPolls9/dose-curve-pesticide-data/MCs-5-and-6/post-exposure/bumblebox-18_2026-02-26_05_00_03.mp4,/tmp/bumblebox_hourly_primary_mc1_8_explicit_links/MCs-5-and-6/post/2026-02-26/bumblebox-18_2026-02-26_05_00_03.mp4,base_hourly,original hourly round-robin selection
132,6,post,true,MCs-7-and-8,7;8,2026-02-23,2026-02-26,post_exposure_folder,05,00,exact_hh00,full_24_hours,bumblebox-15_2026-02-26_05_00_03,bumblebox-15,/media/august/AutoPolls9/dose-curve-pesticide-data/MCs-7-and-8/post-exposure/bumblebox-15_2026-02-26_05_00_03.mp4,/tmp/bumblebox_hourly_primary_mc1_8_explicit_links/MCs-7-and-8/post/2026-02-26/bumblebox-15_2026-02-26_05_00_03.mp4,base_hourly,original hourly round-robin selection
133,6,pre,true,MCs-9-and-10,9;10,2026-03-02,2026-03-01,pre_dose_d_minus_1,05,00,exact_hh00,full_24_hours,bumblebox-07_2026-03-01_05_00_03,bumblebox-07,/media/august/Expansion/Behavioral-Entropy-Pesticide-Dosing-Exps/MCs-9-and-10/2026-03-01/bumblebox-07_2026-03-01_05_00_03.mp4,/tmp/bumblebox_hourly_primary_mc9_24_links/MCs-9-and-10/2026-03-01/bumblebox-07_2026-03-01_05_00_03.mp4,base_hourly,original hourly round-robin selection
134,6,post,true,MCs-9-and-10,9;10,2026-03-02,2026-03-05,post_dose_d_plus_3,05,00,exact_hh00,full_24_hours,bumblebox-07_2026-03-05_05_00_03,bumblebox-07,/media/august/Expansion/Behavioral-Entropy-Pesticide-Dosing-Exps/MCs-9-and-10/2026-03-05/bumblebox-07_2026-03-05_05_00_03.mp4,/tmp/bumblebox_hourly_primary_mc9_24_links/MCs-9-and-10/2026-03-05/bumblebox-07_2026-03-05_05_00_03.mp4,base_hourly,original hourly round-robin selection
135,6,post,true,MCs-11-and-12,11;12,2026-03-02,2026-03-05,post_dose_d_plus_3,05,00,exact_hh00,partial_day,bumblebox-19_2026-03-05_05_00_05,bumblebox-19,/media/august/Expansion/Behavioral-Entropy-Pesticide-Dosing-Exps/MCs-11-and-12/2026-03-05/bumblebox-19_2026-03-05_05_00_05.mp4,/tmp/bumblebox_hourly_primary_mc9_24_links/MCs-11-and-12/2026-03-05/bumblebox-19_2026-03-05_05_00_05.mp4,base_hourly,original hourly round-robin selection
136,6,pre,true,MCs-13-and-14,13;14,2026-03-02,2026-03-01,pre_dose_d_minus_1,05,00,exact_hh00,full_24_hours,bumblebox-18_2026-03-01_05_00_04,bumblebox-18,/media/august/Expansion/Behavioral-Entropy-Pesticide-Dosing-Exps/MCs-13-and-14/2026-03-01/bumblebox-18_2026-03-01_05_00_04.mp4,/tmp/bumblebox_hourly_primary_mc9_24_links/MCs-13-and-14/2026-03-01/bumblebox-18_2026-03-01_05_00_04.mp4,base_hourly,original hourly round-robin selection
137,6,post,true,MCs-13-and-14,13;14,2026-03-02,2026-03-05,post_dose_d_plus_3,05,00,exact_hh00,full_24_hours,bumblebox-18_2026-03-05_05_00_04,bumblebox-18,/media/august/Expansion/Behavioral-Entropy-Pesticide-Dosing-Exps/MCs-13-and-14/2026-03-05/bumblebox-18_2026-03-05_05_00_04.mp4,/tmp/bumblebox_hourly_primary_mc9_24_links/MCs-13-and-14/2026-03-05/bumblebox-18_2026-03-05_05_00_04.mp4,base_hourly,original hourly round-robin selection
138,6,post,true,MCs-15-and-16,15;16,2026-03-02,2026-03-05,post_dose_d_plus_3,05,00,exact_hh00,full_24_hours,bumblebox-15_2026-03-05_05_00_04,bumblebox-15,/media/august/Expansion/Behavioral-Entropy-Pesticide-Dosing-Exps/MCs-15-and-16/2026-03-05/bumblebox-15_2026-03-05_05_00_04.mp4,/tmp/bumblebox_hourly_primary_mc9_24_links/MCs-15-and-16/2026-03-05/bumblebox-15_2026-03-05_05_00_04.mp4,base_hourly,original hourly round-robin selection
139,6,pre,true,MCs-17-and-18,17;18,2026-03-16,2026-03-15,pre_dose_d_minus_1,05,00,exact_hh00,full_24_hours,bumblebox-9_2026-03-15_05_00_03,bumblebox-9,/media/august/Expansion/Behavioral-Entropy-Pesticide-Dosing-Exps/MCs-17-and-18/2026-03-15/bumblebox-9_2026-03-15_05_00_03.mp4,/tmp/bumblebox_hourly_primary_mc9_24_links/MCs-17-and-18/2026-03-15/bumblebox-9_2026-03-15_05_00_03.mp4,base_hourly,original hourly round-robin selection
140,6,pre,true,MCs-17-and-18,17;18,,2026-03-15,augmented_pre_exposure,05,30,augmented_extra,augmented,bumblebox-9_2026-03-15_05_30_03,bumblebox-9,/media/august/Expansion/Behavioral-Entropy-Pesticide-Dosing-Exps/MCs-17-and-18/2026-03-15/bumblebox-9_2026-03-15_05_30_03.mp4,,blur_compensation_10ppb,all available extra pre videos for MC17 to compensate blurry MC2 10ppb; MC16 has no pre source videos
141,6,post,true,MCs-17-and-18,17;18,2026-03-16,2026-03-19,post_dose_d_plus_3,05,00,exact_hh00,full_24_hours,bumblebox-9_2026-03-19_05_00_02,bumblebox-9,/media/august/Expansion/Behavioral-Entropy-Pesticide-Dosing-Exps/MCs-17-and-18/2026-03-19/bumblebox-9_2026-03-19_05_00_02.mp4,/tmp/bumblebox_hourly_primary_mc9_24_links/MCs-17-and-18/2026-03-19/bumblebox-9_2026-03-19_05_00_02.mp4,base_hourly,original hourly round-robin selection
142,6,pre,true,MCs-19-and-20,19;20,2026-03-16,2026-03-15,pre_dose_d_minus_1,05,00,exact_hh00,full_24_hours,bumblebox-19_2026-03-15_05_00_05,bumblebox-19,/media/august/Expansion/Behavioral-Entropy-Pesticide-Dosing-Exps/MCs-19-and-20/2026-03-15/bumblebox-19_2026-03-15_05_00_05.mp4,/tmp/bumblebox_hourly_primary_mc9_24_links/MCs-19-and-20/2026-03-15/bumblebox-19_2026-03-15_05_00_05.mp4,base_hourly,original hourly round-robin selection
143,6,post,true,MCs-19-and-20,19;20,2026-03-16,2026-03-19,post_dose_d_plus_3,05,00,exact_hh00,full_24_hours,bumblebox-19_2026-03-19_05_00_04,bumblebox-19,/media/august/Expansion/Behavioral-Entropy-Pesticide-Dosing-Exps/MCs-19-and-20/2026-03-19/bumblebox-19_2026-03-19_05_00_04.mp4,/tmp/bumblebox_hourly_primary_mc9_24_links/MCs-19-and-20/2026-03-19/bumblebox-19_2026-03-19_05_00_04.mp4,base_hourly,original hourly round-robin selection
144,6,pre,true,MCs-21-and-22,21;22,2026-03-16,2026-03-15,pre_dose_d_minus_1,05,00,exact_hh00,full_24_hours,bumblebox-18_2026-03-15_05_00_03,bumblebox-18,/media/august/Expansion/Behavioral-Entropy-Pesticide-Dosing-Exps/MCs-21-and-22/2026-03-15/bumblebox-18_2026-03-15_05_00_03.mp4,/tmp/bumblebox_hourly_primary_mc9_24_links/MCs-21-and-22/2026-03-15/bumblebox-18_2026-03-15_05_00_03.mp4,base_hourly,original hourly round-robin selection
145,6,post,true,MCs-21-and-22,21;22,2026-03-16,2026-03-18,post_dose_d_plus_2_substitute,05,00,exact_hh00,full_24_hours,bumblebox-18_2026-03-18_05_00_03,bumblebox-18,/media/august/Expansion/Behavioral-Entropy-Pesticide-Dosing-Exps/MCs-21-and-22/2026-03-18/bumblebox-18_2026-03-18_05_00_03.mp4,/tmp/bumblebox_hourly_primary_mc9_24_links/MCs-21-and-22/2026-03-18/bumblebox-18_2026-03-18_05_00_03.mp4,base_hourly,original hourly round-robin selection
146,6,pre,true,MCs-23-and-24,23;24,2026-03-16,2026-03-15,pre_dose_d_minus_1,05,00,exact_hh00,full_24_hours,bumblebox-15_2026-03-15_05_00_04,bumblebox-15,/media/august/Expansion/Behavioral-Entropy-Pesticide-Dosing-Exps/MCs-23-and-24/2026-03-15/bumblebox-15_2026-03-15_05_00_04.mp4,/tmp/bumblebox_hourly_primary_mc9_24_links/MCs-23-and-24/2026-03-15/bumblebox-15_2026-03-15_05_00_04.mp4,base_hourly,original hourly round-robin selection
147,6,post,true,MCs-23-and-24,23;24,2026-03-16,2026-03-19,post_dose_d_plus_3,05,00,exact_hh00,full_24_hours,bumblebox-15_2026-03-19_05_00_03,bumblebox-15,/media/august/Expansion/Behavioral-Entropy-Pesticide-Dosing-Exps/MCs-23-and-24/2026-03-19/bumblebox-15_2026-03-19_05_00_03.mp4,/tmp/bumblebox_hourly_primary_mc9_24_links/MCs-23-and-24/2026-03-19/bumblebox-15_2026-03-19_05_00_03.mp4,base_hourly,original hourly round-robin selection
148,7,pre,true,MCs-1-and-2,1;2,2026-02-23,2026-02-23,pre_exposure_folder,06,00,exact_hh00,partial_day,bumblebox-19_2026-02-23_06_00_03,bumblebox-19,/media/august/AutoPolls9/dose-curve-pesticide-data/MCs-1-and-2/pre-exposure/bumblebox-19_2026-02-23_06_00_03.mp4,/tmp/bumblebox_hourly_primary_mc1_8_explicit_links/MCs-1-and-2/pre/2026-02-23/bumblebox-19_2026-02-23_06_00_03.mp4,base_hourly,original hourly round-robin selection
149,7,pre,true,MCs-1-and-2,1;2,,2026-02-23,augmented_pre_exposure,06,40,augmented_extra,augmented,bumblebox-19_2026-02-23_06_40_03,bumblebox-19,/media/august/AutoPolls9/dose-curve-pesticide-data/MCs-1-and-2/pre-exposure/bumblebox-19_2026-02-23_06_40_03.mp4,,pre_fill_to_24_if_possible,fill MCs-1-and-2 pre from 16 toward 24 using non-hourly pre videos
150,7,post,true,MCs-1-and-2,1;2,2026-02-23,2026-02-26,post_exposure_folder,06,00,exact_hh00,full_24_hours,bumblebox-19_2026-02-26_06_00_03,bumblebox-19,/media/august/AutoPolls9/dose-curve-pesticide-data/MCs-1-and-2/post-exposure/bumblebox-19_2026-02-26_06_00_03.mp4,/tmp/bumblebox_hourly_primary_mc1_8_explicit_links/MCs-1-and-2/post/2026-02-26/bumblebox-19_2026-02-26_06_00_03.mp4,base_hourly,original hourly round-robin selection
151,7,pre,true,MCs-3-and-4,3;4,2026-02-23,2026-02-22,pre_exposure_folder,06,00,exact_hh00,full_24_hours,bumblebox-07_2026-02-22_06_00_03,bumblebox-07,/media/august/AutoPolls9/dose-curve-pesticide-data/MCs-3-and-4/pre-exposure/bumblebox-07_2026-02-22_06_00_03.mp4,/tmp/bumblebox_hourly_primary_mc1_8_explicit_links/MCs-3-and-4/pre/2026-02-22/bumblebox-07_2026-02-22_06_00_03.mp4,base_hourly,original hourly round-robin selection
152,7,post,true,MCs-3-and-4,3;4,2026-02-23,2026-02-26,post_exposure_folder,06,00,exact_hh00,full_24_hours,bumblebox-07_2026-02-26_06_00_03,bumblebox-07,/media/august/AutoPolls9/dose-curve-pesticide-data/MCs-3-and-4/post-exposure/bumblebox-07_2026-02-26_06_00_03.mp4,/tmp/bumblebox_hourly_primary_mc1_8_explicit_links/MCs-3-and-4/post/2026-02-26/bumblebox-07_2026-02-26_06_00_03.mp4,base_hourly,original hourly round-robin selection
153,7,post,true,MCs-5-and-6,5;6,2026-02-23,2026-02-26,post_exposure_folder,06,00,exact_hh00,full_24_hours,bumblebox-18_2026-02-26_06_00_16,bumblebox-18,/media/august/AutoPolls9/dose-curve-pesticide-data/MCs-5-and-6/post-exposure/bumblebox-18_2026-02-26_06_00_16.mp4,/tmp/bumblebox_hourly_primary_mc1_8_explicit_links/MCs-5-and-6/post/2026-02-26/bumblebox-18_2026-02-26_06_00_16.mp4,base_hourly,original hourly round-robin selection
154,7,post,true,MCs-7-and-8,7;8,2026-02-23,2026-02-26,post_exposure_folder,06,00,exact_hh00,full_24_hours,bumblebox-15_2026-02-26_06_00_03,bumblebox-15,/media/august/AutoPolls9/dose-curve-pesticide-data/MCs-7-and-8/post-exposure/bumblebox-15_2026-02-26_06_00_03.mp4,/tmp/bumblebox_hourly_primary_mc1_8_explicit_links/MCs-7-and-8/post/2026-02-26/bumblebox-15_2026-02-26_06_00_03.mp4,base_hourly,original hourly round-robin selection
155,7,pre,true,MCs-9-and-10,9;10,2026-03-02,2026-03-01,pre_dose_d_minus_1,06,00,exact_hh00,full_24_hours,bumblebox-07_2026-03-01_06_00_03,bumblebox-07,/media/august/Expansion/Behavioral-Entropy-Pesticide-Dosing-Exps/MCs-9-and-10/2026-03-01/bumblebox-07_2026-03-01_06_00_03.mp4,/tmp/bumblebox_hourly_primary_mc9_24_links/MCs-9-and-10/2026-03-01/bumblebox-07_2026-03-01_06_00_03.mp4,base_hourly,original hourly round-robin selection
156,7,post,true,MCs-9-and-10,9;10,2026-03-02,2026-03-05,post_dose_d_plus_3,06,00,exact_hh00,full_24_hours,bumblebox-07_2026-03-05_06_00_03,bumblebox-07,/media/august/Expansion/Behavioral-Entropy-Pesticide-Dosing-Exps/MCs-9-and-10/2026-03-05/bumblebox-07_2026-03-05_06_00_03.mp4,/tmp/bumblebox_hourly_primary_mc9_24_links/MCs-9-and-10/2026-03-05/bumblebox-07_2026-03-05_06_00_03.mp4,base_hourly,original hourly round-robin selection
157,7,post,true,MCs-11-and-12,11;12,2026-03-02,2026-03-05,post_dose_d_plus_3,06,00,exact_hh00,partial_day,bumblebox-19_2026-03-05_06_00_04,bumblebox-19,/media/august/Expansion/Behavioral-Entropy-Pesticide-Dosing-Exps/MCs-11-and-12/2026-03-05/bumblebox-19_2026-03-05_06_00_04.mp4,/tmp/bumblebox_hourly_primary_mc9_24_links/MCs-11-and-12/2026-03-05/bumblebox-19_2026-03-05_06_00_04.mp4,base_hourly,original hourly round-robin selection
158,7,pre,true,MCs-13-and-14,13;14,2026-03-02,2026-03-01,pre_dose_d_minus_1,06,00,exact_hh00,full_24_hours,bumblebox-18_2026-03-01_06_00_04,bumblebox-18,/media/august/Expansion/Behavioral-Entropy-Pesticide-Dosing-Exps/MCs-13-and-14/2026-03-01/bumblebox-18_2026-03-01_06_00_04.mp4,/tmp/bumblebox_hourly_primary_mc9_24_links/MCs-13-and-14/2026-03-01/bumblebox-18_2026-03-01_06_00_04.mp4,base_hourly,original hourly round-robin selection
159,7,pre,true,MCs-13-and-14,13;14,,2026-03-01,augmented_pre_exposure,06,30,augmented_extra,augmented,bumblebox-18_2026-03-01_06_30_04,bumblebox-18,/media/august/Expansion/Behavioral-Entropy-Pesticide-Dosing-Exps/MCs-13-and-14/2026-03-01/bumblebox-18_2026-03-01_06_30_04.mp4,,blur_compensation_0.5ppb,extra pre videos for MC14 to compensate blurry MC1 0.5ppb
160,7,post,true,MCs-13-and-14,13;14,2026-03-02,2026-03-05,post_dose_d_plus_3,06,00,exact_hh00,full_24_hours,bumblebox-18_2026-03-05_06_00_04,bumblebox-18,/media/august/Expansion/Behavioral-Entropy-Pesticide-Dosing-Exps/MCs-13-and-14/2026-03-05/bumblebox-18_2026-03-05_06_00_04.mp4,/tmp/bumblebox_hourly_primary_mc9_24_links/MCs-13-and-14/2026-03-05/bumblebox-18_2026-03-05_06_00_04.mp4,base_hourly,original hourly round-robin selection
161,7,post,true,MCs-13-and-14,13;14,2026-03-02,2026-03-05,post_dose_d_plus_3,06,30,augmented_extra,augmented,bumblebox-18_2026-03-05_06_30_03,bumblebox-18,/media/august/Expansion/Behavioral-Entropy-Pesticide-Dosing-Exps/MCs-13-and-14/2026-03-05/bumblebox-18_2026-03-05_06_30_03.mp4,,post_compensate_blurry_mc1_2,post compensation for blurry MC1/2: MC14 matches MC1 0.5ppb
162,7,post,true,MCs-15-and-16,15;16,2026-03-02,2026-03-05,post_dose_d_plus_3,06,00,exact_hh00,full_24_hours,bumblebox-15_2026-03-05_06_00_04,bumblebox-15,/media/august/Expansion/Behavioral-Entropy-Pesticide-Dosing-Exps/MCs-15-and-16/2026-03-05/bumblebox-15_2026-03-05_06_00_04.mp4,/tmp/bumblebox_hourly_primary_mc9_24_links/MCs-15-and-16/2026-03-05/bumblebox-15_2026-03-05_06_00_04.mp4,base_hourly,original hourly round-robin selection
163,7,post,true,MCs-15-and-16,15;16,2026-03-02,2026-03-05,post_dose_d_plus_3,06,30,augmented_extra,augmented,bumblebox-15_2026-03-05_06_30_05,bumblebox-15,/media/august/Expansion/Behavioral-Entropy-Pesticide-Dosing-Exps/MCs-15-and-16/2026-03-05/bumblebox-15_2026-03-05_06_30_05.mp4,,post_compensate_blurry_mc1_2,post compensation for blurry MC1/2: MC16 matches MC2 10ppb
164,7,pre,true,MCs-17-and-18,17;18,2026-03-16,2026-03-15,pre_dose_d_minus_1,06,00,exact_hh00,full_24_hours,bumblebox-9_2026-03-15_06_00_03,bumblebox-9,/media/august/Expansion/Behavioral-Entropy-Pesticide-Dosing-Exps/MCs-17-and-18/2026-03-15/bumblebox-9_2026-03-15_06_00_03.mp4,/tmp/bumblebox_hourly_primary_mc9_24_links/MCs-17-and-18/2026-03-15/bumblebox-9_2026-03-15_06_00_03.mp4,base_hourly,original hourly round-robin selection
165,7,pre,true,MCs-17-and-18,17;18,,2026-03-15,augmented_pre_exposure,06,30,augmented_extra,augmented,bumblebox-9_2026-03-15_06_30_03,bumblebox-9,/media/august/Expansion/Behavioral-Entropy-Pesticide-Dosing-Exps/MCs-17-and-18/2026-03-15/bumblebox-9_2026-03-15_06_30_03.mp4,,blur_compensation_10ppb,all available extra pre videos for MC17 to compensate blurry MC2 10ppb; MC16 has no pre source videos
166,7,post,true,MCs-17-and-18,17;18,2026-03-16,2026-03-19,post_dose_d_plus_3,06,00,exact_hh00,full_24_hours,bumblebox-9_2026-03-19_06_00_03,bumblebox-9,/media/august/Expansion/Behavioral-Entropy-Pesticide-Dosing-Exps/MCs-17-and-18/2026-03-19/bumblebox-9_2026-03-19_06_00_03.mp4,/tmp/bumblebox_hourly_primary_mc9_24_links/MCs-17-and-18/2026-03-19/bumblebox-9_2026-03-19_06_00_03.mp4,base_hourly,original hourly round-robin selection
167,7,post,true,MCs-17-and-18,17;18,2026-03-16,2026-03-19,post_dose_d_plus_3,06,30,augmented_extra,augmented,bumblebox-9_2026-03-19_06_30_03,bumblebox-9,/media/august/Expansion/Behavioral-Entropy-Pesticide-Dosing-Exps/MCs-17-and-18/2026-03-19/bumblebox-9_2026-03-19_06_30_03.mp4,,post_compensate_blurry_mc1_2,post compensation for blurry MC1/2: MC17 matches MC2 10ppb
168,7,pre,true,MCs-19-and-20,19;20,2026-03-16,2026-03-15,pre_dose_d_minus_1,06,00,exact_hh00,full_24_hours,bumblebox-19_2026-03-15_06_00_04,bumblebox-19,/media/august/Expansion/Behavioral-Entropy-Pesticide-Dosing-Exps/MCs-19-and-20/2026-03-15/bumblebox-19_2026-03-15_06_00_04.mp4,/tmp/bumblebox_hourly_primary_mc9_24_links/MCs-19-and-20/2026-03-15/bumblebox-19_2026-03-15_06_00_04.mp4,base_hourly,original hourly round-robin selection
169,7,post,true,MCs-19-and-20,19;20,2026-03-16,2026-03-19,post_dose_d_plus_3,06,00,exact_hh00,full_24_hours,bumblebox-19_2026-03-19_06_00_05,bumblebox-19,/media/august/Expansion/Behavioral-Entropy-Pesticide-Dosing-Exps/MCs-19-and-20/2026-03-19/bumblebox-19_2026-03-19_06_00_05.mp4,/tmp/bumblebox_hourly_primary_mc9_24_links/MCs-19-and-20/2026-03-19/bumblebox-19_2026-03-19_06_00_05.mp4,base_hourly,original hourly round-robin selection
170,7,pre,true,MCs-21-and-22,21;22,2026-03-16,2026-03-15,pre_dose_d_minus_1,06,00,exact_hh00,full_24_hours,bumblebox-18_2026-03-15_06_00_04,bumblebox-18,/media/august/Expansion/Behavioral-Entropy-Pesticide-Dosing-Exps/MCs-21-and-22/2026-03-15/bumblebox-18_2026-03-15_06_00_04.mp4,/tmp/bumblebox_hourly_primary_mc9_24_links/MCs-21-and-22/2026-03-15/bumblebox-18_2026-03-15_06_00_04.mp4,base_hourly,original hourly round-robin selection
171,7,pre,true,MCs-21-and-22,21;22,,2026-03-15,augmented_pre_exposure,06,30,augmented_extra,augmented,bumblebox-18_2026-03-15_06_30_04,bumblebox-18,/media/august/Expansion/Behavioral-Entropy-Pesticide-Dosing-Exps/MCs-21-and-22/2026-03-15/bumblebox-18_2026-03-15_06_30_04.mp4,,blur_compensation_0.5ppb,extra pre videos for MC21 to compensate blurry MC1 0.5ppb
172,7,post,true,MCs-21-and-22,21;22,2026-03-16,2026-03-18,post_dose_d_plus_2_substitute,06,00,exact_hh00,full_24_hours,bumblebox-18_2026-03-18_06_00_03,bumblebox-18,/media/august/Expansion/Behavioral-Entropy-Pesticide-Dosing-Exps/MCs-21-and-22/2026-03-18/bumblebox-18_2026-03-18_06_00_03.mp4,/tmp/bumblebox_hourly_primary_mc9_24_links/MCs-21-and-22/2026-03-18/bumblebox-18_2026-03-18_06_00_03.mp4,base_hourly,original hourly round-robin selection
173,7,post,true,MCs-21-and-22,21;22,2026-03-16,2026-03-18,post_dose_d_plus_2_substitute,06,30,augmented_extra,augmented,bumblebox-18_2026-03-18_06_30_04,bumblebox-18,/media/august/Expansion/Behavioral-Entropy-Pesticide-Dosing-Exps/MCs-21-and-22/2026-03-18/bumblebox-18_2026-03-18_06_30_04.mp4,,post_compensate_blurry_mc1_2,post compensation for blurry MC1/2: MC21 matches MC1 0.5ppb
174,7,pre,true,MCs-23-and-24,23;24,2026-03-16,2026-03-15,pre_dose_d_minus_1,06,00,exact_hh00,full_24_hours,bumblebox-15_2026-03-15_06_00_04,bumblebox-15,/media/august/Expansion/Behavioral-Entropy-Pesticide-Dosing-Exps/MCs-23-and-24/2026-03-15/bumblebox-15_2026-03-15_06_00_04.mp4,/tmp/bumblebox_hourly_primary_mc9_24_links/MCs-23-and-24/2026-03-15/bumblebox-15_2026-03-15_06_00_04.mp4,base_hourly,original hourly round-robin selection
175,7,post,true,MCs-23-and-24,23;24,2026-03-16,2026-03-19,post_dose_d_plus_3,06,00,exact_hh00,full_24_hours,bumblebox-15_2026-03-19_06_00_04,bumblebox-15,/media/august/Expansion/Behavioral-Entropy-Pesticide-Dosing-Exps/MCs-23-and-24/2026-03-19/bumblebox-15_2026-03-19_06_00_04.mp4,/tmp/bumblebox_hourly_primary_mc9_24_links/MCs-23-and-24/2026-03-19/bumblebox-15_2026-03-19_06_00_04.mp4,base_hourly,original hourly round-robin selection
176,8,pre,true,MCs-1-and-2,1;2,2026-02-23,2026-02-23,pre_exposure_folder,07,00,exact_hh00,partial_day,bumblebox-19_2026-02-23_07_00_03,bumblebox-19,/media/august/AutoPolls9/dose-curve-pesticide-data/MCs-1-and-2/pre-exposure/bumblebox-19_2026-02-23_07_00_03.mp4,/tmp/bumblebox_hourly_primary_mc1_8_explicit_links/MCs-1-and-2/pre/2026-02-23/bumblebox-19_2026-02-23_07_00_03.mp4,base_hourly,original hourly round-robin selection
177,8,post,true,MCs-1-and-2,1;2,2026-02-23,2026-02-26,post_exposure_folder,07,00,exact_hh00,full_24_hours,bumblebox-19_2026-02-26_07_00_04,bumblebox-19,/media/august/AutoPolls9/dose-curve-pesticide-data/MCs-1-and-2/post-exposure/bumblebox-19_2026-02-26_07_00_04.mp4,/tmp/bumblebox_hourly_primary_mc1_8_explicit_links/MCs-1-and-2/post/2026-02-26/bumblebox-19_2026-02-26_07_00_04.mp4,base_hourly,original hourly round-robin selection
178,8,pre,true,MCs-3-and-4,3;4,2026-02-23,2026-02-22,pre_exposure_folder,07,00,exact_hh00,full_24_hours,bumblebox-07_2026-02-22_07_00_03,bumblebox-07,/media/august/AutoPolls9/dose-curve-pesticide-data/MCs-3-and-4/pre-exposure/bumblebox-07_2026-02-22_07_00_03.mp4,/tmp/bumblebox_hourly_primary_mc1_8_explicit_links/MCs-3-and-4/pre/2026-02-22/bumblebox-07_2026-02-22_07_00_03.mp4,base_hourly,original hourly round-robin selection
179,8,post,true,MCs-3-and-4,3;4,2026-02-23,2026-02-26,post_exposure_folder,07,00,exact_hh00,full_24_hours,bumblebox-07_2026-02-26_07_00_03,bumblebox-07,/media/august/AutoPolls9/dose-curve-pesticide-data/MCs-3-and-4/post-exposure/bumblebox-07_2026-02-26_07_00_03.mp4,/tmp/bumblebox_hourly_primary_mc1_8_explicit_links/MCs-3-and-4/post/2026-02-26/bumblebox-07_2026-02-26_07_00_03.mp4,base_hourly,original hourly round-robin selection
180,8,post,true,MCs-5-and-6,5;6,2026-02-23,2026-02-26,post_exposure_folder,07,00,exact_hh00,full_24_hours,bumblebox-18_2026-02-26_07_00_03,bumblebox-18,/media/august/AutoPolls9/dose-curve-pesticide-data/MCs-5-and-6/post-exposure/bumblebox-18_2026-02-26_07_00_03.mp4,/tmp/bumblebox_hourly_primary_mc1_8_explicit_links/MCs-5-and-6/post/2026-02-26/bumblebox-18_2026-02-26_07_00_03.mp4,base_hourly,original hourly round-robin selection
181,8,post,true,MCs-7-and-8,7;8,2026-02-23,2026-02-26,post_exposure_folder,07,00,exact_hh00,full_24_hours,bumblebox-15_2026-02-26_07_00_03,bumblebox-15,/media/august/AutoPolls9/dose-curve-pesticide-data/MCs-7-and-8/post-exposure/bumblebox-15_2026-02-26_07_00_03.mp4,/tmp/bumblebox_hourly_primary_mc1_8_explicit_links/MCs-7-and-8/post/2026-02-26/bumblebox-15_2026-02-26_07_00_03.mp4,base_hourly,original hourly round-robin selection
182,8,pre,true,MCs-9-and-10,9;10,2026-03-02,2026-03-01,pre_dose_d_minus_1,07,00,exact_hh00,full_24_hours,bumblebox-07_2026-03-01_07_00_03,bumblebox-07,/media/august/Expansion/Behavioral-Entropy-Pesticide-Dosing-Exps/MCs-9-and-10/2026-03-01/bumblebox-07_2026-03-01_07_00_03.mp4,/tmp/bumblebox_hourly_primary_mc9_24_links/MCs-9-and-10/2026-03-01/bumblebox-07_2026-03-01_07_00_03.mp4,base_hourly,original hourly round-robin selection
183,8,post,true,MCs-9-and-10,9;10,2026-03-02,2026-03-05,post_dose_d_plus_3,07,00,exact_hh00,full_24_hours,bumblebox-07_2026-03-05_07_00_03,bumblebox-07,/media/august/Expansion/Behavioral-Entropy-Pesticide-Dosing-Exps/MCs-9-and-10/2026-03-05/bumblebox-07_2026-03-05_07_00_03.mp4,/tmp/bumblebox_hourly_primary_mc9_24_links/MCs-9-and-10/2026-03-05/bumblebox-07_2026-03-05_07_00_03.mp4,base_hourly,original hourly round-robin selection
184,8,post,true,MCs-11-and-12,11;12,2026-03-02,2026-03-05,post_dose_d_plus_3,07,00,exact_hh00,partial_day,bumblebox-19_2026-03-05_07_00_04,bumblebox-19,/media/august/Expansion/Behavioral-Entropy-Pesticide-Dosing-Exps/MCs-11-and-12/2026-03-05/bumblebox-19_2026-03-05_07_00_04.mp4,/tmp/bumblebox_hourly_primary_mc9_24_links/MCs-11-and-12/2026-03-05/bumblebox-19_2026-03-05_07_00_04.mp4,base_hourly,original hourly round-robin selection
185,8,pre,true,MCs-13-and-14,13;14,2026-03-02,2026-03-01,pre_dose_d_minus_1,07,00,exact_hh00,full_24_hours,bumblebox-18_2026-03-01_07_00_05,bumblebox-18,/media/august/Expansion/Behavioral-Entropy-Pesticide-Dosing-Exps/MCs-13-and-14/2026-03-01/bumblebox-18_2026-03-01_07_00_05.mp4,/tmp/bumblebox_hourly_primary_mc9_24_links/MCs-13-and-14/2026-03-01/bumblebox-18_2026-03-01_07_00_05.mp4,base_hourly,original hourly round-robin selection
186,8,post,true,MCs-13-and-14,13;14,2026-03-02,2026-03-05,post_dose_d_plus_3,07,00,exact_hh00,full_24_hours,bumblebox-18_2026-03-05_07_00_03,bumblebox-18,/media/august/Expansion/Behavioral-Entropy-Pesticide-Dosing-Exps/MCs-13-and-14/2026-03-05/bumblebox-18_2026-03-05_07_00_03.mp4,/tmp/bumblebox_hourly_primary_mc9_24_links/MCs-13-and-14/2026-03-05/bumblebox-18_2026-03-05_07_00_03.mp4,base_hourly,original hourly round-robin selection
187,8,post,true,MCs-15-and-16,15;16,2026-03-02,2026-03-05,post_dose_d_plus_3,07,00,exact_hh00,full_24_hours,bumblebox-15_2026-03-05_07_00_04,bumblebox-15,/media/august/Expansion/Behavioral-Entropy-Pesticide-Dosing-Exps/MCs-15-and-16/2026-03-05/bumblebox-15_2026-03-05_07_00_04.mp4,/tmp/bumblebox_hourly_primary_mc9_24_links/MCs-15-and-16/2026-03-05/bumblebox-15_2026-03-05_07_00_04.mp4,base_hourly,original hourly round-robin selection
188,8,pre,true,MCs-17-and-18,17;18,2026-03-16,2026-03-15,pre_dose_d_minus_1,07,00,exact_hh00,full_24_hours,bumblebox-9_2026-03-15_07_00_03,bumblebox-9,/media/august/Expansion/Behavioral-Entropy-Pesticide-Dosing-Exps/MCs-17-and-18/2026-03-15/bumblebox-9_2026-03-15_07_00_03.mp4,/tmp/bumblebox_hourly_primary_mc9_24_links/MCs-17-and-18/2026-03-15/bumblebox-9_2026-03-15_07_00_03.mp4,base_hourly,original hourly round-robin selection
189,8,pre,true,MCs-17-and-18,17;18,,2026-03-15,augmented_pre_exposure,07,30,augmented_extra,augmented,bumblebox-9_2026-03-15_07_30_03,bumblebox-9,/media/august/Expansion/Behavioral-Entropy-Pesticide-Dosing-Exps/MCs-17-and-18/2026-03-15/bumblebox-9_2026-03-15_07_30_03.mp4,,blur_compensation_10ppb,all available extra pre videos for MC17 to compensate blurry MC2 10ppb; MC16 has no pre source videos
190,8,post,true,MCs-17-and-18,17;18,2026-03-16,2026-03-19,post_dose_d_plus_3,07,00,exact_hh00,full_24_hours,bumblebox-9_2026-03-19_07_00_03,bumblebox-9,/media/august/Expansion/Behavioral-Entropy-Pesticide-Dosing-Exps/MCs-17-and-18/2026-03-19/bumblebox-9_2026-03-19_07_00_03.mp4,/tmp/bumblebox_hourly_primary_mc9_24_links/MCs-17-and-18/2026-03-19/bumblebox-9_2026-03-19_07_00_03.mp4,base_hourly,original hourly round-robin selection
191,8,pre,true,MCs-19-and-20,19;20,2026-03-16,2026-03-15,pre_dose_d_minus_1,07,00,exact_hh00,full_24_hours,bumblebox-19_2026-03-15_07_00_02,bumblebox-19,/media/august/Expansion/Behavioral-Entropy-Pesticide-Dosing-Exps/MCs-19-and-20/2026-03-15/bumblebox-19_2026-03-15_07_00_02.mp4,/tmp/bumblebox_hourly_primary_mc9_24_links/MCs-19-and-20/2026-03-15/bumblebox-19_2026-03-15_07_00_02.mp4,base_hourly,original hourly round-robin selection
192,8,post,true,MCs-19-and-20,19;20,2026-03-16,2026-03-19,post_dose_d_plus_3,07,00,exact_hh00,full_24_hours,bumblebox-19_2026-03-19_07_00_04,bumblebox-19,/media/august/Expansion/Behavioral-Entropy-Pesticide-Dosing-Exps/MCs-19-and-20/2026-03-19/bumblebox-19_2026-03-19_07_00_04.mp4,/tmp/bumblebox_hourly_primary_mc9_24_links/MCs-19-and-20/2026-03-19/bumblebox-19_2026-03-19_07_00_04.mp4,base_hourly,original hourly round-robin selection
193,8,pre,true,MCs-21-and-22,21;22,2026-03-16,2026-03-15,pre_dose_d_minus_1,07,00,exact_hh00,full_24_hours,bumblebox-18_2026-03-15_07_00_04,bumblebox-18,/media/august/Expansion/Behavioral-Entropy-Pesticide-Dosing-Exps/MCs-21-and-22/2026-03-15/bumblebox-18_2026-03-15_07_00_04.mp4,/tmp/bumblebox_hourly_primary_mc9_24_links/MCs-21-and-22/2026-03-15/bumblebox-18_2026-03-15_07_00_04.mp4,base_hourly,original hourly round-robin selection
194,8,post,true,MCs-21-and-22,21;22,2026-03-16,2026-03-18,post_dose_d_plus_2_substitute,07,00,exact_hh00,full_24_hours,bumblebox-18_2026-03-18_07_00_03,bumblebox-18,/media/august/Expansion/Behavioral-Entropy-Pesticide-Dosing-Exps/MCs-21-and-22/2026-03-18/bumblebox-18_2026-03-18_07_00_03.mp4,/tmp/bumblebox_hourly_primary_mc9_24_links/MCs-21-and-22/2026-03-18/bumblebox-18_2026-03-18_07_00_03.mp4,base_hourly,original hourly round-robin selection
195,8,pre,true,MCs-23-and-24,23;24,2026-03-16,2026-03-15,pre_dose_d_minus_1,07,00,exact_hh00,full_24_hours,bumblebox-15_2026-03-15_07_00_02,bumblebox-15,/media/august/Expansion/Behavioral-Entropy-Pesticide-Dosing-Exps/MCs-23-and-24/2026-03-15/bumblebox-15_2026-03-15_07_00_02.mp4,/tmp/bumblebox_hourly_primary_mc9_24_links/MCs-23-and-24/2026-03-15/bumblebox-15_2026-03-15_07_00_02.mp4,base_hourly,original hourly round-robin selection
196,8,post,true,MCs-23-and-24,23;24,2026-03-16,2026-03-19,post_dose_d_plus_3,07,00,exact_hh00,full_24_hours,bumblebox-15_2026-03-19_07_00_03,bumblebox-15,/media/august/Expansion/Behavioral-Entropy-Pesticide-Dosing-Exps/MCs-23-and-24/2026-03-19/bumblebox-15_2026-03-19_07_00_03.mp4,/tmp/bumblebox_hourly_primary_mc9_24_links/MCs-23-and-24/2026-03-19/bumblebox-15_2026-03-19_07_00_03.mp4,base_hourly,original hourly round-robin selection
197,9,pre,true,MCs-1-and-2,1;2,2026-02-23,2026-02-23,pre_exposure_folder,08,00,exact_hh00,partial_day,bumblebox-19_2026-02-23_08_00_06,bumblebox-19,/media/august/AutoPolls9/dose-curve-pesticide-data/MCs-1-and-2/pre-exposure/bumblebox-19_2026-02-23_08_00_06.mp4,/tmp/bumblebox_hourly_primary_mc1_8_explicit_links/MCs-1-and-2/pre/2026-02-23/bumblebox-19_2026-02-23_08_00_06.mp4,base_hourly,original hourly round-robin selection
198,9,pre,true,MCs-1-and-2,1;2,,2026-02-23,augmented_pre_exposure,08,50,augmented_extra,augmented,bumblebox-19_2026-02-23_08_50_03,bumblebox-19,/media/august/AutoPolls9/dose-curve-pesticide-data/MCs-1-and-2/pre-exposure/bumblebox-19_2026-02-23_08_50_03.mp4,,pre_fill_to_24_if_possible,fill MCs-1-and-2 pre from 16 toward 24 using non-hourly pre videos
199,9,post,true,MCs-1-and-2,1;2,2026-02-23,2026-02-26,post_exposure_folder,08,00,exact_hh00,full_24_hours,bumblebox-19_2026-02-26_08_00_03,bumblebox-19,/media/august/AutoPolls9/dose-curve-pesticide-data/MCs-1-and-2/post-exposure/bumblebox-19_2026-02-26_08_00_03.mp4,/tmp/bumblebox_hourly_primary_mc1_8_explicit_links/MCs-1-and-2/post/2026-02-26/bumblebox-19_2026-02-26_08_00_03.mp4,base_hourly,original hourly round-robin selection
200,9,pre,true,MCs-3-and-4,3;4,2026-02-23,2026-02-22,pre_exposure_folder,08,00,exact_hh00,full_24_hours,bumblebox-07_2026-02-22_08_00_03,bumblebox-07,/media/august/AutoPolls9/dose-curve-pesticide-data/MCs-3-and-4/pre-exposure/bumblebox-07_2026-02-22_08_00_03.mp4,/tmp/bumblebox_hourly_primary_mc1_8_explicit_links/MCs-3-and-4/pre/2026-02-22/bumblebox-07_2026-02-22_08_00_03.mp4,base_hourly,original hourly round-robin selection
201,9,post,true,MCs-3-and-4,3;4,2026-02-23,2026-02-26,post_exposure_folder,08,00,exact_hh00,full_24_hours,bumblebox-07_2026-02-26_08_00_03,bumblebox-07,/media/august/AutoPolls9/dose-curve-pesticide-data/MCs-3-and-4/post-exposure/bumblebox-07_2026-02-26_08_00_03.mp4,/tmp/bumblebox_hourly_primary_mc1_8_explicit_links/MCs-3-and-4/post/2026-02-26/bumblebox-07_2026-02-26_08_00_03.mp4,base_hourly,original hourly round-robin selection
202,9,post,true,MCs-5-and-6,5;6,2026-02-23,2026-02-26,post_exposure_folder,08,00,exact_hh00,full_24_hours,bumblebox-18_2026-02-26_08_00_04,bumblebox-18,/media/august/AutoPolls9/dose-curve-pesticide-data/MCs-5-and-6/post-exposure/bumblebox-18_2026-02-26_08_00_04.mp4,/tmp/bumblebox_hourly_primary_mc1_8_explicit_links/MCs-5-and-6/post/2026-02-26/bumblebox-18_2026-02-26_08_00_04.mp4,base_hourly,original hourly round-robin selection
203,9,post,true,MCs-7-and-8,7;8,2026-02-23,2026-02-26,post_exposure_folder,08,00,exact_hh00,full_24_hours,bumblebox-15_2026-02-26_08_00_03,bumblebox-15,/media/august/AutoPolls9/dose-curve-pesticide-data/MCs-7-and-8/post-exposure/bumblebox-15_2026-02-26_08_00_03.mp4,/tmp/bumblebox_hourly_primary_mc1_8_explicit_links/MCs-7-and-8/post/2026-02-26/bumblebox-15_2026-02-26_08_00_03.mp4,base_hourly,original hourly round-robin selection
204,9,pre,true,MCs-9-and-10,9;10,2026-03-02,2026-03-01,pre_dose_d_minus_1,08,00,exact_hh00,full_24_hours,bumblebox-07_2026-03-01_08_00_03,bumblebox-07,/media/august/Expansion/Behavioral-Entropy-Pesticide-Dosing-Exps/MCs-9-and-10/2026-03-01/bumblebox-07_2026-03-01_08_00_03.mp4,/tmp/bumblebox_hourly_primary_mc9_24_links/MCs-9-and-10/2026-03-01/bumblebox-07_2026-03-01_08_00_03.mp4,base_hourly,original hourly round-robin selection
205,9,post,true,MCs-9-and-10,9;10,2026-03-02,2026-03-05,post_dose_d_plus_3,08,00,exact_hh00,full_24_hours,bumblebox-07_2026-03-05_08_00_03,bumblebox-07,/media/august/Expansion/Behavioral-Entropy-Pesticide-Dosing-Exps/MCs-9-and-10/2026-03-05/bumblebox-07_2026-03-05_08_00_03.mp4,/tmp/bumblebox_hourly_primary_mc9_24_links/MCs-9-and-10/2026-03-05/bumblebox-07_2026-03-05_08_00_03.mp4,base_hourly,original hourly round-robin selection
206,9,post,true,MCs-11-and-12,11;12,2026-03-02,2026-03-05,post_dose_d_plus_3,08,00,exact_hh00,partial_day,bumblebox-19_2026-03-05_08_00_03,bumblebox-19,/media/august/Expansion/Behavioral-Entropy-Pesticide-Dosing-Exps/MCs-11-and-12/2026-03-05/bumblebox-19_2026-03-05_08_00_03.mp4,/tmp/bumblebox_hourly_primary_mc9_24_links/MCs-11-and-12/2026-03-05/bumblebox-19_2026-03-05_08_00_03.mp4,base_hourly,original hourly round-robin selection
207,9,pre,true,MCs-13-and-14,13;14,2026-03-02,2026-03-01,pre_dose_d_minus_1,08,00,exact_hh00,full_24_hours,bumblebox-18_2026-03-01_08_00_04,bumblebox-18,/media/august/Expansion/Behavioral-Entropy-Pesticide-Dosing-Exps/MCs-13-and-14/2026-03-01/bumblebox-18_2026-03-01_08_00_04.mp4,/tmp/bumblebox_hourly_primary_mc9_24_links/MCs-13-and-14/2026-03-01/bumblebox-18_2026-03-01_08_00_04.mp4,base_hourly,original hourly round-robin selection
208,9,pre,true,MCs-13-and-14,13;14,,2026-03-01,augmented_pre_exposure,08,30,augmented_extra,augmented,bumblebox-18_2026-03-01_08_30_04,bumblebox-18,/media/august/Expansion/Behavioral-Entropy-Pesticide-Dosing-Exps/MCs-13-and-14/2026-03-01/bumblebox-18_2026-03-01_08_30_04.mp4,,blur_compensation_0.5ppb,extra pre videos for MC14 to compensate blurry MC1 0.5ppb
209,9,post,true,MCs-13-and-14,13;14,2026-03-02,2026-03-05,post_dose_d_plus_3,08,00,exact_hh00,full_24_hours,bumblebox-18_2026-03-05_08_00_04,bumblebox-18,/media/august/Expansion/Behavioral-Entropy-Pesticide-Dosing-Exps/MCs-13-and-14/2026-03-05/bumblebox-18_2026-03-05_08_00_04.mp4,/tmp/bumblebox_hourly_primary_mc9_24_links/MCs-13-and-14/2026-03-05/bumblebox-18_2026-03-05_08_00_04.mp4,base_hourly,original hourly round-robin selection
210,9,post,true,MCs-13-and-14,13;14,2026-03-02,2026-03-05,post_dose_d_plus_3,08,30,augmented_extra,augmented,bumblebox-18_2026-03-05_08_30_04,bumblebox-18,/media/august/Expansion/Behavioral-Entropy-Pesticide-Dosing-Exps/MCs-13-and-14/2026-03-05/bumblebox-18_2026-03-05_08_30_04.mp4,,post_compensate_blurry_mc1_2,post compensation for blurry MC1/2: MC14 matches MC1 0.5ppb
211,9,post,true,MCs-15-and-16,15;16,2026-03-02,2026-03-05,post_dose_d_plus_3,08,00,exact_hh00,full_24_hours,bumblebox-15_2026-03-05_08_00_03,bumblebox-15,/media/august/Expansion/Behavioral-Entropy-Pesticide-Dosing-Exps/MCs-15-and-16/2026-03-05/bumblebox-15_2026-03-05_08_00_03.mp4,/tmp/bumblebox_hourly_primary_mc9_24_links/MCs-15-and-16/2026-03-05/bumblebox-15_2026-03-05_08_00_03.mp4,base_hourly,original hourly round-robin selection
212,9,post,true,MCs-15-and-16,15;16,2026-03-02,2026-03-05,post_dose_d_plus_3,08,30,augmented_extra,augmented,bumblebox-15_2026-03-05_08_30_04,bumblebox-15,/media/august/Expansion/Behavioral-Entropy-Pesticide-Dosing-Exps/MCs-15-and-16/2026-03-05/bumblebox-15_2026-03-05_08_30_04.mp4,,post_compensate_blurry_mc1_2,post compensation for blurry MC1/2: MC16 matches MC2 10ppb
213,9,pre,true,MCs-17-and-18,17;18,2026-03-16,2026-03-15,pre_dose_d_minus_1,08,00,exact_hh00,full_24_hours,bumblebox-9_2026-03-15_08_00_03,bumblebox-9,/media/august/Expansion/Behavioral-Entropy-Pesticide-Dosing-Exps/MCs-17-and-18/2026-03-15/bumblebox-9_2026-03-15_08_00_03.mp4,/tmp/bumblebox_hourly_primary_mc9_24_links/MCs-17-and-18/2026-03-15/bumblebox-9_2026-03-15_08_00_03.mp4,base_hourly,original hourly round-robin selection
214,9,pre,true,MCs-17-and-18,17;18,,2026-03-15,augmented_pre_exposure,08,30,augmented_extra,augmented,bumblebox-9_2026-03-15_08_30_03,bumblebox-9,/media/august/Expansion/Behavioral-Entropy-Pesticide-Dosing-Exps/MCs-17-and-18/2026-03-15/bumblebox-9_2026-03-15_08_30_03.mp4,,blur_compensation_10ppb,all available extra pre videos for MC17 to compensate blurry MC2 10ppb; MC16 has no pre source videos
215,9,post,true,MCs-17-and-18,17;18,2026-03-16,2026-03-19,post_dose_d_plus_3,08,00,exact_hh00,full_24_hours,bumblebox-9_2026-03-19_08_00_03,bumblebox-9,/media/august/Expansion/Behavioral-Entropy-Pesticide-Dosing-Exps/MCs-17-and-18/2026-03-19/bumblebox-9_2026-03-19_08_00_03.mp4,/tmp/bumblebox_hourly_primary_mc9_24_links/MCs-17-and-18/2026-03-19/bumblebox-9_2026-03-19_08_00_03.mp4,base_hourly,original hourly round-robin selection
216,9,post,true,MCs-17-and-18,17;18,2026-03-16,2026-03-19,post_dose_d_plus_3,08,30,augmented_extra,augmented,bumblebox-9_2026-03-19_08_30_03,bumblebox-9,/media/august/Expansion/Behavioral-Entropy-Pesticide-Dosing-Exps/MCs-17-and-18/2026-03-19/bumblebox-9_2026-03-19_08_30_03.mp4,,post_compensate_blurry_mc1_2,post compensation for blurry MC1/2: MC17 matches MC2 10ppb
217,9,pre,true,MCs-19-and-20,19;20,2026-03-16,2026-03-15,pre_dose_d_minus_1,08,00,exact_hh00,full_24_hours,bumblebox-19_2026-03-15_08_00_03,bumblebox-19,/media/august/Expansion/Behavioral-Entropy-Pesticide-Dosing-Exps/MCs-19-and-20/2026-03-15/bumblebox-19_2026-03-15_08_00_03.mp4,/tmp/bumblebox_hourly_primary_mc9_24_links/MCs-19-and-20/2026-03-15/bumblebox-19_2026-03-15_08_00_03.mp4,base_hourly,original hourly round-robin selection
218,9,post,true,MCs-19-and-20,19;20,2026-03-16,2026-03-19,post_dose_d_plus_3,08,00,exact_hh00,full_24_hours,bumblebox-19_2026-03-19_08_00_04,bumblebox-19,/media/august/Expansion/Behavioral-Entropy-Pesticide-Dosing-Exps/MCs-19-and-20/2026-03-19/bumblebox-19_2026-03-19_08_00_04.mp4,/tmp/bumblebox_hourly_primary_mc9_24_links/MCs-19-and-20/2026-03-19/bumblebox-19_2026-03-19_08_00_04.mp4,base_hourly,original hourly round-robin selection
219,9,pre,true,MCs-21-and-22,21;22,2026-03-16,2026-03-15,pre_dose_d_minus_1,08,00,exact_hh00,full_24_hours,bumblebox-18_2026-03-15_08_00_04,bumblebox-18,/media/august/Expansion/Behavioral-Entropy-Pesticide-Dosing-Exps/MCs-21-and-22/2026-03-15/bumblebox-18_2026-03-15_08_00_04.mp4,/tmp/bumblebox_hourly_primary_mc9_24_links/MCs-21-and-22/2026-03-15/bumblebox-18_2026-03-15_08_00_04.mp4,base_hourly,original hourly round-robin selection
220,9,pre,true,MCs-21-and-22,21;22,,2026-03-15,augmented_pre_exposure,08,30,augmented_extra,augmented,bumblebox-18_2026-03-15_08_30_04,bumblebox-18,/media/august/Expansion/Behavioral-Entropy-Pesticide-Dosing-Exps/MCs-21-and-22/2026-03-15/bumblebox-18_2026-03-15_08_30_04.mp4,,blur_compensation_0.5ppb,extra pre videos for MC21 to compensate blurry MC1 0.5ppb
221,9,post,true,MCs-21-and-22,21;22,2026-03-16,2026-03-18,post_dose_d_plus_2_substitute,08,00,exact_hh00,full_24_hours,bumblebox-18_2026-03-18_08_00_03,bumblebox-18,/media/august/Expansion/Behavioral-Entropy-Pesticide-Dosing-Exps/MCs-21-and-22/2026-03-18/bumblebox-18_2026-03-18_08_00_03.mp4,/tmp/bumblebox_hourly_primary_mc9_24_links/MCs-21-and-22/2026-03-18/bumblebox-18_2026-03-18_08_00_03.mp4,base_hourly,original hourly round-robin selection
222,9,post,true,MCs-21-and-22,21;22,2026-03-16,2026-03-18,post_dose_d_plus_2_substitute,08,30,augmented_extra,augmented,bumblebox-18_2026-03-18_08_30_03,bumblebox-18,/media/august/Expansion/Behavioral-Entropy-Pesticide-Dosing-Exps/MCs-21-and-22/2026-03-18/bumblebox-18_2026-03-18_08_30_03.mp4,,post_compensate_blurry_mc1_2,post compensation for blurry MC1/2: MC21 matches MC1 0.5ppb
223,9,pre,true,MCs-23-and-24,23;24,2026-03-16,2026-03-15,pre_dose_d_minus_1,08,00,exact_hh00,full_24_hours,bumblebox-15_2026-03-15_08_00_03,bumblebox-15,/media/august/Expansion/Behavioral-Entropy-Pesticide-Dosing-Exps/MCs-23-and-24/2026-03-15/bumblebox-15_2026-03-15_08_00_03.mp4,/tmp/bumblebox_hourly_primary_mc9_24_links/MCs-23-and-24/2026-03-15/bumblebox-15_2026-03-15_08_00_03.mp4,base_hourly,original hourly round-robin selection
224,9,post,true,MCs-23-and-24,23;24,2026-03-16,2026-03-19,post_dose_d_plus_3,08,00,exact_hh00,full_24_hours,bumblebox-15_2026-03-19_08_00_04,bumblebox-15,/media/august/Expansion/Behavioral-Entropy-Pesticide-Dosing-Exps/MCs-23-and-24/2026-03-19/bumblebox-15_2026-03-19_08_00_04.mp4,/tmp/bumblebox_hourly_primary_mc9_24_links/MCs-23-and-24/2026-03-19/bumblebox-15_2026-03-19_08_00_04.mp4,base_hourly,original hourly round-robin selection
225,10,post,true,MCs-1-and-2,1;2,2026-02-23,2026-02-26,post_exposure_folder,09,00,exact_hh00,full_24_hours,bumblebox-19_2026-02-26_09_00_04,bumblebox-19,/media/august/AutoPolls9/dose-curve-pesticide-data/MCs-1-and-2/post-exposure/bumblebox-19_2026-02-26_09_00_04.mp4,/tmp/bumblebox_hourly_primary_mc1_8_explicit_links/MCs-1-and-2/post/2026-02-26/bumblebox-19_2026-02-26_09_00_04.mp4,base_hourly,original hourly round-robin selection
226,10,pre,true,MCs-3-and-4,3;4,2026-02-23,2026-02-22,pre_exposure_folder,09,00,exact_hh00,full_24_hours,bumblebox-07_2026-02-22_09_00_03,bumblebox-07,/media/august/AutoPolls9/dose-curve-pesticide-data/MCs-3-and-4/pre-exposure/bumblebox-07_2026-02-22_09_00_03.mp4,/tmp/bumblebox_hourly_primary_mc1_8_explicit_links/MCs-3-and-4/pre/2026-02-22/bumblebox-07_2026-02-22_09_00_03.mp4,base_hourly,original hourly round-robin selection
227,10,post,true,MCs-3-and-4,3;4,2026-02-23,2026-02-26,post_exposure_folder,09,00,exact_hh00,full_24_hours,bumblebox-07_2026-02-26_09_00_03,bumblebox-07,/media/august/AutoPolls9/dose-curve-pesticide-data/MCs-3-and-4/post-exposure/bumblebox-07_2026-02-26_09_00_03.mp4,/tmp/bumblebox_hourly_primary_mc1_8_explicit_links/MCs-3-and-4/post/2026-02-26/bumblebox-07_2026-02-26_09_00_03.mp4,base_hourly,original hourly round-robin selection
228,10,post,true,MCs-5-and-6,5;6,2026-02-23,2026-02-26,post_exposure_folder,09,00,exact_hh00,full_24_hours,bumblebox-18_2026-02-26_09_00_04,bumblebox-18,/media/august/AutoPolls9/dose-curve-pesticide-data/MCs-5-and-6/post-exposure/bumblebox-18_2026-02-26_09_00_04.mp4,/tmp/bumblebox_hourly_primary_mc1_8_explicit_links/MCs-5-and-6/post/2026-02-26/bumblebox-18_2026-02-26_09_00_04.mp4,base_hourly,original hourly round-robin selection
229,10,post,true,MCs-7-and-8,7;8,2026-02-23,2026-02-26,post_exposure_folder,09,00,exact_hh00,full_24_hours,bumblebox-15_2026-02-26_09_00_03,bumblebox-15,/media/august/AutoPolls9/dose-curve-pesticide-data/MCs-7-and-8/post-exposure/bumblebox-15_2026-02-26_09_00_03.mp4,/tmp/bumblebox_hourly_primary_mc1_8_explicit_links/MCs-7-and-8/post/2026-02-26/bumblebox-15_2026-02-26_09_00_03.mp4,base_hourly,original hourly round-robin selection
230,10,pre,true,MCs-9-and-10,9;10,2026-03-02,2026-03-01,pre_dose_d_minus_1,09,00,exact_hh00,full_24_hours,bumblebox-07_2026-03-01_09_00_03,bumblebox-07,/media/august/Expansion/Behavioral-Entropy-Pesticide-Dosing-Exps/MCs-9-and-10/2026-03-01/bumblebox-07_2026-03-01_09_00_03.mp4,/tmp/bumblebox_hourly_primary_mc9_24_links/MCs-9-and-10/2026-03-01/bumblebox-07_2026-03-01_09_00_03.mp4,base_hourly,original hourly round-robin selection
231,10,post,true,MCs-9-and-10,9;10,2026-03-02,2026-03-05,post_dose_d_plus_3,09,00,exact_hh00,full_24_hours,bumblebox-07_2026-03-05_09_00_03,bumblebox-07,/media/august/Expansion/Behavioral-Entropy-Pesticide-Dosing-Exps/MCs-9-and-10/2026-03-05/bumblebox-07_2026-03-05_09_00_03.mp4,/tmp/bumblebox_hourly_primary_mc9_24_links/MCs-9-and-10/2026-03-05/bumblebox-07_2026-03-05_09_00_03.mp4,base_hourly,original hourly round-robin selection
232,10,post,true,MCs-11-and-12,11;12,2026-03-02,2026-03-05,post_dose_d_plus_3,09,00,exact_hh00,partial_day,bumblebox-19_2026-03-05_09_00_05,bumblebox-19,/media/august/Expansion/Behavioral-Entropy-Pesticide-Dosing-Exps/MCs-11-and-12/2026-03-05/bumblebox-19_2026-03-05_09_00_05.mp4,/tmp/bumblebox_hourly_primary_mc9_24_links/MCs-11-and-12/2026-03-05/bumblebox-19_2026-03-05_09_00_05.mp4,base_hourly,original hourly round-robin selection
233,10,pre,true,MCs-13-and-14,13;14,2026-03-02,2026-03-01,pre_dose_d_minus_1,09,00,exact_hh00,full_24_hours,bumblebox-18_2026-03-01_09_00_05,bumblebox-18,/media/august/Expansion/Behavioral-Entropy-Pesticide-Dosing-Exps/MCs-13-and-14/2026-03-01/bumblebox-18_2026-03-01_09_00_05.mp4,/tmp/bumblebox_hourly_primary_mc9_24_links/MCs-13-and-14/2026-03-01/bumblebox-18_2026-03-01_09_00_05.mp4,base_hourly,original hourly round-robin selection
234,10,post,true,MCs-13-and-14,13;14,2026-03-02,2026-03-05,post_dose_d_plus_3,09,00,exact_hh00,full_24_hours,bumblebox-18_2026-03-05_09_00_04,bumblebox-18,/media/august/Expansion/Behavioral-Entropy-Pesticide-Dosing-Exps/MCs-13-and-14/2026-03-05/bumblebox-18_2026-03-05_09_00_04.mp4,/tmp/bumblebox_hourly_primary_mc9_24_links/MCs-13-and-14/2026-03-05/bumblebox-18_2026-03-05_09_00_04.mp4,base_hourly,original hourly round-robin selection
235,10,post,true,MCs-15-and-16,15;16,2026-03-02,2026-03-05,post_dose_d_plus_3,09,00,exact_hh00,full_24_hours,bumblebox-15_2026-03-05_09_00_03,bumblebox-15,/media/august/Expansion/Behavioral-Entropy-Pesticide-Dosing-Exps/MCs-15-and-16/2026-03-05/bumblebox-15_2026-03-05_09_00_03.mp4,/tmp/bumblebox_hourly_primary_mc9_24_links/MCs-15-and-16/2026-03-05/bumblebox-15_2026-03-05_09_00_03.mp4,base_hourly,original hourly round-robin selection
236,10,pre,true,MCs-17-and-18,17;18,2026-03-16,2026-03-15,pre_dose_d_minus_1,09,00,exact_hh00,full_24_hours,bumblebox-9_2026-03-15_09_00_03,bumblebox-9,/media/august/Expansion/Behavioral-Entropy-Pesticide-Dosing-Exps/MCs-17-and-18/2026-03-15/bumblebox-9_2026-03-15_09_00_03.mp4,/tmp/bumblebox_hourly_primary_mc9_24_links/MCs-17-and-18/2026-03-15/bumblebox-9_2026-03-15_09_00_03.mp4,base_hourly,original hourly round-robin selection
237,10,pre,true,MCs-17-and-18,17;18,,2026-03-15,augmented_pre_exposure,09,30,augmented_extra,augmented,bumblebox-9_2026-03-15_09_30_03,bumblebox-9,/media/august/Expansion/Behavioral-Entropy-Pesticide-Dosing-Exps/MCs-17-and-18/2026-03-15/bumblebox-9_2026-03-15_09_30_03.mp4,,blur_compensation_10ppb,all available extra pre videos for MC17 to compensate blurry MC2 10ppb; MC16 has no pre source videos
238,10,post,true,MCs-17-and-18,17;18,2026-03-16,2026-03-19,post_dose_d_plus_3,09,00,exact_hh00,full_24_hours,bumblebox-9_2026-03-19_09_00_03,bumblebox-9,/media/august/Expansion/Behavioral-Entropy-Pesticide-Dosing-Exps/MCs-17-and-18/2026-03-19/bumblebox-9_2026-03-19_09_00_03.mp4,/tmp/bumblebox_hourly_primary_mc9_24_links/MCs-17-and-18/2026-03-19/bumblebox-9_2026-03-19_09_00_03.mp4,base_hourly,original hourly round-robin selection
239,10,pre,true,MCs-19-and-20,19;20,2026-03-16,2026-03-15,pre_dose_d_minus_1,09,00,exact_hh00,full_24_hours,bumblebox-19_2026-03-15_09_00_05,bumblebox-19,/media/august/Expansion/Behavioral-Entropy-Pesticide-Dosing-Exps/MCs-19-and-20/2026-03-15/bumblebox-19_2026-03-15_09_00_05.mp4,/tmp/bumblebox_hourly_primary_mc9_24_links/MCs-19-and-20/2026-03-15/bumblebox-19_2026-03-15_09_00_05.mp4,base_hourly,original hourly round-robin selection
240,10,post,true,MCs-19-and-20,19;20,2026-03-16,2026-03-19,post_dose_d_plus_3,09,00,exact_hh00,full_24_hours,bumblebox-19_2026-03-19_09_00_03,bumblebox-19,/media/august/Expansion/Behavioral-Entropy-Pesticide-Dosing-Exps/MCs-19-and-20/2026-03-19/bumblebox-19_2026-03-19_09_00_03.mp4,/tmp/bumblebox_hourly_primary_mc9_24_links/MCs-19-and-20/2026-03-19/bumblebox-19_2026-03-19_09_00_03.mp4,base_hourly,original hourly round-robin selection
241,10,pre,true,MCs-21-and-22,21;22,2026-03-16,2026-03-15,pre_dose_d_minus_1,09,00,exact_hh00,full_24_hours,bumblebox-18_2026-03-15_09_00_04,bumblebox-18,/media/august/Expansion/Behavioral-Entropy-Pesticide-Dosing-Exps/MCs-21-and-22/2026-03-15/bumblebox-18_2026-03-15_09_00_04.mp4,/tmp/bumblebox_hourly_primary_mc9_24_links/MCs-21-and-22/2026-03-15/bumblebox-18_2026-03-15_09_00_04.mp4,base_hourly,original hourly round-robin selection
242,10,post,true,MCs-21-and-22,21;22,2026-03-16,2026-03-18,post_dose_d_plus_2_substitute,09,00,exact_hh00,full_24_hours,bumblebox-18_2026-03-18_09_00_03,bumblebox-18,/media/august/Expansion/Behavioral-Entropy-Pesticide-Dosing-Exps/MCs-21-and-22/2026-03-18/bumblebox-18_2026-03-18_09_00_03.mp4,/tmp/bumblebox_hourly_primary_mc9_24_links/MCs-21-and-22/2026-03-18/bumblebox-18_2026-03-18_09_00_03.mp4,base_hourly,original hourly round-robin selection
243,10,pre,true,MCs-23-and-24,23;24,2026-03-16,2026-03-15,pre_dose_d_minus_1,09,00,exact_hh00,full_24_hours,bumblebox-15_2026-03-15_09_00_04,bumblebox-15,/media/august/Expansion/Behavioral-Entropy-Pesticide-Dosing-Exps/MCs-23-and-24/2026-03-15/bumblebox-15_2026-03-15_09_00_04.mp4,/tmp/bumblebox_hourly_primary_mc9_24_links/MCs-23-and-24/2026-03-15/bumblebox-15_2026-03-15_09_00_04.mp4,base_hourly,original hourly round-robin selection
244,10,post,true,MCs-23-and-24,23;24,2026-03-16,2026-03-19,post_dose_d_plus_3,09,00,exact_hh00,full_24_hours,bumblebox-15_2026-03-19_09_00_04,bumblebox-15,/media/august/Expansion/Behavioral-Entropy-Pesticide-Dosing-Exps/MCs-23-and-24/2026-03-19/bumblebox-15_2026-03-19_09_00_04.mp4,/tmp/bumblebox_hourly_primary_mc9_24_links/MCs-23-and-24/2026-03-19/bumblebox-15_2026-03-19_09_00_04.mp4,base_hourly,original hourly round-robin selection
245,11,post,true,MCs-1-and-2,1;2,2026-02-23,2026-02-26,post_exposure_folder,10,00,exact_hh00,full_24_hours,bumblebox-19_2026-02-26_10_00_04,bumblebox-19,/media/august/AutoPolls9/dose-curve-pesticide-data/MCs-1-and-2/post-exposure/bumblebox-19_2026-02-26_10_00_04.mp4,/tmp/bumblebox_hourly_primary_mc1_8_explicit_links/MCs-1-and-2/post/2026-02-26/bumblebox-19_2026-02-26_10_00_04.mp4,base_hourly,original hourly round-robin selection
246,11,pre,true,MCs-3-and-4,3;4,2026-02-23,2026-02-22,pre_exposure_folder,10,00,exact_hh00,full_24_hours,bumblebox-07_2026-02-22_10_00_03,bumblebox-07,/media/august/AutoPolls9/dose-curve-pesticide-data/MCs-3-and-4/pre-exposure/bumblebox-07_2026-02-22_10_00_03.mp4,/tmp/bumblebox_hourly_primary_mc1_8_explicit_links/MCs-3-and-4/pre/2026-02-22/bumblebox-07_2026-02-22_10_00_03.mp4,base_hourly,original hourly round-robin selection
247,11,post,true,MCs-3-and-4,3;4,2026-02-23,2026-02-26,post_exposure_folder,10,00,exact_hh00,full_24_hours,bumblebox-07_2026-02-26_10_00_03,bumblebox-07,/media/august/AutoPolls9/dose-curve-pesticide-data/MCs-3-and-4/post-exposure/bumblebox-07_2026-02-26_10_00_03.mp4,/tmp/bumblebox_hourly_primary_mc1_8_explicit_links/MCs-3-and-4/post/2026-02-26/bumblebox-07_2026-02-26_10_00_03.mp4,base_hourly,original hourly round-robin selection
248,11,post,true,MCs-5-and-6,5;6,2026-02-23,2026-02-26,post_exposure_folder,10,00,exact_hh00,full_24_hours,bumblebox-18_2026-02-26_10_00_04,bumblebox-18,/media/august/AutoPolls9/dose-curve-pesticide-data/MCs-5-and-6/post-exposure/bumblebox-18_2026-02-26_10_00_04.mp4,/tmp/bumblebox_hourly_primary_mc1_8_explicit_links/MCs-5-and-6/post/2026-02-26/bumblebox-18_2026-02-26_10_00_04.mp4,base_hourly,original hourly round-robin selection
249,11,post,true,MCs-7-and-8,7;8,2026-02-23,2026-02-26,post_exposure_folder,10,00,exact_hh00,full_24_hours,bumblebox-15_2026-02-26_10_00_03,bumblebox-15,/media/august/AutoPolls9/dose-curve-pesticide-data/MCs-7-and-8/post-exposure/bumblebox-15_2026-02-26_10_00_03.mp4,/tmp/bumblebox_hourly_primary_mc1_8_explicit_links/MCs-7-and-8/post/2026-02-26/bumblebox-15_2026-02-26_10_00_03.mp4,base_hourly,original hourly round-robin selection
250,11,pre,true,MCs-9-and-10,9;10,2026-03-02,2026-03-01,pre_dose_d_minus_1,10,00,exact_hh00,full_24_hours,bumblebox-07_2026-03-01_10_00_03,bumblebox-07,/media/august/Expansion/Behavioral-Entropy-Pesticide-Dosing-Exps/MCs-9-and-10/2026-03-01/bumblebox-07_2026-03-01_10_00_03.mp4,/tmp/bumblebox_hourly_primary_mc9_24_links/MCs-9-and-10/2026-03-01/bumblebox-07_2026-03-01_10_00_03.mp4,base_hourly,original hourly round-robin selection
251,11,post,true,MCs-9-and-10,9;10,2026-03-02,2026-03-05,post_dose_d_plus_3,10,00,exact_hh00,full_24_hours,bumblebox-07_2026-03-05_10_00_03,bumblebox-07,/media/august/Expansion/Behavioral-Entropy-Pesticide-Dosing-Exps/MCs-9-and-10/2026-03-05/bumblebox-07_2026-03-05_10_00_03.mp4,/tmp/bumblebox_hourly_primary_mc9_24_links/MCs-9-and-10/2026-03-05/bumblebox-07_2026-03-05_10_00_03.mp4,base_hourly,original hourly round-robin selection
252,11,post,true,MCs-11-and-12,11;12,2026-03-02,2026-03-05,post_dose_d_plus_3,10,00,exact_hh00,partial_day,bumblebox-19_2026-03-05_10_00_03,bumblebox-19,/media/august/Expansion/Behavioral-Entropy-Pesticide-Dosing-Exps/MCs-11-and-12/2026-03-05/bumblebox-19_2026-03-05_10_00_03.mp4,/tmp/bumblebox_hourly_primary_mc9_24_links/MCs-11-and-12/2026-03-05/bumblebox-19_2026-03-05_10_00_03.mp4,base_hourly,original hourly round-robin selection
253,11,pre,true,MCs-13-and-14,13;14,2026-03-02,2026-03-01,pre_dose_d_minus_1,10,00,exact_hh00,full_24_hours,bumblebox-18_2026-03-01_10_00_04,bumblebox-18,/media/august/Expansion/Behavioral-Entropy-Pesticide-Dosing-Exps/MCs-13-and-14/2026-03-01/bumblebox-18_2026-03-01_10_00_04.mp4,/tmp/bumblebox_hourly_primary_mc9_24_links/MCs-13-and-14/2026-03-01/bumblebox-18_2026-03-01_10_00_04.mp4,base_hourly,original hourly round-robin selection
254,11,pre,true,MCs-13-and-14,13;14,,2026-03-01,augmented_pre_exposure,10,30,augmented_extra,augmented,bumblebox-18_2026-03-01_10_30_04,bumblebox-18,/media/august/Expansion/Behavioral-Entropy-Pesticide-Dosing-Exps/MCs-13-and-14/2026-03-01/bumblebox-18_2026-03-01_10_30_04.mp4,,blur_compensation_0.5ppb,extra pre videos for MC14 to compensate blurry MC1 0.5ppb
255,11,post,true,MCs-13-and-14,13;14,2026-03-02,2026-03-05,post_dose_d_plus_3,10,00,exact_hh00,full_24_hours,bumblebox-18_2026-03-05_10_00_03,bumblebox-18,/media/august/Expansion/Behavioral-Entropy-Pesticide-Dosing-Exps/MCs-13-and-14/2026-03-05/bumblebox-18_2026-03-05_10_00_03.mp4,/tmp/bumblebox_hourly_primary_mc9_24_links/MCs-13-and-14/2026-03-05/bumblebox-18_2026-03-05_10_00_03.mp4,base_hourly,original hourly round-robin selection
256,11,post,true,MCs-13-and-14,13;14,2026-03-02,2026-03-05,post_dose_d_plus_3,10,30,augmented_extra,augmented,bumblebox-18_2026-03-05_10_30_04,bumblebox-18,/media/august/Expansion/Behavioral-Entropy-Pesticide-Dosing-Exps/MCs-13-and-14/2026-03-05/bumblebox-18_2026-03-05_10_30_04.mp4,,post_compensate_blurry_mc1_2,post compensation for blurry MC1/2: MC14 matches MC1 0.5ppb
257,11,post,true,MCs-15-and-16,15;16,2026-03-02,2026-03-05,post_dose_d_plus_3,10,00,exact_hh00,full_24_hours,bumblebox-15_2026-03-05_10_00_03,bumblebox-15,/media/august/Expansion/Behavioral-Entropy-Pesticide-Dosing-Exps/MCs-15-and-16/2026-03-05/bumblebox-15_2026-03-05_10_00_03.mp4,/tmp/bumblebox_hourly_primary_mc9_24_links/MCs-15-and-16/2026-03-05/bumblebox-15_2026-03-05_10_00_03.mp4,base_hourly,original hourly round-robin selection
258,11,post,true,MCs-15-and-16,15;16,2026-03-02,2026-03-05,post_dose_d_plus_3,10,30,augmented_extra,augmented,bumblebox-15_2026-03-05_10_30_04,bumblebox-15,/media/august/Expansion/Behavioral-Entropy-Pesticide-Dosing-Exps/MCs-15-and-16/2026-03-05/bumblebox-15_2026-03-05_10_30_04.mp4,,post_compensate_blurry_mc1_2,post compensation for blurry MC1/2: MC16 matches MC2 10ppb
259,11,pre,true,MCs-17-and-18,17;18,2026-03-16,2026-03-15,pre_dose_d_minus_1,10,00,exact_hh00,full_24_hours,bumblebox-9_2026-03-15_10_00_04,bumblebox-9,/media/august/Expansion/Behavioral-Entropy-Pesticide-Dosing-Exps/MCs-17-and-18/2026-03-15/bumblebox-9_2026-03-15_10_00_04.mp4,/tmp/bumblebox_hourly_primary_mc9_24_links/MCs-17-and-18/2026-03-15/bumblebox-9_2026-03-15_10_00_04.mp4,base_hourly,original hourly round-robin selection
260,11,pre,true,MCs-17-and-18,17;18,,2026-03-15,augmented_pre_exposure,10,30,augmented_extra,augmented,bumblebox-9_2026-03-15_10_30_04,bumblebox-9,/media/august/Expansion/Behavioral-Entropy-Pesticide-Dosing-Exps/MCs-17-and-18/2026-03-15/bumblebox-9_2026-03-15_10_30_04.mp4,,blur_compensation_10ppb,all available extra pre videos for MC17 to compensate blurry MC2 10ppb; MC16 has no pre source videos
261,11,post,true,MCs-17-and-18,17;18,2026-03-16,2026-03-19,post_dose_d_plus_3,10,00,exact_hh00,full_24_hours,bumblebox-9_2026-03-19_10_00_03,bumblebox-9,/media/august/Expansion/Behavioral-Entropy-Pesticide-Dosing-Exps/MCs-17-and-18/2026-03-19/bumblebox-9_2026-03-19_10_00_03.mp4,/tmp/bumblebox_hourly_primary_mc9_24_links/MCs-17-and-18/2026-03-19/bumblebox-9_2026-03-19_10_00_03.mp4,base_hourly,original hourly round-robin selection
262,11,post,true,MCs-17-and-18,17;18,2026-03-16,2026-03-19,post_dose_d_plus_3,10,30,augmented_extra,augmented,bumblebox-9_2026-03-19_10_30_03,bumblebox-9,/media/august/Expansion/Behavioral-Entropy-Pesticide-Dosing-Exps/MCs-17-and-18/2026-03-19/bumblebox-9_2026-03-19_10_30_03.mp4,,post_compensate_blurry_mc1_2,post compensation for blurry MC1/2: MC17 matches MC2 10ppb
263,11,pre,true,MCs-19-and-20,19;20,2026-03-16,2026-03-15,pre_dose_d_minus_1,10,00,exact_hh00,full_24_hours,bumblebox-19_2026-03-15_10_00_05,bumblebox-19,/media/august/Expansion/Behavioral-Entropy-Pesticide-Dosing-Exps/MCs-19-and-20/2026-03-15/bumblebox-19_2026-03-15_10_00_05.mp4,/tmp/bumblebox_hourly_primary_mc9_24_links/MCs-19-and-20/2026-03-15/bumblebox-19_2026-03-15_10_00_05.mp4,base_hourly,original hourly round-robin selection
264,11,post,true,MCs-19-and-20,19;20,2026-03-16,2026-03-19,post_dose_d_plus_3,10,00,exact_hh00,full_24_hours,bumblebox-19_2026-03-19_10_00_04,bumblebox-19,/media/august/Expansion/Behavioral-Entropy-Pesticide-Dosing-Exps/MCs-19-and-20/2026-03-19/bumblebox-19_2026-03-19_10_00_04.mp4,/tmp/bumblebox_hourly_primary_mc9_24_links/MCs-19-and-20/2026-03-19/bumblebox-19_2026-03-19_10_00_04.mp4,base_hourly,original hourly round-robin selection
265,11,pre,true,MCs-21-and-22,21;22,2026-03-16,2026-03-15,pre_dose_d_minus_1,10,00,exact_hh00,full_24_hours,bumblebox-18_2026-03-15_10_00_04,bumblebox-18,/media/august/Expansion/Behavioral-Entropy-Pesticide-Dosing-Exps/MCs-21-and-22/2026-03-15/bumblebox-18_2026-03-15_10_00_04.mp4,/tmp/bumblebox_hourly_primary_mc9_24_links/MCs-21-and-22/2026-03-15/bumblebox-18_2026-03-15_10_00_04.mp4,base_hourly,original hourly round-robin selection
266,11,pre,true,MCs-21-and-22,21;22,,2026-03-15,augmented_pre_exposure,10,30,augmented_extra,augmented,bumblebox-18_2026-03-15_10_30_04,bumblebox-18,/media/august/Expansion/Behavioral-Entropy-Pesticide-Dosing-Exps/MCs-21-and-22/2026-03-15/bumblebox-18_2026-03-15_10_30_04.mp4,,blur_compensation_0.5ppb,extra pre videos for MC21 to compensate blurry MC1 0.5ppb
267,11,post,true,MCs-21-and-22,21;22,2026-03-16,2026-03-18,post_dose_d_plus_2_substitute,10,00,exact_hh00,full_24_hours,bumblebox-18_2026-03-18_10_00_03,bumblebox-18,/media/august/Expansion/Behavioral-Entropy-Pesticide-Dosing-Exps/MCs-21-and-22/2026-03-18/bumblebox-18_2026-03-18_10_00_03.mp4,/tmp/bumblebox_hourly_primary_mc9_24_links/MCs-21-and-22/2026-03-18/bumblebox-18_2026-03-18_10_00_03.mp4,base_hourly,original hourly round-robin selection
268,11,post,true,MCs-21-and-22,21;22,2026-03-16,2026-03-18,post_dose_d_plus_2_substitute,10,30,augmented_extra,augmented,bumblebox-18_2026-03-18_10_30_03,bumblebox-18,/media/august/Expansion/Behavioral-Entropy-Pesticide-Dosing-Exps/MCs-21-and-22/2026-03-18/bumblebox-18_2026-03-18_10_30_03.mp4,,post_compensate_blurry_mc1_2,post compensation for blurry MC1/2: MC21 matches MC1 0.5ppb
269,11,pre,true,MCs-23-and-24,23;24,2026-03-16,2026-03-15,pre_dose_d_minus_1,10,00,exact_hh00,full_24_hours,bumblebox-15_2026-03-15_10_00_04,bumblebox-15,/media/august/Expansion/Behavioral-Entropy-Pesticide-Dosing-Exps/MCs-23-and-24/2026-03-15/bumblebox-15_2026-03-15_10_00_04.mp4,/tmp/bumblebox_hourly_primary_mc9_24_links/MCs-23-and-24/2026-03-15/bumblebox-15_2026-03-15_10_00_04.mp4,base_hourly,original hourly round-robin selection
270,11,post,true,MCs-23-and-24,23;24,2026-03-16,2026-03-19,post_dose_d_plus_3,10,00,exact_hh00,full_24_hours,bumblebox-15_2026-03-19_10_00_04,bumblebox-15,/media/august/Expansion/Behavioral-Entropy-Pesticide-Dosing-Exps/MCs-23-and-24/2026-03-19/bumblebox-15_2026-03-19_10_00_04.mp4,/tmp/bumblebox_hourly_primary_mc9_24_links/MCs-23-and-24/2026-03-19/bumblebox-15_2026-03-19_10_00_04.mp4,base_hourly,original hourly round-robin selection
271,12,post,true,MCs-1-and-2,1;2,2026-02-23,2026-02-26,post_exposure_folder,11,00,exact_hh00,full_24_hours,bumblebox-19_2026-02-26_11_00_05,bumblebox-19,/media/august/AutoPolls9/dose-curve-pesticide-data/MCs-1-and-2/post-exposure/bumblebox-19_2026-02-26_11_00_05.mp4,/tmp/bumblebox_hourly_primary_mc1_8_explicit_links/MCs-1-and-2/post/2026-02-26/bumblebox-19_2026-02-26_11_00_05.mp4,base_hourly,original hourly round-robin selection
272,12,pre,true,MCs-3-and-4,3;4,2026-02-23,2026-02-22,pre_exposure_folder,11,00,exact_hh00,full_24_hours,bumblebox-07_2026-02-22_11_00_03,bumblebox-07,/media/august/AutoPolls9/dose-curve-pesticide-data/MCs-3-and-4/pre-exposure/bumblebox-07_2026-02-22_11_00_03.mp4,/tmp/bumblebox_hourly_primary_mc1_8_explicit_links/MCs-3-and-4/pre/2026-02-22/bumblebox-07_2026-02-22_11_00_03.mp4,base_hourly,original hourly round-robin selection
273,12,post,true,MCs-3-and-4,3;4,2026-02-23,2026-02-26,post_exposure_folder,11,00,exact_hh00,full_24_hours,bumblebox-07_2026-02-26_11_00_03,bumblebox-07,/media/august/AutoPolls9/dose-curve-pesticide-data/MCs-3-and-4/post-exposure/bumblebox-07_2026-02-26_11_00_03.mp4,/tmp/bumblebox_hourly_primary_mc1_8_explicit_links/MCs-3-and-4/post/2026-02-26/bumblebox-07_2026-02-26_11_00_03.mp4,base_hourly,original hourly round-robin selection
274,12,post,true,MCs-5-and-6,5;6,2026-02-23,2026-02-26,post_exposure_folder,11,00,exact_hh00,full_24_hours,bumblebox-18_2026-02-26_11_00_03,bumblebox-18,/media/august/AutoPolls9/dose-curve-pesticide-data/MCs-5-and-6/post-exposure/bumblebox-18_2026-02-26_11_00_03.mp4,/tmp/bumblebox_hourly_primary_mc1_8_explicit_links/MCs-5-and-6/post/2026-02-26/bumblebox-18_2026-02-26_11_00_03.mp4,base_hourly,original hourly round-robin selection
275,12,post,true,MCs-7-and-8,7;8,2026-02-23,2026-02-26,post_exposure_folder,11,00,exact_hh00,full_24_hours,bumblebox-15_2026-02-26_11_00_03,bumblebox-15,/media/august/AutoPolls9/dose-curve-pesticide-data/MCs-7-and-8/post-exposure/bumblebox-15_2026-02-26_11_00_03.mp4,/tmp/bumblebox_hourly_primary_mc1_8_explicit_links/MCs-7-and-8/post/2026-02-26/bumblebox-15_2026-02-26_11_00_03.mp4,base_hourly,original hourly round-robin selection
276,12,pre,true,MCs-9-and-10,9;10,2026-03-02,2026-03-01,pre_dose_d_minus_1,11,00,exact_hh00,full_24_hours,bumblebox-07_2026-03-01_11_00_03,bumblebox-07,/media/august/Expansion/Behavioral-Entropy-Pesticide-Dosing-Exps/MCs-9-and-10/2026-03-01/bumblebox-07_2026-03-01_11_00_03.mp4,/tmp/bumblebox_hourly_primary_mc9_24_links/MCs-9-and-10/2026-03-01/bumblebox-07_2026-03-01_11_00_03.mp4,base_hourly,original hourly round-robin selection
277,12,post,true,MCs-9-and-10,9;10,2026-03-02,2026-03-05,post_dose_d_plus_3,11,00,exact_hh00,full_24_hours,bumblebox-07_2026-03-05_11_00_03,bumblebox-07,/media/august/Expansion/Behavioral-Entropy-Pesticide-Dosing-Exps/MCs-9-and-10/2026-03-05/bumblebox-07_2026-03-05_11_00_03.mp4,/tmp/bumblebox_hourly_primary_mc9_24_links/MCs-9-and-10/2026-03-05/bumblebox-07_2026-03-05_11_00_03.mp4,base_hourly,original hourly round-robin selection
278,12,post,true,MCs-11-and-12,11;12,2026-03-02,2026-03-05,post_dose_d_plus_3,11,00,exact_hh00,partial_day,bumblebox-19_2026-03-05_11_00_04,bumblebox-19,/media/august/Expansion/Behavioral-Entropy-Pesticide-Dosing-Exps/MCs-11-and-12/2026-03-05/bumblebox-19_2026-03-05_11_00_04.mp4,/tmp/bumblebox_hourly_primary_mc9_24_links/MCs-11-and-12/2026-03-05/bumblebox-19_2026-03-05_11_00_04.mp4,base_hourly,original hourly round-robin selection
279,12,pre,true,MCs-13-and-14,13;14,2026-03-02,2026-03-01,pre_dose_d_minus_1,11,00,exact_hh00,full_24_hours,bumblebox-18_2026-03-01_11_00_04,bumblebox-18,/media/august/Expansion/Behavioral-Entropy-Pesticide-Dosing-Exps/MCs-13-and-14/2026-03-01/bumblebox-18_2026-03-01_11_00_04.mp4,/tmp/bumblebox_hourly_primary_mc9_24_links/MCs-13-and-14/2026-03-01/bumblebox-18_2026-03-01_11_00_04.mp4,base_hourly,original hourly round-robin selection
280,12,post,true,MCs-13-and-14,13;14,2026-03-02,2026-03-05,post_dose_d_plus_3,11,00,exact_hh00,full_24_hours,bumblebox-18_2026-03-05_11_00_04,bumblebox-18,/media/august/Expansion/Behavioral-Entropy-Pesticide-Dosing-Exps/MCs-13-and-14/2026-03-05/bumblebox-18_2026-03-05_11_00_04.mp4,/tmp/bumblebox_hourly_primary_mc9_24_links/MCs-13-and-14/2026-03-05/bumblebox-18_2026-03-05_11_00_04.mp4,base_hourly,original hourly round-robin selection
281,12,post,true,MCs-15-and-16,15;16,2026-03-02,2026-03-05,post_dose_d_plus_3,11,00,exact_hh00,full_24_hours,bumblebox-15_2026-03-05_11_00_04,bumblebox-15,/media/august/Expansion/Behavioral-Entropy-Pesticide-Dosing-Exps/MCs-15-and-16/2026-03-05/bumblebox-15_2026-03-05_11_00_04.mp4,/tmp/bumblebox_hourly_primary_mc9_24_links/MCs-15-and-16/2026-03-05/bumblebox-15_2026-03-05_11_00_04.mp4,base_hourly,original hourly round-robin selection
282,12,pre,true,MCs-17-and-18,17;18,2026-03-16,2026-03-15,pre_dose_d_minus_1,11,00,exact_hh00,full_24_hours,bumblebox-9_2026-03-15_11_00_03,bumblebox-9,/media/august/Expansion/Behavioral-Entropy-Pesticide-Dosing-Exps/MCs-17-and-18/2026-03-15/bumblebox-9_2026-03-15_11_00_03.mp4,/tmp/bumblebox_hourly_primary_mc9_24_links/MCs-17-and-18/2026-03-15/bumblebox-9_2026-03-15_11_00_03.mp4,base_hourly,original hourly round-robin selection
283,12,pre,true,MCs-17-and-18,17;18,,2026-03-15,augmented_pre_exposure,11,30,augmented_extra,augmented,bumblebox-9_2026-03-15_11_30_03,bumblebox-9,/media/august/Expansion/Behavioral-Entropy-Pesticide-Dosing-Exps/MCs-17-and-18/2026-03-15/bumblebox-9_2026-03-15_11_30_03.mp4,,blur_compensation_10ppb,all available extra pre videos for MC17 to compensate blurry MC2 10ppb; MC16 has no pre source videos
284,12,post,true,MCs-17-and-18,17;18,2026-03-16,2026-03-19,post_dose_d_plus_3,11,00,exact_hh00,full_24_hours,bumblebox-9_2026-03-19_11_00_03,bumblebox-9,/media/august/Expansion/Behavioral-Entropy-Pesticide-Dosing-Exps/MCs-17-and-18/2026-03-19/bumblebox-9_2026-03-19_11_00_03.mp4,/tmp/bumblebox_hourly_primary_mc9_24_links/MCs-17-and-18/2026-03-19/bumblebox-9_2026-03-19_11_00_03.mp4,base_hourly,original hourly round-robin selection
285,12,pre,true,MCs-19-and-20,19;20,2026-03-16,2026-03-15,pre_dose_d_minus_1,11,00,exact_hh00,full_24_hours,bumblebox-19_2026-03-15_11_00_02,bumblebox-19,/media/august/Expansion/Behavioral-Entropy-Pesticide-Dosing-Exps/MCs-19-and-20/2026-03-15/bumblebox-19_2026-03-15_11_00_02.mp4,/tmp/bumblebox_hourly_primary_mc9_24_links/MCs-19-and-20/2026-03-15/bumblebox-19_2026-03-15_11_00_02.mp4,base_hourly,original hourly round-robin selection
286,12,post,true,MCs-19-and-20,19;20,2026-03-16,2026-03-19,post_dose_d_plus_3,11,00,exact_hh00,full_24_hours,bumblebox-19_2026-03-19_11_00_04,bumblebox-19,/media/august/Expansion/Behavioral-Entropy-Pesticide-Dosing-Exps/MCs-19-and-20/2026-03-19/bumblebox-19_2026-03-19_11_00_04.mp4,/tmp/bumblebox_hourly_primary_mc9_24_links/MCs-19-and-20/2026-03-19/bumblebox-19_2026-03-19_11_00_04.mp4,base_hourly,original hourly round-robin selection
287,12,pre,true,MCs-21-and-22,21;22,2026-03-16,2026-03-15,pre_dose_d_minus_1,11,00,exact_hh00,full_24_hours,bumblebox-18_2026-03-15_11_00_04,bumblebox-18,/media/august/Expansion/Behavioral-Entropy-Pesticide-Dosing-Exps/MCs-21-and-22/2026-03-15/bumblebox-18_2026-03-15_11_00_04.mp4,/tmp/bumblebox_hourly_primary_mc9_24_links/MCs-21-and-22/2026-03-15/bumblebox-18_2026-03-15_11_00_04.mp4,base_hourly,original hourly round-robin selection
288,12,post,true,MCs-21-and-22,21;22,2026-03-16,2026-03-18,post_dose_d_plus_2_substitute,11,00,exact_hh00,full_24_hours,bumblebox-18_2026-03-18_11_00_04,bumblebox-18,/media/august/Expansion/Behavioral-Entropy-Pesticide-Dosing-Exps/MCs-21-and-22/2026-03-18/bumblebox-18_2026-03-18_11_00_04.mp4,/tmp/bumblebox_hourly_primary_mc9_24_links/MCs-21-and-22/2026-03-18/bumblebox-18_2026-03-18_11_00_04.mp4,base_hourly,original hourly round-robin selection
289,12,pre,true,MCs-23-and-24,23;24,2026-03-16,2026-03-15,pre_dose_d_minus_1,11,00,exact_hh00,full_24_hours,bumblebox-15_2026-03-15_11_00_03,bumblebox-15,/media/august/Expansion/Behavioral-Entropy-Pesticide-Dosing-Exps/MCs-23-and-24/2026-03-15/bumblebox-15_2026-03-15_11_00_03.mp4,/tmp/bumblebox_hourly_primary_mc9_24_links/MCs-23-and-24/2026-03-15/bumblebox-15_2026-03-15_11_00_03.mp4,base_hourly,original hourly round-robin selection
290,12,post,true,MCs-23-and-24,23;24,2026-03-16,2026-03-19,post_dose_d_plus_3,11,00,exact_hh00,full_24_hours,bumblebox-15_2026-03-19_11_00_04,bumblebox-15,/media/august/Expansion/Behavioral-Entropy-Pesticide-Dosing-Exps/MCs-23-and-24/2026-03-19/bumblebox-15_2026-03-19_11_00_04.mp4,/tmp/bumblebox_hourly_primary_mc9_24_links/MCs-23-and-24/2026-03-19/bumblebox-15_2026-03-19_11_00_04.mp4,base_hourly,original hourly round-robin selection
291,13,post,true,MCs-1-and-2,1;2,2026-02-23,2026-02-26,post_exposure_folder,12,00,exact_hh00,full_24_hours,bumblebox-19_2026-02-26_12_00_05,bumblebox-19,/media/august/AutoPolls9/dose-curve-pesticide-data/MCs-1-and-2/post-exposure/bumblebox-19_2026-02-26_12_00_05.mp4,/tmp/bumblebox_hourly_primary_mc1_8_explicit_links/MCs-1-and-2/post/2026-02-26/bumblebox-19_2026-02-26_12_00_05.mp4,base_hourly,original hourly round-robin selection
292,13,pre,true,MCs-3-and-4,3;4,2026-02-23,2026-02-22,pre_exposure_folder,12,00,exact_hh00,full_24_hours,bumblebox-07_2026-02-22_12_00_03,bumblebox-07,/media/august/AutoPolls9/dose-curve-pesticide-data/MCs-3-and-4/pre-exposure/bumblebox-07_2026-02-22_12_00_03.mp4,/tmp/bumblebox_hourly_primary_mc1_8_explicit_links/MCs-3-and-4/pre/2026-02-22/bumblebox-07_2026-02-22_12_00_03.mp4,base_hourly,original hourly round-robin selection
293,13,post,true,MCs-3-and-4,3;4,2026-02-23,2026-02-26,post_exposure_folder,12,00,exact_hh00,full_24_hours,bumblebox-07_2026-02-26_12_00_03,bumblebox-07,/media/august/AutoPolls9/dose-curve-pesticide-data/MCs-3-and-4/post-exposure/bumblebox-07_2026-02-26_12_00_03.mp4,/tmp/bumblebox_hourly_primary_mc1_8_explicit_links/MCs-3-and-4/post/2026-02-26/bumblebox-07_2026-02-26_12_00_03.mp4,base_hourly,original hourly round-robin selection
294,13,post,true,MCs-5-and-6,5;6,2026-02-23,2026-02-26,post_exposure_folder,12,00,exact_hh00,full_24_hours,bumblebox-18_2026-02-26_12_00_05,bumblebox-18,/media/august/AutoPolls9/dose-curve-pesticide-data/MCs-5-and-6/post-exposure/bumblebox-18_2026-02-26_12_00_05.mp4,/tmp/bumblebox_hourly_primary_mc1_8_explicit_links/MCs-5-and-6/post/2026-02-26/bumblebox-18_2026-02-26_12_00_05.mp4,base_hourly,original hourly round-robin selection
295,13,post,true,MCs-7-and-8,7;8,2026-02-23,2026-02-26,post_exposure_folder,12,00,exact_hh00,full_24_hours,bumblebox-15_2026-02-26_12_00_03,bumblebox-15,/media/august/AutoPolls9/dose-curve-pesticide-data/MCs-7-and-8/post-exposure/bumblebox-15_2026-02-26_12_00_03.mp4,/tmp/bumblebox_hourly_primary_mc1_8_explicit_links/MCs-7-and-8/post/2026-02-26/bumblebox-15_2026-02-26_12_00_03.mp4,base_hourly,original hourly round-robin selection
296,13,pre,true,MCs-9-and-10,9;10,2026-03-02,2026-03-01,pre_dose_d_minus_1,12,00,exact_hh00,full_24_hours,bumblebox-07_2026-03-01_12_00_03,bumblebox-07,/media/august/Expansion/Behavioral-Entropy-Pesticide-Dosing-Exps/MCs-9-and-10/2026-03-01/bumblebox-07_2026-03-01_12_00_03.mp4,/tmp/bumblebox_hourly_primary_mc9_24_links/MCs-9-and-10/2026-03-01/bumblebox-07_2026-03-01_12_00_03.mp4,base_hourly,original hourly round-robin selection
297,13,post,true,MCs-9-and-10,9;10,2026-03-02,2026-03-05,post_dose_d_plus_3,12,00,exact_hh00,full_24_hours,bumblebox-07_2026-03-05_12_00_03,bumblebox-07,/media/august/Expansion/Behavioral-Entropy-Pesticide-Dosing-Exps/MCs-9-and-10/2026-03-05/bumblebox-07_2026-03-05_12_00_03.mp4,/tmp/bumblebox_hourly_primary_mc9_24_links/MCs-9-and-10/2026-03-05/bumblebox-07_2026-03-05_12_00_03.mp4,base_hourly,original hourly round-robin selection
298,13,post,true,MCs-11-and-12,11;12,2026-03-02,2026-03-05,post_dose_d_plus_3,12,00,exact_hh00,partial_day,bumblebox-19_2026-03-05_12_00_04,bumblebox-19,/media/august/Expansion/Behavioral-Entropy-Pesticide-Dosing-Exps/MCs-11-and-12/2026-03-05/bumblebox-19_2026-03-05_12_00_04.mp4,/tmp/bumblebox_hourly_primary_mc9_24_links/MCs-11-and-12/2026-03-05/bumblebox-19_2026-03-05_12_00_04.mp4,base_hourly,original hourly round-robin selection
299,13,pre,true,MCs-13-and-14,13;14,2026-03-02,2026-03-01,pre_dose_d_minus_1,12,00,exact_hh00,full_24_hours,bumblebox-18_2026-03-01_12_00_04,bumblebox-18,/media/august/Expansion/Behavioral-Entropy-Pesticide-Dosing-Exps/MCs-13-and-14/2026-03-01/bumblebox-18_2026-03-01_12_00_04.mp4,/tmp/bumblebox_hourly_primary_mc9_24_links/MCs-13-and-14/2026-03-01/bumblebox-18_2026-03-01_12_00_04.mp4,base_hourly,original hourly round-robin selection
300,13,pre,true,MCs-13-and-14,13;14,,2026-03-01,augmented_pre_exposure,12,30,augmented_extra,augmented,bumblebox-18_2026-03-01_12_30_04,bumblebox-18,/media/august/Expansion/Behavioral-Entropy-Pesticide-Dosing-Exps/MCs-13-and-14/2026-03-01/bumblebox-18_2026-03-01_12_30_04.mp4,,blur_compensation_0.5ppb,extra pre videos for MC14 to compensate blurry MC1 0.5ppb
301,13,post,true,MCs-13-and-14,13;14,2026-03-02,2026-03-05,post_dose_d_plus_3,12,00,exact_hh00,full_24_hours,bumblebox-18_2026-03-05_12_00_04,bumblebox-18,/media/august/Expansion/Behavioral-Entropy-Pesticide-Dosing-Exps/MCs-13-and-14/2026-03-05/bumblebox-18_2026-03-05_12_00_04.mp4,/tmp/bumblebox_hourly_primary_mc9_24_links/MCs-13-and-14/2026-03-05/bumblebox-18_2026-03-05_12_00_04.mp4,base_hourly,original hourly round-robin selection
302,13,post,true,MCs-13-and-14,13;14,2026-03-02,2026-03-05,post_dose_d_plus_3,12,30,augmented_extra,augmented,bumblebox-18_2026-03-05_12_30_04,bumblebox-18,/media/august/Expansion/Behavioral-Entropy-Pesticide-Dosing-Exps/MCs-13-and-14/2026-03-05/bumblebox-18_2026-03-05_12_30_04.mp4,,post_compensate_blurry_mc1_2,post compensation for blurry MC1/2: MC14 matches MC1 0.5ppb
303,13,post,true,MCs-15-and-16,15;16,2026-03-02,2026-03-05,post_dose_d_plus_3,12,00,exact_hh00,full_24_hours,bumblebox-15_2026-03-05_12_00_04,bumblebox-15,/media/august/Expansion/Behavioral-Entropy-Pesticide-Dosing-Exps/MCs-15-and-16/2026-03-05/bumblebox-15_2026-03-05_12_00_04.mp4,/tmp/bumblebox_hourly_primary_mc9_24_links/MCs-15-and-16/2026-03-05/bumblebox-15_2026-03-05_12_00_04.mp4,base_hourly,original hourly round-robin selection
304,13,post,true,MCs-15-and-16,15;16,2026-03-02,2026-03-05,post_dose_d_plus_3,12,30,augmented_extra,augmented,bumblebox-15_2026-03-05_12_30_04,bumblebox-15,/media/august/Expansion/Behavioral-Entropy-Pesticide-Dosing-Exps/MCs-15-and-16/2026-03-05/bumblebox-15_2026-03-05_12_30_04.mp4,,post_compensate_blurry_mc1_2,post compensation for blurry MC1/2: MC16 matches MC2 10ppb
305,13,pre,true,MCs-17-and-18,17;18,2026-03-16,2026-03-15,pre_dose_d_minus_1,12,00,exact_hh00,full_24_hours,bumblebox-9_2026-03-15_12_00_03,bumblebox-9,/media/august/Expansion/Behavioral-Entropy-Pesticide-Dosing-Exps/MCs-17-and-18/2026-03-15/bumblebox-9_2026-03-15_12_00_03.mp4,/tmp/bumblebox_hourly_primary_mc9_24_links/MCs-17-and-18/2026-03-15/bumblebox-9_2026-03-15_12_00_03.mp4,base_hourly,original hourly round-robin selection
306,13,pre,true,MCs-17-and-18,17;18,,2026-03-15,augmented_pre_exposure,12,30,augmented_extra,augmented,bumblebox-9_2026-03-15_12_30_03,bumblebox-9,/media/august/Expansion/Behavioral-Entropy-Pesticide-Dosing-Exps/MCs-17-and-18/2026-03-15/bumblebox-9_2026-03-15_12_30_03.mp4,,blur_compensation_10ppb,all available extra pre videos for MC17 to compensate blurry MC2 10ppb; MC16 has no pre source videos
307,13,post,true,MCs-17-and-18,17;18,2026-03-16,2026-03-19,post_dose_d_plus_3,12,00,exact_hh00,full_24_hours,bumblebox-9_2026-03-19_12_00_04,bumblebox-9,/media/august/Expansion/Behavioral-Entropy-Pesticide-Dosing-Exps/MCs-17-and-18/2026-03-19/bumblebox-9_2026-03-19_12_00_04.mp4,/tmp/bumblebox_hourly_primary_mc9_24_links/MCs-17-and-18/2026-03-19/bumblebox-9_2026-03-19_12_00_04.mp4,base_hourly,original hourly round-robin selection
308,13,post,true,MCs-17-and-18,17;18,2026-03-16,2026-03-19,post_dose_d_plus_3,12,30,augmented_extra,augmented,bumblebox-9_2026-03-19_12_30_03,bumblebox-9,/media/august/Expansion/Behavioral-Entropy-Pesticide-Dosing-Exps/MCs-17-and-18/2026-03-19/bumblebox-9_2026-03-19_12_30_03.mp4,,post_compensate_blurry_mc1_2,post compensation for blurry MC1/2: MC17 matches MC2 10ppb
309,13,pre,true,MCs-19-and-20,19;20,2026-03-16,2026-03-15,pre_dose_d_minus_1,12,00,exact_hh00,full_24_hours,bumblebox-19_2026-03-15_12_00_04,bumblebox-19,/media/august/Expansion/Behavioral-Entropy-Pesticide-Dosing-Exps/MCs-19-and-20/2026-03-15/bumblebox-19_2026-03-15_12_00_04.mp4,/tmp/bumblebox_hourly_primary_mc9_24_links/MCs-19-and-20/2026-03-15/bumblebox-19_2026-03-15_12_00_04.mp4,base_hourly,original hourly round-robin selection
310,13,post,true,MCs-19-and-20,19;20,2026-03-16,2026-03-19,post_dose_d_plus_3,12,00,exact_hh00,full_24_hours,bumblebox-19_2026-03-19_12_00_04,bumblebox-19,/media/august/Expansion/Behavioral-Entropy-Pesticide-Dosing-Exps/MCs-19-and-20/2026-03-19/bumblebox-19_2026-03-19_12_00_04.mp4,/tmp/bumblebox_hourly_primary_mc9_24_links/MCs-19-and-20/2026-03-19/bumblebox-19_2026-03-19_12_00_04.mp4,base_hourly,original hourly round-robin selection
311,13,pre,true,MCs-21-and-22,21;22,2026-03-16,2026-03-15,pre_dose_d_minus_1,12,00,exact_hh00,full_24_hours,bumblebox-18_2026-03-15_12_00_04,bumblebox-18,/media/august/Expansion/Behavioral-Entropy-Pesticide-Dosing-Exps/MCs-21-and-22/2026-03-15/bumblebox-18_2026-03-15_12_00_04.mp4,/tmp/bumblebox_hourly_primary_mc9_24_links/MCs-21-and-22/2026-03-15/bumblebox-18_2026-03-15_12_00_04.mp4,base_hourly,original hourly round-robin selection
312,13,pre,true,MCs-21-and-22,21;22,,2026-03-15,augmented_pre_exposure,12,30,augmented_extra,augmented,bumblebox-18_2026-03-15_12_30_04,bumblebox-18,/media/august/Expansion/Behavioral-Entropy-Pesticide-Dosing-Exps/MCs-21-and-22/2026-03-15/bumblebox-18_2026-03-15_12_30_04.mp4,,blur_compensation_0.5ppb,extra pre videos for MC21 to compensate blurry MC1 0.5ppb
313,13,post,true,MCs-21-and-22,21;22,2026-03-16,2026-03-18,post_dose_d_plus_2_substitute,12,00,exact_hh00,full_24_hours,bumblebox-18_2026-03-18_12_00_04,bumblebox-18,/media/august/Expansion/Behavioral-Entropy-Pesticide-Dosing-Exps/MCs-21-and-22/2026-03-18/bumblebox-18_2026-03-18_12_00_04.mp4,/tmp/bumblebox_hourly_primary_mc9_24_links/MCs-21-and-22/2026-03-18/bumblebox-18_2026-03-18_12_00_04.mp4,base_hourly,original hourly round-robin selection
314,13,post,true,MCs-21-and-22,21;22,2026-03-16,2026-03-18,post_dose_d_plus_2_substitute,12,30,augmented_extra,augmented,bumblebox-18_2026-03-18_12_30_03,bumblebox-18,/media/august/Expansion/Behavioral-Entropy-Pesticide-Dosing-Exps/MCs-21-and-22/2026-03-18/bumblebox-18_2026-03-18_12_30_03.mp4,,post_compensate_blurry_mc1_2,post compensation for blurry MC1/2: MC21 matches MC1 0.5ppb
315,13,pre,true,MCs-23-and-24,23;24,2026-03-16,2026-03-15,pre_dose_d_minus_1,12,00,exact_hh00,full_24_hours,bumblebox-15_2026-03-15_12_00_04,bumblebox-15,/media/august/Expansion/Behavioral-Entropy-Pesticide-Dosing-Exps/MCs-23-and-24/2026-03-15/bumblebox-15_2026-03-15_12_00_04.mp4,/tmp/bumblebox_hourly_primary_mc9_24_links/MCs-23-and-24/2026-03-15/bumblebox-15_2026-03-15_12_00_04.mp4,base_hourly,original hourly round-robin selection
316,13,post,true,MCs-23-and-24,23;24,2026-03-16,2026-03-19,post_dose_d_plus_3,12,00,exact_hh00,full_24_hours,bumblebox-15_2026-03-19_12_00_03,bumblebox-15,/media/august/Expansion/Behavioral-Entropy-Pesticide-Dosing-Exps/MCs-23-and-24/2026-03-19/bumblebox-15_2026-03-19_12_00_03.mp4,/tmp/bumblebox_hourly_primary_mc9_24_links/MCs-23-and-24/2026-03-19/bumblebox-15_2026-03-19_12_00_03.mp4,base_hourly,original hourly round-robin selection
317,14,post,true,MCs-1-and-2,1;2,2026-02-23,2026-02-26,post_exposure_folder,13,00,exact_hh00,full_24_hours,bumblebox-19_2026-02-26_13_00_03,bumblebox-19,/media/august/AutoPolls9/dose-curve-pesticide-data/MCs-1-and-2/post-exposure/bumblebox-19_2026-02-26_13_00_03.mp4,/tmp/bumblebox_hourly_primary_mc1_8_explicit_links/MCs-1-and-2/post/2026-02-26/bumblebox-19_2026-02-26_13_00_03.mp4,base_hourly,original hourly round-robin selection
318,14,pre,true,MCs-3-and-4,3;4,2026-02-23,2026-02-22,pre_exposure_folder,13,00,exact_hh00,full_24_hours,bumblebox-07_2026-02-22_13_00_03,bumblebox-07,/media/august/AutoPolls9/dose-curve-pesticide-data/MCs-3-and-4/pre-exposure/bumblebox-07_2026-02-22_13_00_03.mp4,/tmp/bumblebox_hourly_primary_mc1_8_explicit_links/MCs-3-and-4/pre/2026-02-22/bumblebox-07_2026-02-22_13_00_03.mp4,base_hourly,original hourly round-robin selection
319,14,post,true,MCs-3-and-4,3;4,2026-02-23,2026-02-26,post_exposure_folder,13,00,exact_hh00,full_24_hours,bumblebox-07_2026-02-26_13_00_03,bumblebox-07,/media/august/AutoPolls9/dose-curve-pesticide-data/MCs-3-and-4/post-exposure/bumblebox-07_2026-02-26_13_00_03.mp4,/tmp/bumblebox_hourly_primary_mc1_8_explicit_links/MCs-3-and-4/post/2026-02-26/bumblebox-07_2026-02-26_13_00_03.mp4,base_hourly,original hourly round-robin selection
320,14,post,true,MCs-5-and-6,5;6,2026-02-23,2026-02-26,post_exposure_folder,13,00,exact_hh00,full_24_hours,bumblebox-18_2026-02-26_13_00_04,bumblebox-18,/media/august/AutoPolls9/dose-curve-pesticide-data/MCs-5-and-6/post-exposure/bumblebox-18_2026-02-26_13_00_04.mp4,/tmp/bumblebox_hourly_primary_mc1_8_explicit_links/MCs-5-and-6/post/2026-02-26/bumblebox-18_2026-02-26_13_00_04.mp4,base_hourly,original hourly round-robin selection
321,14,post,true,MCs-7-and-8,7;8,2026-02-23,2026-02-26,post_exposure_folder,13,00,exact_hh00,full_24_hours,bumblebox-15_2026-02-26_13_00_03,bumblebox-15,/media/august/AutoPolls9/dose-curve-pesticide-data/MCs-7-and-8/post-exposure/bumblebox-15_2026-02-26_13_00_03.mp4,/tmp/bumblebox_hourly_primary_mc1_8_explicit_links/MCs-7-and-8/post/2026-02-26/bumblebox-15_2026-02-26_13_00_03.mp4,base_hourly,original hourly round-robin selection
322,14,pre,true,MCs-9-and-10,9;10,2026-03-02,2026-03-01,pre_dose_d_minus_1,13,00,exact_hh00,full_24_hours,bumblebox-07_2026-03-01_13_00_03,bumblebox-07,/media/august/Expansion/Behavioral-Entropy-Pesticide-Dosing-Exps/MCs-9-and-10/2026-03-01/bumblebox-07_2026-03-01_13_00_03.mp4,/tmp/bumblebox_hourly_primary_mc9_24_links/MCs-9-and-10/2026-03-01/bumblebox-07_2026-03-01_13_00_03.mp4,base_hourly,original hourly round-robin selection
323,14,post,true,MCs-9-and-10,9;10,2026-03-02,2026-03-05,post_dose_d_plus_3,13,00,exact_hh00,full_24_hours,bumblebox-07_2026-03-05_13_00_03,bumblebox-07,/media/august/Expansion/Behavioral-Entropy-Pesticide-Dosing-Exps/MCs-9-and-10/2026-03-05/bumblebox-07_2026-03-05_13_00_03.mp4,/tmp/bumblebox_hourly_primary_mc9_24_links/MCs-9-and-10/2026-03-05/bumblebox-07_2026-03-05_13_00_03.mp4,base_hourly,original hourly round-robin selection
324,14,post,true,MCs-11-and-12,11;12,2026-03-02,2026-03-05,post_dose_d_plus_3,13,00,exact_hh00,partial_day,bumblebox-19_2026-03-05_13_00_04,bumblebox-19,/media/august/Expansion/Behavioral-Entropy-Pesticide-Dosing-Exps/MCs-11-and-12/2026-03-05/bumblebox-19_2026-03-05_13_00_04.mp4,/tmp/bumblebox_hourly_primary_mc9_24_links/MCs-11-and-12/2026-03-05/bumblebox-19_2026-03-05_13_00_04.mp4,base_hourly,original hourly round-robin selection
325,14,pre,true,MCs-13-and-14,13;14,2026-03-02,2026-03-01,pre_dose_d_minus_1,13,00,exact_hh00,full_24_hours,bumblebox-18_2026-03-01_13_00_04,bumblebox-18,/media/august/Expansion/Behavioral-Entropy-Pesticide-Dosing-Exps/MCs-13-and-14/2026-03-01/bumblebox-18_2026-03-01_13_00_04.mp4,/tmp/bumblebox_hourly_primary_mc9_24_links/MCs-13-and-14/2026-03-01/bumblebox-18_2026-03-01_13_00_04.mp4,base_hourly,original hourly round-robin selection
326,14,post,true,MCs-13-and-14,13;14,2026-03-02,2026-03-05,post_dose_d_plus_3,13,00,exact_hh00,full_24_hours,bumblebox-18_2026-03-05_13_00_04,bumblebox-18,/media/august/Expansion/Behavioral-Entropy-Pesticide-Dosing-Exps/MCs-13-and-14/2026-03-05/bumblebox-18_2026-03-05_13_00_04.mp4,/tmp/bumblebox_hourly_primary_mc9_24_links/MCs-13-and-14/2026-03-05/bumblebox-18_2026-03-05_13_00_04.mp4,base_hourly,original hourly round-robin selection
327,14,post,true,MCs-15-and-16,15;16,2026-03-02,2026-03-05,post_dose_d_plus_3,13,00,exact_hh00,full_24_hours,bumblebox-15_2026-03-05_13_00_04,bumblebox-15,/media/august/Expansion/Behavioral-Entropy-Pesticide-Dosing-Exps/MCs-15-and-16/2026-03-05/bumblebox-15_2026-03-05_13_00_04.mp4,/tmp/bumblebox_hourly_primary_mc9_24_links/MCs-15-and-16/2026-03-05/bumblebox-15_2026-03-05_13_00_04.mp4,base_hourly,original hourly round-robin selection
328,14,pre,true,MCs-17-and-18,17;18,2026-03-16,2026-03-15,pre_dose_d_minus_1,13,00,exact_hh00,full_24_hours,bumblebox-9_2026-03-15_13_00_04,bumblebox-9,/media/august/Expansion/Behavioral-Entropy-Pesticide-Dosing-Exps/MCs-17-and-18/2026-03-15/bumblebox-9_2026-03-15_13_00_04.mp4,/tmp/bumblebox_hourly_primary_mc9_24_links/MCs-17-and-18/2026-03-15/bumblebox-9_2026-03-15_13_00_04.mp4,base_hourly,original hourly round-robin selection
329,14,pre,true,MCs-17-and-18,17;18,,2026-03-15,augmented_pre_exposure,13,30,augmented_extra,augmented,bumblebox-9_2026-03-15_13_30_03,bumblebox-9,/media/august/Expansion/Behavioral-Entropy-Pesticide-Dosing-Exps/MCs-17-and-18/2026-03-15/bumblebox-9_2026-03-15_13_30_03.mp4,,blur_compensation_10ppb,all available extra pre videos for MC17 to compensate blurry MC2 10ppb; MC16 has no pre source videos
330,14,post,true,MCs-17-and-18,17;18,2026-03-16,2026-03-19,post_dose_d_plus_3,13,00,exact_hh00,full_24_hours,bumblebox-9_2026-03-19_13_00_03,bumblebox-9,/media/august/Expansion/Behavioral-Entropy-Pesticide-Dosing-Exps/MCs-17-and-18/2026-03-19/bumblebox-9_2026-03-19_13_00_03.mp4,/tmp/bumblebox_hourly_primary_mc9_24_links/MCs-17-and-18/2026-03-19/bumblebox-9_2026-03-19_13_00_03.mp4,base_hourly,original hourly round-robin selection
331,14,pre,true,MCs-19-and-20,19;20,2026-03-16,2026-03-15,pre_dose_d_minus_1,13,00,exact_hh00,full_24_hours,bumblebox-19_2026-03-15_13_00_05,bumblebox-19,/media/august/Expansion/Behavioral-Entropy-Pesticide-Dosing-Exps/MCs-19-and-20/2026-03-15/bumblebox-19_2026-03-15_13_00_05.mp4,/tmp/bumblebox_hourly_primary_mc9_24_links/MCs-19-and-20/2026-03-15/bumblebox-19_2026-03-15_13_00_05.mp4,base_hourly,original hourly round-robin selection
332,14,post,true,MCs-19-and-20,19;20,2026-03-16,2026-03-19,post_dose_d_plus_3,13,00,exact_hh00,full_24_hours,bumblebox-19_2026-03-19_13_00_04,bumblebox-19,/media/august/Expansion/Behavioral-Entropy-Pesticide-Dosing-Exps/MCs-19-and-20/2026-03-19/bumblebox-19_2026-03-19_13_00_04.mp4,/tmp/bumblebox_hourly_primary_mc9_24_links/MCs-19-and-20/2026-03-19/bumblebox-19_2026-03-19_13_00_04.mp4,base_hourly,original hourly round-robin selection
333,14,pre,true,MCs-21-and-22,21;22,2026-03-16,2026-03-15,pre_dose_d_minus_1,13,00,exact_hh00,full_24_hours,bumblebox-18_2026-03-15_13_00_04,bumblebox-18,/media/august/Expansion/Behavioral-Entropy-Pesticide-Dosing-Exps/MCs-21-and-22/2026-03-15/bumblebox-18_2026-03-15_13_00_04.mp4,/tmp/bumblebox_hourly_primary_mc9_24_links/MCs-21-and-22/2026-03-15/bumblebox-18_2026-03-15_13_00_04.mp4,base_hourly,original hourly round-robin selection
334,14,post,true,MCs-21-and-22,21;22,2026-03-16,2026-03-18,post_dose_d_plus_2_substitute,13,00,exact_hh00,full_24_hours,bumblebox-18_2026-03-18_13_00_05,bumblebox-18,/media/august/Expansion/Behavioral-Entropy-Pesticide-Dosing-Exps/MCs-21-and-22/2026-03-18/bumblebox-18_2026-03-18_13_00_05.mp4,/tmp/bumblebox_hourly_primary_mc9_24_links/MCs-21-and-22/2026-03-18/bumblebox-18_2026-03-18_13_00_05.mp4,base_hourly,original hourly round-robin selection
335,14,pre,true,MCs-23-and-24,23;24,2026-03-16,2026-03-15,pre_dose_d_minus_1,13,00,exact_hh00,full_24_hours,bumblebox-15_2026-03-15_13_00_04,bumblebox-15,/media/august/Expansion/Behavioral-Entropy-Pesticide-Dosing-Exps/MCs-23-and-24/2026-03-15/bumblebox-15_2026-03-15_13_00_04.mp4,/tmp/bumblebox_hourly_primary_mc9_24_links/MCs-23-and-24/2026-03-15/bumblebox-15_2026-03-15_13_00_04.mp4,base_hourly,original hourly round-robin selection
336,14,post,true,MCs-23-and-24,23;24,2026-03-16,2026-03-19,post_dose_d_plus_3,13,00,exact_hh00,full_24_hours,bumblebox-15_2026-03-19_13_00_04,bumblebox-15,/media/august/Expansion/Behavioral-Entropy-Pesticide-Dosing-Exps/MCs-23-and-24/2026-03-19/bumblebox-15_2026-03-19_13_00_04.mp4,/tmp/bumblebox_hourly_primary_mc9_24_links/MCs-23-and-24/2026-03-19/bumblebox-15_2026-03-19_13_00_04.mp4,base_hourly,original hourly round-robin selection
337,15,post,true,MCs-1-and-2,1;2,2026-02-23,2026-02-26,post_exposure_folder,14,00,exact_hh00,full_24_hours,bumblebox-19_2026-02-26_14_00_05,bumblebox-19,/media/august/AutoPolls9/dose-curve-pesticide-data/MCs-1-and-2/post-exposure/bumblebox-19_2026-02-26_14_00_05.mp4,/tmp/bumblebox_hourly_primary_mc1_8_explicit_links/MCs-1-and-2/post/2026-02-26/bumblebox-19_2026-02-26_14_00_05.mp4,base_hourly,original hourly round-robin selection
338,15,pre,true,MCs-3-and-4,3;4,2026-02-23,2026-02-22,pre_exposure_folder,14,00,exact_hh00,full_24_hours,bumblebox-07_2026-02-22_14_00_03,bumblebox-07,/media/august/AutoPolls9/dose-curve-pesticide-data/MCs-3-and-4/pre-exposure/bumblebox-07_2026-02-22_14_00_03.mp4,/tmp/bumblebox_hourly_primary_mc1_8_explicit_links/MCs-3-and-4/pre/2026-02-22/bumblebox-07_2026-02-22_14_00_03.mp4,base_hourly,original hourly round-robin selection
339,15,post,true,MCs-3-and-4,3;4,2026-02-23,2026-02-26,post_exposure_folder,14,00,exact_hh00,full_24_hours,bumblebox-07_2026-02-26_14_00_03,bumblebox-07,/media/august/AutoPolls9/dose-curve-pesticide-data/MCs-3-and-4/post-exposure/bumblebox-07_2026-02-26_14_00_03.mp4,/tmp/bumblebox_hourly_primary_mc1_8_explicit_links/MCs-3-and-4/post/2026-02-26/bumblebox-07_2026-02-26_14_00_03.mp4,base_hourly,original hourly round-robin selection
340,15,post,true,MCs-5-and-6,5;6,2026-02-23,2026-02-26,post_exposure_folder,14,00,exact_hh00,full_24_hours,bumblebox-18_2026-02-26_14_00_04,bumblebox-18,/media/august/AutoPolls9/dose-curve-pesticide-data/MCs-5-and-6/post-exposure/bumblebox-18_2026-02-26_14_00_04.mp4,/tmp/bumblebox_hourly_primary_mc1_8_explicit_links/MCs-5-and-6/post/2026-02-26/bumblebox-18_2026-02-26_14_00_04.mp4,base_hourly,original hourly round-robin selection
341,15,post,true,MCs-7-and-8,7;8,2026-02-23,2026-02-26,post_exposure_folder,14,00,exact_hh00,full_24_hours,bumblebox-15_2026-02-26_14_00_02,bumblebox-15,/media/august/AutoPolls9/dose-curve-pesticide-data/MCs-7-and-8/post-exposure/bumblebox-15_2026-02-26_14_00_02.mp4,/tmp/bumblebox_hourly_primary_mc1_8_explicit_links/MCs-7-and-8/post/2026-02-26/bumblebox-15_2026-02-26_14_00_02.mp4,base_hourly,original hourly round-robin selection
342,15,pre,true,MCs-9-and-10,9;10,2026-03-02,2026-03-01,pre_dose_d_minus_1,14,00,exact_hh00,full_24_hours,bumblebox-07_2026-03-01_14_00_03,bumblebox-07,/media/august/Expansion/Behavioral-Entropy-Pesticide-Dosing-Exps/MCs-9-and-10/2026-03-01/bumblebox-07_2026-03-01_14_00_03.mp4,/tmp/bumblebox_hourly_primary_mc9_24_links/MCs-9-and-10/2026-03-01/bumblebox-07_2026-03-01_14_00_03.mp4,base_hourly,original hourly round-robin selection
343,15,post,true,MCs-9-and-10,9;10,2026-03-02,2026-03-05,post_dose_d_plus_3,14,00,exact_hh00,full_24_hours,bumblebox-07_2026-03-05_14_00_03,bumblebox-07,/media/august/Expansion/Behavioral-Entropy-Pesticide-Dosing-Exps/MCs-9-and-10/2026-03-05/bumblebox-07_2026-03-05_14_00_03.mp4,/tmp/bumblebox_hourly_primary_mc9_24_links/MCs-9-and-10/2026-03-05/bumblebox-07_2026-03-05_14_00_03.mp4,base_hourly,original hourly round-robin selection
344,15,post,true,MCs-11-and-12,11;12,2026-03-02,2026-03-05,post_dose_d_plus_3,14,00,exact_hh00,partial_day,bumblebox-19_2026-03-05_14_00_02,bumblebox-19,/media/august/Expansion/Behavioral-Entropy-Pesticide-Dosing-Exps/MCs-11-and-12/2026-03-05/bumblebox-19_2026-03-05_14_00_02.mp4,/tmp/bumblebox_hourly_primary_mc9_24_links/MCs-11-and-12/2026-03-05/bumblebox-19_2026-03-05_14_00_02.mp4,base_hourly,original hourly round-robin selection
345,15,pre,true,MCs-13-and-14,13;14,2026-03-02,2026-03-01,pre_dose_d_minus_1,14,00,exact_hh00,full_24_hours,bumblebox-18_2026-03-01_14_00_04,bumblebox-18,/media/august/Expansion/Behavioral-Entropy-Pesticide-Dosing-Exps/MCs-13-and-14/2026-03-01/bumblebox-18_2026-03-01_14_00_04.mp4,/tmp/bumblebox_hourly_primary_mc9_24_links/MCs-13-and-14/2026-03-01/bumblebox-18_2026-03-01_14_00_04.mp4,base_hourly,original hourly round-robin selection
346,15,pre,true,MCs-13-and-14,13;14,,2026-03-01,augmented_pre_exposure,14,30,augmented_extra,augmented,bumblebox-18_2026-03-01_14_30_03,bumblebox-18,/media/august/Expansion/Behavioral-Entropy-Pesticide-Dosing-Exps/MCs-13-and-14/2026-03-01/bumblebox-18_2026-03-01_14_30_03.mp4,,blur_compensation_0.5ppb,extra pre videos for MC14 to compensate blurry MC1 0.5ppb
347,15,post,true,MCs-13-and-14,13;14,2026-03-02,2026-03-05,post_dose_d_plus_3,14,00,exact_hh00,full_24_hours,bumblebox-18_2026-03-05_14_00_04,bumblebox-18,/media/august/Expansion/Behavioral-Entropy-Pesticide-Dosing-Exps/MCs-13-and-14/2026-03-05/bumblebox-18_2026-03-05_14_00_04.mp4,/tmp/bumblebox_hourly_primary_mc9_24_links/MCs-13-and-14/2026-03-05/bumblebox-18_2026-03-05_14_00_04.mp4,base_hourly,original hourly round-robin selection
348,15,post,true,MCs-13-and-14,13;14,2026-03-02,2026-03-05,post_dose_d_plus_3,14,30,augmented_extra,augmented,bumblebox-18_2026-03-05_14_30_03,bumblebox-18,/media/august/Expansion/Behavioral-Entropy-Pesticide-Dosing-Exps/MCs-13-and-14/2026-03-05/bumblebox-18_2026-03-05_14_30_03.mp4,,post_compensate_blurry_mc1_2,post compensation for blurry MC1/2: MC14 matches MC1 0.5ppb
349,15,post,true,MCs-15-and-16,15;16,2026-03-02,2026-03-05,post_dose_d_plus_3,14,00,exact_hh00,full_24_hours,bumblebox-15_2026-03-05_14_00_04,bumblebox-15,/media/august/Expansion/Behavioral-Entropy-Pesticide-Dosing-Exps/MCs-15-and-16/2026-03-05/bumblebox-15_2026-03-05_14_00_04.mp4,/tmp/bumblebox_hourly_primary_mc9_24_links/MCs-15-and-16/2026-03-05/bumblebox-15_2026-03-05_14_00_04.mp4,base_hourly,original hourly round-robin selection
350,15,post,true,MCs-15-and-16,15;16,2026-03-02,2026-03-05,post_dose_d_plus_3,14,30,augmented_extra,augmented,bumblebox-15_2026-03-05_14_30_04,bumblebox-15,/media/august/Expansion/Behavioral-Entropy-Pesticide-Dosing-Exps/MCs-15-and-16/2026-03-05/bumblebox-15_2026-03-05_14_30_04.mp4,,post_compensate_blurry_mc1_2,post compensation for blurry MC1/2: MC16 matches MC2 10ppb
351,15,pre,true,MCs-17-and-18,17;18,2026-03-16,2026-03-15,pre_dose_d_minus_1,14,00,exact_hh00,full_24_hours,bumblebox-9_2026-03-15_14_00_03,bumblebox-9,/media/august/Expansion/Behavioral-Entropy-Pesticide-Dosing-Exps/MCs-17-and-18/2026-03-15/bumblebox-9_2026-03-15_14_00_03.mp4,/tmp/bumblebox_hourly_primary_mc9_24_links/MCs-17-and-18/2026-03-15/bumblebox-9_2026-03-15_14_00_03.mp4,base_hourly,original hourly round-robin selection
352,15,pre,true,MCs-17-and-18,17;18,,2026-03-15,augmented_pre_exposure,14,30,augmented_extra,augmented,bumblebox-9_2026-03-15_14_30_02,bumblebox-9,/media/august/Expansion/Behavioral-Entropy-Pesticide-Dosing-Exps/MCs-17-and-18/2026-03-15/bumblebox-9_2026-03-15_14_30_02.mp4,,blur_compensation_10ppb,all available extra pre videos for MC17 to compensate blurry MC2 10ppb; MC16 has no pre source videos
353,15,post,true,MCs-17-and-18,17;18,2026-03-16,2026-03-19,post_dose_d_plus_3,14,00,exact_hh00,full_24_hours,bumblebox-9_2026-03-19_14_00_03,bumblebox-9,/media/august/Expansion/Behavioral-Entropy-Pesticide-Dosing-Exps/MCs-17-and-18/2026-03-19/bumblebox-9_2026-03-19_14_00_03.mp4,/tmp/bumblebox_hourly_primary_mc9_24_links/MCs-17-and-18/2026-03-19/bumblebox-9_2026-03-19_14_00_03.mp4,base_hourly,original hourly round-robin selection
354,15,post,true,MCs-17-and-18,17;18,2026-03-16,2026-03-19,post_dose_d_plus_3,14,30,augmented_extra,augmented,bumblebox-9_2026-03-19_14_30_05,bumblebox-9,/media/august/Expansion/Behavioral-Entropy-Pesticide-Dosing-Exps/MCs-17-and-18/2026-03-19/bumblebox-9_2026-03-19_14_30_05.mp4,,post_compensate_blurry_mc1_2,post compensation for blurry MC1/2: MC17 matches MC2 10ppb
355,15,pre,true,MCs-19-and-20,19;20,2026-03-16,2026-03-15,pre_dose_d_minus_1,14,00,exact_hh00,full_24_hours,bumblebox-19_2026-03-15_14_00_05,bumblebox-19,/media/august/Expansion/Behavioral-Entropy-Pesticide-Dosing-Exps/MCs-19-and-20/2026-03-15/bumblebox-19_2026-03-15_14_00_05.mp4,/tmp/bumblebox_hourly_primary_mc9_24_links/MCs-19-and-20/2026-03-15/bumblebox-19_2026-03-15_14_00_05.mp4,base_hourly,original hourly round-robin selection
356,15,post,true,MCs-19-and-20,19;20,2026-03-16,2026-03-19,post_dose_d_plus_3,14,00,exact_hh00,full_24_hours,bumblebox-19_2026-03-19_14_00_04,bumblebox-19,/media/august/Expansion/Behavioral-Entropy-Pesticide-Dosing-Exps/MCs-19-and-20/2026-03-19/bumblebox-19_2026-03-19_14_00_04.mp4,/tmp/bumblebox_hourly_primary_mc9_24_links/MCs-19-and-20/2026-03-19/bumblebox-19_2026-03-19_14_00_04.mp4,base_hourly,original hourly round-robin selection
357,15,pre,true,MCs-21-and-22,21;22,2026-03-16,2026-03-15,pre_dose_d_minus_1,14,00,exact_hh00,full_24_hours,bumblebox-18_2026-03-15_14_00_04,bumblebox-18,/media/august/Expansion/Behavioral-Entropy-Pesticide-Dosing-Exps/MCs-21-and-22/2026-03-15/bumblebox-18_2026-03-15_14_00_04.mp4,/tmp/bumblebox_hourly_primary_mc9_24_links/MCs-21-and-22/2026-03-15/bumblebox-18_2026-03-15_14_00_04.mp4,base_hourly,original hourly round-robin selection
358,15,pre,true,MCs-21-and-22,21;22,,2026-03-15,augmented_pre_exposure,14,30,augmented_extra,augmented,bumblebox-18_2026-03-15_14_30_04,bumblebox-18,/media/august/Expansion/Behavioral-Entropy-Pesticide-Dosing-Exps/MCs-21-and-22/2026-03-15/bumblebox-18_2026-03-15_14_30_04.mp4,,blur_compensation_0.5ppb,extra pre videos for MC21 to compensate blurry MC1 0.5ppb
359,15,post,true,MCs-21-and-22,21;22,2026-03-16,2026-03-18,post_dose_d_plus_2_substitute,14,00,exact_hh00,full_24_hours,bumblebox-18_2026-03-18_14_00_03,bumblebox-18,/media/august/Expansion/Behavioral-Entropy-Pesticide-Dosing-Exps/MCs-21-and-22/2026-03-18/bumblebox-18_2026-03-18_14_00_03.mp4,/tmp/bumblebox_hourly_primary_mc9_24_links/MCs-21-and-22/2026-03-18/bumblebox-18_2026-03-18_14_00_03.mp4,base_hourly,original hourly round-robin selection
360,15,post,true,MCs-21-and-22,21;22,2026-03-16,2026-03-18,post_dose_d_plus_2_substitute,14,30,augmented_extra,augmented,bumblebox-18_2026-03-18_14_30_03,bumblebox-18,/media/august/Expansion/Behavioral-Entropy-Pesticide-Dosing-Exps/MCs-21-and-22/2026-03-18/bumblebox-18_2026-03-18_14_30_03.mp4,,post_compensate_blurry_mc1_2,post compensation for blurry MC1/2: MC21 matches MC1 0.5ppb
361,15,pre,true,MCs-23-and-24,23;24,2026-03-16,2026-03-15,pre_dose_d_minus_1,14,00,exact_hh00,full_24_hours,bumblebox-15_2026-03-15_14_00_04,bumblebox-15,/media/august/Expansion/Behavioral-Entropy-Pesticide-Dosing-Exps/MCs-23-and-24/2026-03-15/bumblebox-15_2026-03-15_14_00_04.mp4,/tmp/bumblebox_hourly_primary_mc9_24_links/MCs-23-and-24/2026-03-15/bumblebox-15_2026-03-15_14_00_04.mp4,base_hourly,original hourly round-robin selection
362,15,post,true,MCs-23-and-24,23;24,2026-03-16,2026-03-19,post_dose_d_plus_3,14,00,exact_hh00,full_24_hours,bumblebox-15_2026-03-19_14_00_04,bumblebox-15,/media/august/Expansion/Behavioral-Entropy-Pesticide-Dosing-Exps/MCs-23-and-24/2026-03-19/bumblebox-15_2026-03-19_14_00_04.mp4,/tmp/bumblebox_hourly_primary_mc9_24_links/MCs-23-and-24/2026-03-19/bumblebox-15_2026-03-19_14_00_04.mp4,base_hourly,original hourly round-robin selection
363,16,post,true,MCs-1-and-2,1;2,2026-02-23,2026-02-26,post_exposure_folder,15,00,exact_hh00,full_24_hours,bumblebox-19_2026-02-26_15_00_04,bumblebox-19,/media/august/AutoPolls9/dose-curve-pesticide-data/MCs-1-and-2/post-exposure/bumblebox-19_2026-02-26_15_00_04.mp4,/tmp/bumblebox_hourly_primary_mc1_8_explicit_links/MCs-1-and-2/post/2026-02-26/bumblebox-19_2026-02-26_15_00_04.mp4,base_hourly,original hourly round-robin selection
364,16,pre,true,MCs-3-and-4,3;4,2026-02-23,2026-02-22,pre_exposure_folder,15,00,exact_hh00,full_24_hours,bumblebox-07_2026-02-22_15_00_03,bumblebox-07,/media/august/AutoPolls9/dose-curve-pesticide-data/MCs-3-and-4/pre-exposure/bumblebox-07_2026-02-22_15_00_03.mp4,/tmp/bumblebox_hourly_primary_mc1_8_explicit_links/MCs-3-and-4/pre/2026-02-22/bumblebox-07_2026-02-22_15_00_03.mp4,base_hourly,original hourly round-robin selection
365,16,post,true,MCs-3-and-4,3;4,2026-02-23,2026-02-26,post_exposure_folder,15,00,exact_hh00,full_24_hours,bumblebox-07_2026-02-26_15_00_03,bumblebox-07,/media/august/AutoPolls9/dose-curve-pesticide-data/MCs-3-and-4/post-exposure/bumblebox-07_2026-02-26_15_00_03.mp4,/tmp/bumblebox_hourly_primary_mc1_8_explicit_links/MCs-3-and-4/post/2026-02-26/bumblebox-07_2026-02-26_15_00_03.mp4,base_hourly,original hourly round-robin selection
366,16,post,true,MCs-5-and-6,5;6,2026-02-23,2026-02-26,post_exposure_folder,15,00,exact_hh00,full_24_hours,bumblebox-18_2026-02-26_15_00_04,bumblebox-18,/media/august/AutoPolls9/dose-curve-pesticide-data/MCs-5-and-6/post-exposure/bumblebox-18_2026-02-26_15_00_04.mp4,/tmp/bumblebox_hourly_primary_mc1_8_explicit_links/MCs-5-and-6/post/2026-02-26/bumblebox-18_2026-02-26_15_00_04.mp4,base_hourly,original hourly round-robin selection
367,16,post,true,MCs-7-and-8,7;8,2026-02-23,2026-02-26,post_exposure_folder,15,00,exact_hh00,full_24_hours,bumblebox-15_2026-02-26_15_00_03,bumblebox-15,/media/august/AutoPolls9/dose-curve-pesticide-data/MCs-7-and-8/post-exposure/bumblebox-15_2026-02-26_15_00_03.mp4,/tmp/bumblebox_hourly_primary_mc1_8_explicit_links/MCs-7-and-8/post/2026-02-26/bumblebox-15_2026-02-26_15_00_03.mp4,base_hourly,original hourly round-robin selection
368,16,pre,true,MCs-9-and-10,9;10,2026-03-02,2026-03-01,pre_dose_d_minus_1,15,00,exact_hh00,full_24_hours,bumblebox-07_2026-03-01_15_00_03,bumblebox-07,/media/august/Expansion/Behavioral-Entropy-Pesticide-Dosing-Exps/MCs-9-and-10/2026-03-01/bumblebox-07_2026-03-01_15_00_03.mp4,/tmp/bumblebox_hourly_primary_mc9_24_links/MCs-9-and-10/2026-03-01/bumblebox-07_2026-03-01_15_00_03.mp4,base_hourly,original hourly round-robin selection
369,16,post,true,MCs-9-and-10,9;10,2026-03-02,2026-03-05,post_dose_d_plus_3,15,00,exact_hh00,full_24_hours,bumblebox-07_2026-03-05_15_00_03,bumblebox-07,/media/august/Expansion/Behavioral-Entropy-Pesticide-Dosing-Exps/MCs-9-and-10/2026-03-05/bumblebox-07_2026-03-05_15_00_03.mp4,/tmp/bumblebox_hourly_primary_mc9_24_links/MCs-9-and-10/2026-03-05/bumblebox-07_2026-03-05_15_00_03.mp4,base_hourly,original hourly round-robin selection
370,16,post,true,MCs-11-and-12,11;12,2026-03-02,2026-03-05,post_dose_d_plus_3,15,00,exact_hh00,partial_day,bumblebox-19_2026-03-05_15_00_05,bumblebox-19,/media/august/Expansion/Behavioral-Entropy-Pesticide-Dosing-Exps/MCs-11-and-12/2026-03-05/bumblebox-19_2026-03-05_15_00_05.mp4,/tmp/bumblebox_hourly_primary_mc9_24_links/MCs-11-and-12/2026-03-05/bumblebox-19_2026-03-05_15_00_05.mp4,base_hourly,original hourly round-robin selection
371,16,pre,true,MCs-13-and-14,13;14,2026-03-02,2026-03-01,pre_dose_d_minus_1,15,00,exact_hh00,full_24_hours,bumblebox-18_2026-03-01_15_00_04,bumblebox-18,/media/august/Expansion/Behavioral-Entropy-Pesticide-Dosing-Exps/MCs-13-and-14/2026-03-01/bumblebox-18_2026-03-01_15_00_04.mp4,/tmp/bumblebox_hourly_primary_mc9_24_links/MCs-13-and-14/2026-03-01/bumblebox-18_2026-03-01_15_00_04.mp4,base_hourly,original hourly round-robin selection
372,16,post,true,MCs-13-and-14,13;14,2026-03-02,2026-03-05,post_dose_d_plus_3,15,00,exact_hh00,full_24_hours,bumblebox-18_2026-03-05_15_00_03,bumblebox-18,/media/august/Expansion/Behavioral-Entropy-Pesticide-Dosing-Exps/MCs-13-and-14/2026-03-05/bumblebox-18_2026-03-05_15_00_03.mp4,/tmp/bumblebox_hourly_primary_mc9_24_links/MCs-13-and-14/2026-03-05/bumblebox-18_2026-03-05_15_00_03.mp4,base_hourly,original hourly round-robin selection
373,16,post,true,MCs-15-and-16,15;16,2026-03-02,2026-03-05,post_dose_d_plus_3,15,00,exact_hh00,full_24_hours,bumblebox-15_2026-03-05_15_00_04,bumblebox-15,/media/august/Expansion/Behavioral-Entropy-Pesticide-Dosing-Exps/MCs-15-and-16/2026-03-05/bumblebox-15_2026-03-05_15_00_04.mp4,/tmp/bumblebox_hourly_primary_mc9_24_links/MCs-15-and-16/2026-03-05/bumblebox-15_2026-03-05_15_00_04.mp4,base_hourly,original hourly round-robin selection
374,16,pre,true,MCs-17-and-18,17;18,2026-03-16,2026-03-15,pre_dose_d_minus_1,15,00,exact_hh00,full_24_hours,bumblebox-9_2026-03-15_15_00_03,bumblebox-9,/media/august/Expansion/Behavioral-Entropy-Pesticide-Dosing-Exps/MCs-17-and-18/2026-03-15/bumblebox-9_2026-03-15_15_00_03.mp4,/tmp/bumblebox_hourly_primary_mc9_24_links/MCs-17-and-18/2026-03-15/bumblebox-9_2026-03-15_15_00_03.mp4,base_hourly,original hourly round-robin selection
375,16,pre,true,MCs-17-and-18,17;18,,2026-03-15,augmented_pre_exposure,15,30,augmented_extra,augmented,bumblebox-9_2026-03-15_15_30_03,bumblebox-9,/media/august/Expansion/Behavioral-Entropy-Pesticide-Dosing-Exps/MCs-17-and-18/2026-03-15/bumblebox-9_2026-03-15_15_30_03.mp4,,blur_compensation_10ppb,all available extra pre videos for MC17 to compensate blurry MC2 10ppb; MC16 has no pre source videos
376,16,post,true,MCs-17-and-18,17;18,2026-03-16,2026-03-19,post_dose_d_plus_3,15,00,exact_hh00,full_24_hours,bumblebox-9_2026-03-19_15_00_04,bumblebox-9,/media/august/Expansion/Behavioral-Entropy-Pesticide-Dosing-Exps/MCs-17-and-18/2026-03-19/bumblebox-9_2026-03-19_15_00_04.mp4,/tmp/bumblebox_hourly_primary_mc9_24_links/MCs-17-and-18/2026-03-19/bumblebox-9_2026-03-19_15_00_04.mp4,base_hourly,original hourly round-robin selection
377,16,pre,true,MCs-19-and-20,19;20,2026-03-16,2026-03-15,pre_dose_d_minus_1,15,00,exact_hh00,full_24_hours,bumblebox-19_2026-03-15_15_00_03,bumblebox-19,/media/august/Expansion/Behavioral-Entropy-Pesticide-Dosing-Exps/MCs-19-and-20/2026-03-15/bumblebox-19_2026-03-15_15_00_03.mp4,/tmp/bumblebox_hourly_primary_mc9_24_links/MCs-19-and-20/2026-03-15/bumblebox-19_2026-03-15_15_00_03.mp4,base_hourly,original hourly round-robin selection
378,16,post,true,MCs-19-and-20,19;20,2026-03-16,2026-03-19,post_dose_d_plus_3,15,00,exact_hh00,full_24_hours,bumblebox-19_2026-03-19_15_00_05,bumblebox-19,/media/august/Expansion/Behavioral-Entropy-Pesticide-Dosing-Exps/MCs-19-and-20/2026-03-19/bumblebox-19_2026-03-19_15_00_05.mp4,/tmp/bumblebox_hourly_primary_mc9_24_links/MCs-19-and-20/2026-03-19/bumblebox-19_2026-03-19_15_00_05.mp4,base_hourly,original hourly round-robin selection
379,16,pre,true,MCs-21-and-22,21;22,2026-03-16,2026-03-15,pre_dose_d_minus_1,15,00,exact_hh00,full_24_hours,bumblebox-18_2026-03-15_15_00_04,bumblebox-18,/media/august/Expansion/Behavioral-Entropy-Pesticide-Dosing-Exps/MCs-21-and-22/2026-03-15/bumblebox-18_2026-03-15_15_00_04.mp4,/tmp/bumblebox_hourly_primary_mc9_24_links/MCs-21-and-22/2026-03-15/bumblebox-18_2026-03-15_15_00_04.mp4,base_hourly,original hourly round-robin selection
380,16,post,true,MCs-21-and-22,21;22,2026-03-16,2026-03-18,post_dose_d_plus_2_substitute,15,00,exact_hh00,full_24_hours,bumblebox-18_2026-03-18_15_00_03,bumblebox-18,/media/august/Expansion/Behavioral-Entropy-Pesticide-Dosing-Exps/MCs-21-and-22/2026-03-18/bumblebox-18_2026-03-18_15_00_03.mp4,/tmp/bumblebox_hourly_primary_mc9_24_links/MCs-21-and-22/2026-03-18/bumblebox-18_2026-03-18_15_00_03.mp4,base_hourly,original hourly round-robin selection
381,16,pre,true,MCs-23-and-24,23;24,2026-03-16,2026-03-15,pre_dose_d_minus_1,15,00,exact_hh00,full_24_hours,bumblebox-15_2026-03-15_15_00_04,bumblebox-15,/media/august/Expansion/Behavioral-Entropy-Pesticide-Dosing-Exps/MCs-23-and-24/2026-03-15/bumblebox-15_2026-03-15_15_00_04.mp4,/tmp/bumblebox_hourly_primary_mc9_24_links/MCs-23-and-24/2026-03-15/bumblebox-15_2026-03-15_15_00_04.mp4,base_hourly,original hourly round-robin selection
382,16,post,true,MCs-23-and-24,23;24,2026-03-16,2026-03-19,post_dose_d_plus_3,15,00,exact_hh00,full_24_hours,bumblebox-15_2026-03-19_15_00_04,bumblebox-15,/media/august/Expansion/Behavioral-Entropy-Pesticide-Dosing-Exps/MCs-23-and-24/2026-03-19/bumblebox-15_2026-03-19_15_00_04.mp4,/tmp/bumblebox_hourly_primary_mc9_24_links/MCs-23-and-24/2026-03-19/bumblebox-15_2026-03-19_15_00_04.mp4,base_hourly,original hourly round-robin selection
383,17,post,true,MCs-1-and-2,1;2,2026-02-23,2026-02-26,post_exposure_folder,16,00,exact_hh00,full_24_hours,bumblebox-19_2026-02-26_16_00_05,bumblebox-19,/media/august/AutoPolls9/dose-curve-pesticide-data/MCs-1-and-2/post-exposure/bumblebox-19_2026-02-26_16_00_05.mp4,/tmp/bumblebox_hourly_primary_mc1_8_explicit_links/MCs-1-and-2/post/2026-02-26/bumblebox-19_2026-02-26_16_00_05.mp4,base_hourly,original hourly round-robin selection
384,17,pre,true,MCs-3-and-4,3;4,2026-02-23,2026-02-22,pre_exposure_folder,16,00,exact_hh00,full_24_hours,bumblebox-07_2026-02-22_16_00_02,bumblebox-07,/media/august/AutoPolls9/dose-curve-pesticide-data/MCs-3-and-4/pre-exposure/bumblebox-07_2026-02-22_16_00_02.mp4,/tmp/bumblebox_hourly_primary_mc1_8_explicit_links/MCs-3-and-4/pre/2026-02-22/bumblebox-07_2026-02-22_16_00_02.mp4,base_hourly,original hourly round-robin selection
385,17,post,true,MCs-3-and-4,3;4,2026-02-23,2026-02-26,post_exposure_folder,16,00,exact_hh00,full_24_hours,bumblebox-07_2026-02-26_16_00_03,bumblebox-07,/media/august/AutoPolls9/dose-curve-pesticide-data/MCs-3-and-4/post-exposure/bumblebox-07_2026-02-26_16_00_03.mp4,/tmp/bumblebox_hourly_primary_mc1_8_explicit_links/MCs-3-and-4/post/2026-02-26/bumblebox-07_2026-02-26_16_00_03.mp4,base_hourly,original hourly round-robin selection
386,17,pre,true,MCs-5-and-6,5;6,,2026-02-22,augmented_pre_exposure,16,50,augmented_extra,augmented,bumblebox-18_2026-02-22_16_50_07,bumblebox-18,/media/august/AutoPolls9/dose-curve-pesticide-data/MCs-5-and-6/pre-exposure/bumblebox-18_2026-02-22_16_50_07.mp4,,pre_fill_to_24_if_possible,fill MCs-5-and-6 pre from 4 toward 22 using non-hourly pre videos
387,17,post,true,MCs-5-and-6,5;6,2026-02-23,2026-02-26,post_exposure_folder,16,00,exact_hh00,full_24_hours,bumblebox-18_2026-02-26_16_00_03,bumblebox-18,/media/august/AutoPolls9/dose-curve-pesticide-data/MCs-5-and-6/post-exposure/bumblebox-18_2026-02-26_16_00_03.mp4,/tmp/bumblebox_hourly_primary_mc1_8_explicit_links/MCs-5-and-6/post/2026-02-26/bumblebox-18_2026-02-26_16_00_03.mp4,base_hourly,original hourly round-robin selection
388,17,post,true,MCs-7-and-8,7;8,2026-02-23,2026-02-26,post_exposure_folder,16,00,exact_hh00,full_24_hours,bumblebox-15_2026-02-26_16_00_03,bumblebox-15,/media/august/AutoPolls9/dose-curve-pesticide-data/MCs-7-and-8/post-exposure/bumblebox-15_2026-02-26_16_00_03.mp4,/tmp/bumblebox_hourly_primary_mc1_8_explicit_links/MCs-7-and-8/post/2026-02-26/bumblebox-15_2026-02-26_16_00_03.mp4,base_hourly,original hourly round-robin selection
389,17,pre,true,MCs-9-and-10,9;10,2026-03-02,2026-03-01,pre_dose_d_minus_1,16,00,exact_hh00,full_24_hours,bumblebox-07_2026-03-01_16_00_03,bumblebox-07,/media/august/Expansion/Behavioral-Entropy-Pesticide-Dosing-Exps/MCs-9-and-10/2026-03-01/bumblebox-07_2026-03-01_16_00_03.mp4,/tmp/bumblebox_hourly_primary_mc9_24_links/MCs-9-and-10/2026-03-01/bumblebox-07_2026-03-01_16_00_03.mp4,base_hourly,original hourly round-robin selection
390,17,post,true,MCs-9-and-10,9;10,2026-03-02,2026-03-05,post_dose_d_plus_3,16,00,exact_hh00,full_24_hours,bumblebox-07_2026-03-05_16_00_03,bumblebox-07,/media/august/Expansion/Behavioral-Entropy-Pesticide-Dosing-Exps/MCs-9-and-10/2026-03-05/bumblebox-07_2026-03-05_16_00_03.mp4,/tmp/bumblebox_hourly_primary_mc9_24_links/MCs-9-and-10/2026-03-05/bumblebox-07_2026-03-05_16_00_03.mp4,base_hourly,original hourly round-robin selection
391,17,post,true,MCs-11-and-12,11;12,2026-03-02,2026-03-05,post_dose_d_plus_3,16,00,exact_hh00,partial_day,bumblebox-19_2026-03-05_16_00_04,bumblebox-19,/media/august/Expansion/Behavioral-Entropy-Pesticide-Dosing-Exps/MCs-11-and-12/2026-03-05/bumblebox-19_2026-03-05_16_00_04.mp4,/tmp/bumblebox_hourly_primary_mc9_24_links/MCs-11-and-12/2026-03-05/bumblebox-19_2026-03-05_16_00_04.mp4,base_hourly,original hourly round-robin selection
392,17,pre,true,MCs-13-and-14,13;14,2026-03-02,2026-03-01,pre_dose_d_minus_1,16,00,exact_hh00,full_24_hours,bumblebox-18_2026-03-01_16_00_04,bumblebox-18,/media/august/Expansion/Behavioral-Entropy-Pesticide-Dosing-Exps/MCs-13-and-14/2026-03-01/bumblebox-18_2026-03-01_16_00_04.mp4,/tmp/bumblebox_hourly_primary_mc9_24_links/MCs-13-and-14/2026-03-01/bumblebox-18_2026-03-01_16_00_04.mp4,base_hourly,original hourly round-robin selection
393,17,pre,true,MCs-13-and-14,13;14,,2026-03-01,augmented_pre_exposure,16,30,augmented_extra,augmented,bumblebox-18_2026-03-01_16_30_03,bumblebox-18,/media/august/Expansion/Behavioral-Entropy-Pesticide-Dosing-Exps/MCs-13-and-14/2026-03-01/bumblebox-18_2026-03-01_16_30_03.mp4,,blur_compensation_0.5ppb,extra pre videos for MC14 to compensate blurry MC1 0.5ppb
394,17,post,true,MCs-13-and-14,13;14,2026-03-02,2026-03-05,post_dose_d_plus_3,16,00,exact_hh00,full_24_hours,bumblebox-18_2026-03-05_16_00_04,bumblebox-18,/media/august/Expansion/Behavioral-Entropy-Pesticide-Dosing-Exps/MCs-13-and-14/2026-03-05/bumblebox-18_2026-03-05_16_00_04.mp4,/tmp/bumblebox_hourly_primary_mc9_24_links/MCs-13-and-14/2026-03-05/bumblebox-18_2026-03-05_16_00_04.mp4,base_hourly,original hourly round-robin selection
395,17,post,true,MCs-13-and-14,13;14,2026-03-02,2026-03-05,post_dose_d_plus_3,16,30,augmented_extra,augmented,bumblebox-18_2026-03-05_16_30_04,bumblebox-18,/media/august/Expansion/Behavioral-Entropy-Pesticide-Dosing-Exps/MCs-13-and-14/2026-03-05/bumblebox-18_2026-03-05_16_30_04.mp4,,post_compensate_blurry_mc1_2,post compensation for blurry MC1/2: MC14 matches MC1 0.5ppb
396,17,post,true,MCs-15-and-16,15;16,2026-03-02,2026-03-05,post_dose_d_plus_3,16,00,exact_hh00,full_24_hours,bumblebox-15_2026-03-05_16_00_03,bumblebox-15,/media/august/Expansion/Behavioral-Entropy-Pesticide-Dosing-Exps/MCs-15-and-16/2026-03-05/bumblebox-15_2026-03-05_16_00_03.mp4,/tmp/bumblebox_hourly_primary_mc9_24_links/MCs-15-and-16/2026-03-05/bumblebox-15_2026-03-05_16_00_03.mp4,base_hourly,original hourly round-robin selection
397,17,post,true,MCs-15-and-16,15;16,2026-03-02,2026-03-05,post_dose_d_plus_3,16,30,augmented_extra,augmented,bumblebox-15_2026-03-05_16_30_04,bumblebox-15,/media/august/Expansion/Behavioral-Entropy-Pesticide-Dosing-Exps/MCs-15-and-16/2026-03-05/bumblebox-15_2026-03-05_16_30_04.mp4,,post_compensate_blurry_mc1_2,post compensation for blurry MC1/2: MC16 matches MC2 10ppb
398,17,pre,true,MCs-17-and-18,17;18,2026-03-16,2026-03-15,pre_dose_d_minus_1,16,00,exact_hh00,full_24_hours,bumblebox-9_2026-03-15_16_00_03,bumblebox-9,/media/august/Expansion/Behavioral-Entropy-Pesticide-Dosing-Exps/MCs-17-and-18/2026-03-15/bumblebox-9_2026-03-15_16_00_03.mp4,/tmp/bumblebox_hourly_primary_mc9_24_links/MCs-17-and-18/2026-03-15/bumblebox-9_2026-03-15_16_00_03.mp4,base_hourly,original hourly round-robin selection
399,17,pre,true,MCs-17-and-18,17;18,,2026-03-15,augmented_pre_exposure,16,30,augmented_extra,augmented,bumblebox-9_2026-03-15_16_30_03,bumblebox-9,/media/august/Expansion/Behavioral-Entropy-Pesticide-Dosing-Exps/MCs-17-and-18/2026-03-15/bumblebox-9_2026-03-15_16_30_03.mp4,,blur_compensation_10ppb,all available extra pre videos for MC17 to compensate blurry MC2 10ppb; MC16 has no pre source videos
400,17,post,true,MCs-17-and-18,17;18,2026-03-16,2026-03-19,post_dose_d_plus_3,16,00,exact_hh00,full_24_hours,bumblebox-9_2026-03-19_16_00_04,bumblebox-9,/media/august/Expansion/Behavioral-Entropy-Pesticide-Dosing-Exps/MCs-17-and-18/2026-03-19/bumblebox-9_2026-03-19_16_00_04.mp4,/tmp/bumblebox_hourly_primary_mc9_24_links/MCs-17-and-18/2026-03-19/bumblebox-9_2026-03-19_16_00_04.mp4,base_hourly,original hourly round-robin selection
401,17,post,true,MCs-17-and-18,17;18,2026-03-16,2026-03-19,post_dose_d_plus_3,16,30,augmented_extra,augmented,bumblebox-9_2026-03-19_16_30_03,bumblebox-9,/media/august/Expansion/Behavioral-Entropy-Pesticide-Dosing-Exps/MCs-17-and-18/2026-03-19/bumblebox-9_2026-03-19_16_30_03.mp4,,post_compensate_blurry_mc1_2,post compensation for blurry MC1/2: MC17 matches MC2 10ppb
402,17,pre,true,MCs-19-and-20,19;20,2026-03-16,2026-03-15,pre_dose_d_minus_1,16,00,exact_hh00,full_24_hours,bumblebox-19_2026-03-15_16_00_05,bumblebox-19,/media/august/Expansion/Behavioral-Entropy-Pesticide-Dosing-Exps/MCs-19-and-20/2026-03-15/bumblebox-19_2026-03-15_16_00_05.mp4,/tmp/bumblebox_hourly_primary_mc9_24_links/MCs-19-and-20/2026-03-15/bumblebox-19_2026-03-15_16_00_05.mp4,base_hourly,original hourly round-robin selection
403,17,post,true,MCs-19-and-20,19;20,2026-03-16,2026-03-19,post_dose_d_plus_3,16,00,exact_hh00,full_24_hours,bumblebox-19_2026-03-19_16_00_05,bumblebox-19,/media/august/Expansion/Behavioral-Entropy-Pesticide-Dosing-Exps/MCs-19-and-20/2026-03-19/bumblebox-19_2026-03-19_16_00_05.mp4,/tmp/bumblebox_hourly_primary_mc9_24_links/MCs-19-and-20/2026-03-19/bumblebox-19_2026-03-19_16_00_05.mp4,base_hourly,original hourly round-robin selection
404,17,pre,true,MCs-21-and-22,21;22,2026-03-16,2026-03-15,pre_dose_d_minus_1,16,00,exact_hh00,full_24_hours,bumblebox-18_2026-03-15_16_00_04,bumblebox-18,/media/august/Expansion/Behavioral-Entropy-Pesticide-Dosing-Exps/MCs-21-and-22/2026-03-15/bumblebox-18_2026-03-15_16_00_04.mp4,/tmp/bumblebox_hourly_primary_mc9_24_links/MCs-21-and-22/2026-03-15/bumblebox-18_2026-03-15_16_00_04.mp4,base_hourly,original hourly round-robin selection
405,17,pre,true,MCs-21-and-22,21;22,,2026-03-15,augmented_pre_exposure,16,30,augmented_extra,augmented,bumblebox-18_2026-03-15_16_30_04,bumblebox-18,/media/august/Expansion/Behavioral-Entropy-Pesticide-Dosing-Exps/MCs-21-and-22/2026-03-15/bumblebox-18_2026-03-15_16_30_04.mp4,,blur_compensation_0.5ppb,extra pre videos for MC21 to compensate blurry MC1 0.5ppb
406,17,post,true,MCs-21-and-22,21;22,2026-03-16,2026-03-18,post_dose_d_plus_2_substitute,16,00,exact_hh00,full_24_hours,bumblebox-18_2026-03-18_16_00_04,bumblebox-18,/media/august/Expansion/Behavioral-Entropy-Pesticide-Dosing-Exps/MCs-21-and-22/2026-03-18/bumblebox-18_2026-03-18_16_00_04.mp4,/tmp/bumblebox_hourly_primary_mc9_24_links/MCs-21-and-22/2026-03-18/bumblebox-18_2026-03-18_16_00_04.mp4,base_hourly,original hourly round-robin selection
407,17,post,true,MCs-21-and-22,21;22,2026-03-16,2026-03-18,post_dose_d_plus_2_substitute,16,30,augmented_extra,augmented,bumblebox-18_2026-03-18_16_30_04,bumblebox-18,/media/august/Expansion/Behavioral-Entropy-Pesticide-Dosing-Exps/MCs-21-and-22/2026-03-18/bumblebox-18_2026-03-18_16_30_04.mp4,,post_compensate_blurry_mc1_2,post compensation for blurry MC1/2: MC21 matches MC1 0.5ppb
408,17,pre,true,MCs-23-and-24,23;24,2026-03-16,2026-03-15,pre_dose_d_minus_1,16,00,exact_hh00,full_24_hours,bumblebox-15_2026-03-15_16_00_03,bumblebox-15,/media/august/Expansion/Behavioral-Entropy-Pesticide-Dosing-Exps/MCs-23-and-24/2026-03-15/bumblebox-15_2026-03-15_16_00_03.mp4,/tmp/bumblebox_hourly_primary_mc9_24_links/MCs-23-and-24/2026-03-15/bumblebox-15_2026-03-15_16_00_03.mp4,base_hourly,original hourly round-robin selection
409,17,post,true,MCs-23-and-24,23;24,2026-03-16,2026-03-19,post_dose_d_plus_3,16,00,exact_hh00,full_24_hours,bumblebox-15_2026-03-19_16_00_04,bumblebox-15,/media/august/Expansion/Behavioral-Entropy-Pesticide-Dosing-Exps/MCs-23-and-24/2026-03-19/bumblebox-15_2026-03-19_16_00_04.mp4,/tmp/bumblebox_hourly_primary_mc9_24_links/MCs-23-and-24/2026-03-19/bumblebox-15_2026-03-19_16_00_04.mp4,base_hourly,original hourly round-robin selection
410,18,pre,true,MCs-1-and-2,1;2,2026-02-23,2026-02-22,pre_exposure_folder,17,30,fallback_hh30_missing_hh00,partial_day,bumblebox-19_2026-02-22_17_30_04,bumblebox-19,/media/august/AutoPolls9/dose-curve-pesticide-data/MCs-1-and-2/pre-exposure/bumblebox-19_2026-02-22_17_30_04.mp4,/tmp/bumblebox_hourly_primary_mc1_8_explicit_links/MCs-1-and-2/pre/2026-02-22/bumblebox-19_2026-02-22_17_30_04.mp4,base_hourly,original hourly round-robin selection
411,18,pre,true,MCs-1-and-2,1;2,,2026-02-22,augmented_pre_exposure,17,10,augmented_extra,augmented,bumblebox-19_2026-02-22_17_10_06,bumblebox-19,/media/august/AutoPolls9/dose-curve-pesticide-data/MCs-1-and-2/pre-exposure/bumblebox-19_2026-02-22_17_10_06.mp4,,pre_fill_to_24_if_possible,fill MCs-1-and-2 pre from 16 toward 24 using non-hourly pre videos
412,18,post,true,MCs-1-and-2,1;2,2026-02-23,2026-02-26,post_exposure_folder,17,00,exact_hh00,full_24_hours,bumblebox-19_2026-02-26_17_00_04,bumblebox-19,/media/august/AutoPolls9/dose-curve-pesticide-data/MCs-1-and-2/post-exposure/bumblebox-19_2026-02-26_17_00_04.mp4,/tmp/bumblebox_hourly_primary_mc1_8_explicit_links/MCs-1-and-2/post/2026-02-26/bumblebox-19_2026-02-26_17_00_04.mp4,base_hourly,original hourly round-robin selection
413,18,pre,true,MCs-3-and-4,3;4,2026-02-23,2026-02-22,pre_exposure_folder,17,00,exact_hh00,full_24_hours,bumblebox-07_2026-02-22_17_00_03,bumblebox-07,/media/august/AutoPolls9/dose-curve-pesticide-data/MCs-3-and-4/pre-exposure/bumblebox-07_2026-02-22_17_00_03.mp4,/tmp/bumblebox_hourly_primary_mc1_8_explicit_links/MCs-3-and-4/pre/2026-02-22/bumblebox-07_2026-02-22_17_00_03.mp4,base_hourly,original hourly round-robin selection
414,18,post,true,MCs-3-and-4,3;4,2026-02-23,2026-02-26,post_exposure_folder,17,00,exact_hh00,full_24_hours,bumblebox-07_2026-02-26_17_00_03,bumblebox-07,/media/august/AutoPolls9/dose-curve-pesticide-data/MCs-3-and-4/post-exposure/bumblebox-07_2026-02-26_17_00_03.mp4,/tmp/bumblebox_hourly_primary_mc1_8_explicit_links/MCs-3-and-4/post/2026-02-26/bumblebox-07_2026-02-26_17_00_03.mp4,base_hourly,original hourly round-robin selection
415,18,pre,true,MCs-5-and-6,5;6,2026-02-23,2026-02-22,pre_exposure_folder,17,00,exact_hh00,partial_day,bumblebox-18_2026-02-22_17_00_05,bumblebox-18,/media/august/AutoPolls9/dose-curve-pesticide-data/MCs-5-and-6/pre-exposure/bumblebox-18_2026-02-22_17_00_05.mp4,/tmp/bumblebox_hourly_primary_mc1_8_explicit_links/MCs-5-and-6/pre/2026-02-22/bumblebox-18_2026-02-22_17_00_05.mp4,base_hourly,original hourly round-robin selection
416,18,pre,true,MCs-5-and-6,5;6,,2026-02-22,augmented_pre_exposure,17,10,augmented_extra,augmented,bumblebox-18_2026-02-22_17_10_03,bumblebox-18,/media/august/AutoPolls9/dose-curve-pesticide-data/MCs-5-and-6/pre-exposure/bumblebox-18_2026-02-22_17_10_03.mp4,,pre_fill_to_24_if_possible,fill MCs-5-and-6 pre from 4 toward 22 using non-hourly pre videos
417,18,pre,true,MCs-5-and-6,5;6,,2026-02-22,augmented_pre_exposure,17,20,augmented_extra,augmented,bumblebox-18_2026-02-22_17_20_03,bumblebox-18,/media/august/AutoPolls9/dose-curve-pesticide-data/MCs-5-and-6/pre-exposure/bumblebox-18_2026-02-22_17_20_03.mp4,,pre_fill_to_24_if_possible,fill MCs-5-and-6 pre from 4 toward 22 using non-hourly pre videos
418,18,pre,true,MCs-5-and-6,5;6,,2026-02-22,augmented_pre_exposure,17,30,augmented_extra,augmented,bumblebox-18_2026-02-22_17_30_03,bumblebox-18,/media/august/AutoPolls9/dose-curve-pesticide-data/MCs-5-and-6/pre-exposure/bumblebox-18_2026-02-22_17_30_03.mp4,,pre_fill_to_24_if_possible,fill MCs-5-and-6 pre from 4 toward 22 using non-hourly pre videos
419,18,pre,true,MCs-5-and-6,5;6,,2026-02-22,augmented_pre_exposure,17,40,augmented_extra,augmented,bumblebox-18_2026-02-22_17_40_03,bumblebox-18,/media/august/AutoPolls9/dose-curve-pesticide-data/MCs-5-and-6/pre-exposure/bumblebox-18_2026-02-22_17_40_03.mp4,,pre_fill_to_24_if_possible,fill MCs-5-and-6 pre from 4 toward 22 using non-hourly pre videos
420,18,pre,true,MCs-5-and-6,5;6,,2026-02-22,augmented_pre_exposure,17,50,augmented_extra,augmented,bumblebox-18_2026-02-22_17_50_03,bumblebox-18,/media/august/AutoPolls9/dose-curve-pesticide-data/MCs-5-and-6/pre-exposure/bumblebox-18_2026-02-22_17_50_03.mp4,,pre_fill_to_24_if_possible,fill MCs-5-and-6 pre from 4 toward 22 using non-hourly pre videos
421,18,post,true,MCs-5-and-6,5;6,2026-02-23,2026-02-26,post_exposure_folder,17,00,exact_hh00,full_24_hours,bumblebox-18_2026-02-26_17_00_04,bumblebox-18,/media/august/AutoPolls9/dose-curve-pesticide-data/MCs-5-and-6/post-exposure/bumblebox-18_2026-02-26_17_00_04.mp4,/tmp/bumblebox_hourly_primary_mc1_8_explicit_links/MCs-5-and-6/post/2026-02-26/bumblebox-18_2026-02-26_17_00_04.mp4,base_hourly,original hourly round-robin selection
422,18,pre,true,MCs-7-and-8,7;8,2026-02-23,2026-02-22,pre_exposure_folder,17,00,exact_hh00,partial_day,bumblebox-15_2026-02-22_17_00_07,bumblebox-15,/media/august/AutoPolls9/dose-curve-pesticide-data/MCs-7-and-8/pre-exposure/bumblebox-15_2026-02-22_17_00_07.mp4,/tmp/bumblebox_hourly_primary_mc1_8_explicit_links/MCs-7-and-8/pre/2026-02-22/bumblebox-15_2026-02-22_17_00_07.mp4,base_hourly,original hourly round-robin selection
423,18,pre,true,MCs-7-and-8,7;8,,2026-02-22,augmented_pre_exposure,17,10,augmented_extra,augmented,bumblebox-15_2026-02-22_17_10_03,bumblebox-15,/media/august/AutoPolls9/dose-curve-pesticide-data/MCs-7-and-8/pre-exposure/bumblebox-15_2026-02-22_17_10_03.mp4,,pre_fill_to_24_if_possible,fill MCs-7-and-8 pre from 7 toward 24 using non-hourly pre videos
424,18,pre,true,MCs-7-and-8,7;8,,2026-02-22,augmented_pre_exposure,17,30,augmented_extra,augmented,bumblebox-15_2026-02-22_17_30_03,bumblebox-15,/media/august/AutoPolls9/dose-curve-pesticide-data/MCs-7-and-8/pre-exposure/bumblebox-15_2026-02-22_17_30_03.mp4,,pre_fill_to_24_if_possible,fill MCs-7-and-8 pre from 7 toward 24 using non-hourly pre videos
425,18,pre,true,MCs-7-and-8,7;8,,2026-02-22,augmented_pre_exposure,17,50,augmented_extra,augmented,bumblebox-15_2026-02-22_17_50_03,bumblebox-15,/media/august/AutoPolls9/dose-curve-pesticide-data/MCs-7-and-8/pre-exposure/bumblebox-15_2026-02-22_17_50_03.mp4,,pre_fill_to_24_if_possible,fill MCs-7-and-8 pre from 7 toward 24 using non-hourly pre videos
426,18,post,true,MCs-7-and-8,7;8,2026-02-23,2026-02-26,post_exposure_folder,17,00,exact_hh00,full_24_hours,bumblebox-15_2026-02-26_17_00_02,bumblebox-15,/media/august/AutoPolls9/dose-curve-pesticide-data/MCs-7-and-8/post-exposure/bumblebox-15_2026-02-26_17_00_02.mp4,/tmp/bumblebox_hourly_primary_mc1_8_explicit_links/MCs-7-and-8/post/2026-02-26/bumblebox-15_2026-02-26_17_00_02.mp4,base_hourly,original hourly round-robin selection
427,18,pre,true,MCs-9-and-10,9;10,2026-03-02,2026-03-01,pre_dose_d_minus_1,17,00,exact_hh00,full_24_hours,bumblebox-07_2026-03-01_17_00_03,bumblebox-07,/media/august/Expansion/Behavioral-Entropy-Pesticide-Dosing-Exps/MCs-9-and-10/2026-03-01/bumblebox-07_2026-03-01_17_00_03.mp4,/tmp/bumblebox_hourly_primary_mc9_24_links/MCs-9-and-10/2026-03-01/bumblebox-07_2026-03-01_17_00_03.mp4,base_hourly,original hourly round-robin selection
428,18,post,true,MCs-9-and-10,9;10,2026-03-02,2026-03-05,post_dose_d_plus_3,17,00,exact_hh00,full_24_hours,bumblebox-07_2026-03-05_17_00_03,bumblebox-07,/media/august/Expansion/Behavioral-Entropy-Pesticide-Dosing-Exps/MCs-9-and-10/2026-03-05/bumblebox-07_2026-03-05_17_00_03.mp4,/tmp/bumblebox_hourly_primary_mc9_24_links/MCs-9-and-10/2026-03-05/bumblebox-07_2026-03-05_17_00_03.mp4,base_hourly,original hourly round-robin selection
429,18,post,true,MCs-11-and-12,11;12,2026-03-02,2026-03-05,post_dose_d_plus_3,17,00,exact_hh00,partial_day,bumblebox-19_2026-03-05_17_00_04,bumblebox-19,/media/august/Expansion/Behavioral-Entropy-Pesticide-Dosing-Exps/MCs-11-and-12/2026-03-05/bumblebox-19_2026-03-05_17_00_04.mp4,/tmp/bumblebox_hourly_primary_mc9_24_links/MCs-11-and-12/2026-03-05/bumblebox-19_2026-03-05_17_00_04.mp4,base_hourly,original hourly round-robin selection
430,18,pre,true,MCs-13-and-14,13;14,2026-03-02,2026-03-01,pre_dose_d_minus_1,17,00,exact_hh00,full_24_hours,bumblebox-18_2026-03-01_17_00_04,bumblebox-18,/media/august/Expansion/Behavioral-Entropy-Pesticide-Dosing-Exps/MCs-13-and-14/2026-03-01/bumblebox-18_2026-03-01_17_00_04.mp4,/tmp/bumblebox_hourly_primary_mc9_24_links/MCs-13-and-14/2026-03-01/bumblebox-18_2026-03-01_17_00_04.mp4,base_hourly,original hourly round-robin selection
431,18,post,true,MCs-13-and-14,13;14,2026-03-02,2026-03-05,post_dose_d_plus_3,17,00,exact_hh00,full_24_hours,bumblebox-18_2026-03-05_17_00_04,bumblebox-18,/media/august/Expansion/Behavioral-Entropy-Pesticide-Dosing-Exps/MCs-13-and-14/2026-03-05/bumblebox-18_2026-03-05_17_00_04.mp4,/tmp/bumblebox_hourly_primary_mc9_24_links/MCs-13-and-14/2026-03-05/bumblebox-18_2026-03-05_17_00_04.mp4,base_hourly,original hourly round-robin selection
432,18,post,true,MCs-15-and-16,15;16,2026-03-02,2026-03-05,post_dose_d_plus_3,17,00,exact_hh00,full_24_hours,bumblebox-15_2026-03-05_17_00_04,bumblebox-15,/media/august/Expansion/Behavioral-Entropy-Pesticide-Dosing-Exps/MCs-15-and-16/2026-03-05/bumblebox-15_2026-03-05_17_00_04.mp4,/tmp/bumblebox_hourly_primary_mc9_24_links/MCs-15-and-16/2026-03-05/bumblebox-15_2026-03-05_17_00_04.mp4,base_hourly,original hourly round-robin selection
433,18,pre,true,MCs-17-and-18,17;18,2026-03-16,2026-03-15,pre_dose_d_minus_1,17,00,exact_hh00,full_24_hours,bumblebox-9_2026-03-15_17_00_02,bumblebox-9,/media/august/Expansion/Behavioral-Entropy-Pesticide-Dosing-Exps/MCs-17-and-18/2026-03-15/bumblebox-9_2026-03-15_17_00_02.mp4,/tmp/bumblebox_hourly_primary_mc9_24_links/MCs-17-and-18/2026-03-15/bumblebox-9_2026-03-15_17_00_02.mp4,base_hourly,original hourly round-robin selection
434,18,pre,true,MCs-17-and-18,17;18,,2026-03-15,augmented_pre_exposure,17,30,augmented_extra,augmented,bumblebox-9_2026-03-15_17_30_03,bumblebox-9,/media/august/Expansion/Behavioral-Entropy-Pesticide-Dosing-Exps/MCs-17-and-18/2026-03-15/bumblebox-9_2026-03-15_17_30_03.mp4,,blur_compensation_10ppb,all available extra pre videos for MC17 to compensate blurry MC2 10ppb; MC16 has no pre source videos
435,18,post,true,MCs-17-and-18,17;18,2026-03-16,2026-03-19,post_dose_d_plus_3,17,00,exact_hh00,full_24_hours,bumblebox-9_2026-03-19_17_00_03,bumblebox-9,/media/august/Expansion/Behavioral-Entropy-Pesticide-Dosing-Exps/MCs-17-and-18/2026-03-19/bumblebox-9_2026-03-19_17_00_03.mp4,/tmp/bumblebox_hourly_primary_mc9_24_links/MCs-17-and-18/2026-03-19/bumblebox-9_2026-03-19_17_00_03.mp4,base_hourly,original hourly round-robin selection
436,18,pre,true,MCs-19-and-20,19;20,2026-03-16,2026-03-15,pre_dose_d_minus_1,17,00,exact_hh00,full_24_hours,bumblebox-19_2026-03-15_17_00_04,bumblebox-19,/media/august/Expansion/Behavioral-Entropy-Pesticide-Dosing-Exps/MCs-19-and-20/2026-03-15/bumblebox-19_2026-03-15_17_00_04.mp4,/tmp/bumblebox_hourly_primary_mc9_24_links/MCs-19-and-20/2026-03-15/bumblebox-19_2026-03-15_17_00_04.mp4,base_hourly,original hourly round-robin selection
437,18,post,true,MCs-19-and-20,19;20,2026-03-16,2026-03-19,post_dose_d_plus_3,17,00,exact_hh00,full_24_hours,bumblebox-19_2026-03-19_17_00_05,bumblebox-19,/media/august/Expansion/Behavioral-Entropy-Pesticide-Dosing-Exps/MCs-19-and-20/2026-03-19/bumblebox-19_2026-03-19_17_00_05.mp4,/tmp/bumblebox_hourly_primary_mc9_24_links/MCs-19-and-20/2026-03-19/bumblebox-19_2026-03-19_17_00_05.mp4,base_hourly,original hourly round-robin selection
438,18,pre,true,MCs-21-and-22,21;22,2026-03-16,2026-03-15,pre_dose_d_minus_1,17,00,exact_hh00,full_24_hours,bumblebox-18_2026-03-15_17_00_04,bumblebox-18,/media/august/Expansion/Behavioral-Entropy-Pesticide-Dosing-Exps/MCs-21-and-22/2026-03-15/bumblebox-18_2026-03-15_17_00_04.mp4,/tmp/bumblebox_hourly_primary_mc9_24_links/MCs-21-and-22/2026-03-15/bumblebox-18_2026-03-15_17_00_04.mp4,base_hourly,original hourly round-robin selection
439,18,post,true,MCs-21-and-22,21;22,2026-03-16,2026-03-18,post_dose_d_plus_2_substitute,17,00,exact_hh00,full_24_hours,bumblebox-18_2026-03-18_17_00_03,bumblebox-18,/media/august/Expansion/Behavioral-Entropy-Pesticide-Dosing-Exps/MCs-21-and-22/2026-03-18/bumblebox-18_2026-03-18_17_00_03.mp4,/tmp/bumblebox_hourly_primary_mc9_24_links/MCs-21-and-22/2026-03-18/bumblebox-18_2026-03-18_17_00_03.mp4,base_hourly,original hourly round-robin selection
440,18,pre,true,MCs-23-and-24,23;24,2026-03-16,2026-03-15,pre_dose_d_minus_1,17,00,exact_hh00,full_24_hours,bumblebox-15_2026-03-15_17_00_04,bumblebox-15,/media/august/Expansion/Behavioral-Entropy-Pesticide-Dosing-Exps/MCs-23-and-24/2026-03-15/bumblebox-15_2026-03-15_17_00_04.mp4,/tmp/bumblebox_hourly_primary_mc9_24_links/MCs-23-and-24/2026-03-15/bumblebox-15_2026-03-15_17_00_04.mp4,base_hourly,original hourly round-robin selection
441,18,post,true,MCs-23-and-24,23;24,2026-03-16,2026-03-19,post_dose_d_plus_3,17,00,exact_hh00,full_24_hours,bumblebox-15_2026-03-19_17_00_04,bumblebox-15,/media/august/Expansion/Behavioral-Entropy-Pesticide-Dosing-Exps/MCs-23-and-24/2026-03-19/bumblebox-15_2026-03-19_17_00_04.mp4,/tmp/bumblebox_hourly_primary_mc9_24_links/MCs-23-and-24/2026-03-19/bumblebox-15_2026-03-19_17_00_04.mp4,base_hourly,original hourly round-robin selection
442,19,pre,true,MCs-1-and-2,1;2,2026-02-23,2026-02-22,pre_exposure_folder,18,00,exact_hh00,partial_day,bumblebox-19_2026-02-22_18_00_03,bumblebox-19,/media/august/AutoPolls9/dose-curve-pesticide-data/MCs-1-and-2/pre-exposure/bumblebox-19_2026-02-22_18_00_03.mp4,/tmp/bumblebox_hourly_primary_mc1_8_explicit_links/MCs-1-and-2/pre/2026-02-22/bumblebox-19_2026-02-22_18_00_03.mp4,base_hourly,original hourly round-robin selection
443,19,post,true,MCs-1-and-2,1;2,2026-02-23,2026-02-26,post_exposure_folder,18,00,exact_hh00,full_24_hours,bumblebox-19_2026-02-26_18_00_04,bumblebox-19,/media/august/AutoPolls9/dose-curve-pesticide-data/MCs-1-and-2/post-exposure/bumblebox-19_2026-02-26_18_00_04.mp4,/tmp/bumblebox_hourly_primary_mc1_8_explicit_links/MCs-1-and-2/post/2026-02-26/bumblebox-19_2026-02-26_18_00_04.mp4,base_hourly,original hourly round-robin selection
444,19,pre,true,MCs-3-and-4,3;4,2026-02-23,2026-02-22,pre_exposure_folder,18,00,exact_hh00,full_24_hours,bumblebox-07_2026-02-22_18_00_03,bumblebox-07,/media/august/AutoPolls9/dose-curve-pesticide-data/MCs-3-and-4/pre-exposure/bumblebox-07_2026-02-22_18_00_03.mp4,/tmp/bumblebox_hourly_primary_mc1_8_explicit_links/MCs-3-and-4/pre/2026-02-22/bumblebox-07_2026-02-22_18_00_03.mp4,base_hourly,original hourly round-robin selection
445,19,post,true,MCs-3-and-4,3;4,2026-02-23,2026-02-26,post_exposure_folder,18,00,exact_hh00,full_24_hours,bumblebox-07_2026-02-26_18_00_03,bumblebox-07,/media/august/AutoPolls9/dose-curve-pesticide-data/MCs-3-and-4/post-exposure/bumblebox-07_2026-02-26_18_00_03.mp4,/tmp/bumblebox_hourly_primary_mc1_8_explicit_links/MCs-3-and-4/post/2026-02-26/bumblebox-07_2026-02-26_18_00_03.mp4,base_hourly,original hourly round-robin selection
446,19,pre,true,MCs-5-and-6,5;6,2026-02-23,2026-02-22,pre_exposure_folder,18,00,exact_hh00,partial_day,bumblebox-18_2026-02-22_18_00_04,bumblebox-18,/media/august/AutoPolls9/dose-curve-pesticide-data/MCs-5-and-6/pre-exposure/bumblebox-18_2026-02-22_18_00_04.mp4,/tmp/bumblebox_hourly_primary_mc1_8_explicit_links/MCs-5-and-6/pre/2026-02-22/bumblebox-18_2026-02-22_18_00_04.mp4,base_hourly,original hourly round-robin selection
447,19,pre,true,MCs-5-and-6,5;6,,2026-02-22,augmented_pre_exposure,18,10,augmented_extra,augmented,bumblebox-18_2026-02-22_18_10_03,bumblebox-18,/media/august/AutoPolls9/dose-curve-pesticide-data/MCs-5-and-6/pre-exposure/bumblebox-18_2026-02-22_18_10_03.mp4,,pre_fill_to_24_if_possible,fill MCs-5-and-6 pre from 4 toward 22 using non-hourly pre videos
448,19,pre,true,MCs-5-and-6,5;6,,2026-02-22,augmented_pre_exposure,18,20,augmented_extra,augmented,bumblebox-18_2026-02-22_18_20_03,bumblebox-18,/media/august/AutoPolls9/dose-curve-pesticide-data/MCs-5-and-6/pre-exposure/bumblebox-18_2026-02-22_18_20_03.mp4,,pre_fill_to_24_if_possible,fill MCs-5-and-6 pre from 4 toward 22 using non-hourly pre videos
449,19,pre,true,MCs-5-and-6,5;6,,2026-02-22,augmented_pre_exposure,18,30,augmented_extra,augmented,bumblebox-18_2026-02-22_18_30_05,bumblebox-18,/media/august/AutoPolls9/dose-curve-pesticide-data/MCs-5-and-6/pre-exposure/bumblebox-18_2026-02-22_18_30_05.mp4,,pre_fill_to_24_if_possible,fill MCs-5-and-6 pre from 4 toward 22 using non-hourly pre videos
450,19,pre,true,MCs-5-and-6,5;6,,2026-02-22,augmented_pre_exposure,18,40,augmented_extra,augmented,bumblebox-18_2026-02-22_18_40_03,bumblebox-18,/media/august/AutoPolls9/dose-curve-pesticide-data/MCs-5-and-6/pre-exposure/bumblebox-18_2026-02-22_18_40_03.mp4,,pre_fill_to_24_if_possible,fill MCs-5-and-6 pre from 4 toward 22 using non-hourly pre videos
451,19,pre,true,MCs-5-and-6,5;6,,2026-02-22,augmented_pre_exposure,18,50,augmented_extra,augmented,bumblebox-18_2026-02-22_18_50_03,bumblebox-18,/media/august/AutoPolls9/dose-curve-pesticide-data/MCs-5-and-6/pre-exposure/bumblebox-18_2026-02-22_18_50_03.mp4,,pre_fill_to_24_if_possible,fill MCs-5-and-6 pre from 4 toward 22 using non-hourly pre videos
452,19,post,true,MCs-5-and-6,5;6,2026-02-23,2026-02-26,post_exposure_folder,18,00,exact_hh00,full_24_hours,bumblebox-18_2026-02-26_18_00_04,bumblebox-18,/media/august/AutoPolls9/dose-curve-pesticide-data/MCs-5-and-6/post-exposure/bumblebox-18_2026-02-26_18_00_04.mp4,/tmp/bumblebox_hourly_primary_mc1_8_explicit_links/MCs-5-and-6/post/2026-02-26/bumblebox-18_2026-02-26_18_00_04.mp4,base_hourly,original hourly round-robin selection
453,19,pre,true,MCs-7-and-8,7;8,2026-02-23,2026-02-22,pre_exposure_folder,18,00,exact_hh00,partial_day,bumblebox-15_2026-02-22_18_00_03,bumblebox-15,/media/august/AutoPolls9/dose-curve-pesticide-data/MCs-7-and-8/pre-exposure/bumblebox-15_2026-02-22_18_00_03.mp4,/tmp/bumblebox_hourly_primary_mc1_8_explicit_links/MCs-7-and-8/pre/2026-02-22/bumblebox-15_2026-02-22_18_00_03.mp4,base_hourly,original hourly round-robin selection
454,19,pre,true,MCs-7-and-8,7;8,,2026-02-22,augmented_pre_exposure,18,20,augmented_extra,augmented,bumblebox-15_2026-02-22_18_20_03,bumblebox-15,/media/august/AutoPolls9/dose-curve-pesticide-data/MCs-7-and-8/pre-exposure/bumblebox-15_2026-02-22_18_20_03.mp4,,pre_fill_to_24_if_possible,fill MCs-7-and-8 pre from 7 toward 24 using non-hourly pre videos
455,19,pre,true,MCs-7-and-8,7;8,,2026-02-22,augmented_pre_exposure,18,40,augmented_extra,augmented,bumblebox-15_2026-02-22_18_40_03,bumblebox-15,/media/august/AutoPolls9/dose-curve-pesticide-data/MCs-7-and-8/pre-exposure/bumblebox-15_2026-02-22_18_40_03.mp4,,pre_fill_to_24_if_possible,fill MCs-7-and-8 pre from 7 toward 24 using non-hourly pre videos
456,19,post,true,MCs-7-and-8,7;8,2026-02-23,2026-02-26,post_exposure_folder,18,00,exact_hh00,full_24_hours,bumblebox-15_2026-02-26_18_00_03,bumblebox-15,/media/august/AutoPolls9/dose-curve-pesticide-data/MCs-7-and-8/post-exposure/bumblebox-15_2026-02-26_18_00_03.mp4,/tmp/bumblebox_hourly_primary_mc1_8_explicit_links/MCs-7-and-8/post/2026-02-26/bumblebox-15_2026-02-26_18_00_03.mp4,base_hourly,original hourly round-robin selection
457,19,pre,true,MCs-9-and-10,9;10,2026-03-02,2026-03-01,pre_dose_d_minus_1,18,00,exact_hh00,full_24_hours,bumblebox-07_2026-03-01_18_00_03,bumblebox-07,/media/august/Expansion/Behavioral-Entropy-Pesticide-Dosing-Exps/MCs-9-and-10/2026-03-01/bumblebox-07_2026-03-01_18_00_03.mp4,/tmp/bumblebox_hourly_primary_mc9_24_links/MCs-9-and-10/2026-03-01/bumblebox-07_2026-03-01_18_00_03.mp4,base_hourly,original hourly round-robin selection
458,19,post,true,MCs-9-and-10,9;10,2026-03-02,2026-03-05,post_dose_d_plus_3,18,00,exact_hh00,full_24_hours,bumblebox-07_2026-03-05_18_00_03,bumblebox-07,/media/august/Expansion/Behavioral-Entropy-Pesticide-Dosing-Exps/MCs-9-and-10/2026-03-05/bumblebox-07_2026-03-05_18_00_03.mp4,/tmp/bumblebox_hourly_primary_mc9_24_links/MCs-9-and-10/2026-03-05/bumblebox-07_2026-03-05_18_00_03.mp4,base_hourly,original hourly round-robin selection
459,19,post,true,MCs-11-and-12,11;12,2026-03-02,2026-03-05,post_dose_d_plus_3,18,00,exact_hh00,partial_day,bumblebox-19_2026-03-05_18_00_04,bumblebox-19,/media/august/Expansion/Behavioral-Entropy-Pesticide-Dosing-Exps/MCs-11-and-12/2026-03-05/bumblebox-19_2026-03-05_18_00_04.mp4,/tmp/bumblebox_hourly_primary_mc9_24_links/MCs-11-and-12/2026-03-05/bumblebox-19_2026-03-05_18_00_04.mp4,base_hourly,original hourly round-robin selection
460,19,pre,true,MCs-13-and-14,13;14,2026-03-02,2026-03-01,pre_dose_d_minus_1,18,00,exact_hh00,full_24_hours,bumblebox-18_2026-03-01_18_00_04,bumblebox-18,/media/august/Expansion/Behavioral-Entropy-Pesticide-Dosing-Exps/MCs-13-and-14/2026-03-01/bumblebox-18_2026-03-01_18_00_04.mp4,/tmp/bumblebox_hourly_primary_mc9_24_links/MCs-13-and-14/2026-03-01/bumblebox-18_2026-03-01_18_00_04.mp4,base_hourly,original hourly round-robin selection
461,19,pre,true,MCs-13-and-14,13;14,,2026-03-01,augmented_pre_exposure,18,30,augmented_extra,augmented,bumblebox-18_2026-03-01_18_30_04,bumblebox-18,/media/august/Expansion/Behavioral-Entropy-Pesticide-Dosing-Exps/MCs-13-and-14/2026-03-01/bumblebox-18_2026-03-01_18_30_04.mp4,,blur_compensation_0.5ppb,extra pre videos for MC14 to compensate blurry MC1 0.5ppb
462,19,post,true,MCs-13-and-14,13;14,2026-03-02,2026-03-05,post_dose_d_plus_3,18,00,exact_hh00,full_24_hours,bumblebox-18_2026-03-05_18_00_03,bumblebox-18,/media/august/Expansion/Behavioral-Entropy-Pesticide-Dosing-Exps/MCs-13-and-14/2026-03-05/bumblebox-18_2026-03-05_18_00_03.mp4,/tmp/bumblebox_hourly_primary_mc9_24_links/MCs-13-and-14/2026-03-05/bumblebox-18_2026-03-05_18_00_03.mp4,base_hourly,original hourly round-robin selection
463,19,post,true,MCs-13-and-14,13;14,2026-03-02,2026-03-05,post_dose_d_plus_3,18,30,augmented_extra,augmented,bumblebox-18_2026-03-05_18_30_04,bumblebox-18,/media/august/Expansion/Behavioral-Entropy-Pesticide-Dosing-Exps/MCs-13-and-14/2026-03-05/bumblebox-18_2026-03-05_18_30_04.mp4,,post_compensate_blurry_mc1_2,post compensation for blurry MC1/2: MC14 matches MC1 0.5ppb
464,19,post,true,MCs-15-and-16,15;16,2026-03-02,2026-03-05,post_dose_d_plus_3,18,00,exact_hh00,full_24_hours,bumblebox-15_2026-03-05_18_00_03,bumblebox-15,/media/august/Expansion/Behavioral-Entropy-Pesticide-Dosing-Exps/MCs-15-and-16/2026-03-05/bumblebox-15_2026-03-05_18_00_03.mp4,/tmp/bumblebox_hourly_primary_mc9_24_links/MCs-15-and-16/2026-03-05/bumblebox-15_2026-03-05_18_00_03.mp4,base_hourly,original hourly round-robin selection
465,19,post,true,MCs-15-and-16,15;16,2026-03-02,2026-03-05,post_dose_d_plus_3,18,30,augmented_extra,augmented,bumblebox-15_2026-03-05_18_30_04,bumblebox-15,/media/august/Expansion/Behavioral-Entropy-Pesticide-Dosing-Exps/MCs-15-and-16/2026-03-05/bumblebox-15_2026-03-05_18_30_04.mp4,,post_compensate_blurry_mc1_2,post compensation for blurry MC1/2: MC16 matches MC2 10ppb
466,19,pre,true,MCs-17-and-18,17;18,2026-03-16,2026-03-15,pre_dose_d_minus_1,18,00,exact_hh00,full_24_hours,bumblebox-9_2026-03-15_18_00_04,bumblebox-9,/media/august/Expansion/Behavioral-Entropy-Pesticide-Dosing-Exps/MCs-17-and-18/2026-03-15/bumblebox-9_2026-03-15_18_00_04.mp4,/tmp/bumblebox_hourly_primary_mc9_24_links/MCs-17-and-18/2026-03-15/bumblebox-9_2026-03-15_18_00_04.mp4,base_hourly,original hourly round-robin selection
467,19,pre,true,MCs-17-and-18,17;18,,2026-03-15,augmented_pre_exposure,18,30,augmented_extra,augmented,bumblebox-9_2026-03-15_18_30_02,bumblebox-9,/media/august/Expansion/Behavioral-Entropy-Pesticide-Dosing-Exps/MCs-17-and-18/2026-03-15/bumblebox-9_2026-03-15_18_30_02.mp4,,blur_compensation_10ppb,all available extra pre videos for MC17 to compensate blurry MC2 10ppb; MC16 has no pre source videos
468,19,post,true,MCs-17-and-18,17;18,2026-03-16,2026-03-19,post_dose_d_plus_3,18,00,exact_hh00,full_24_hours,bumblebox-9_2026-03-19_18_00_04,bumblebox-9,/media/august/Expansion/Behavioral-Entropy-Pesticide-Dosing-Exps/MCs-17-and-18/2026-03-19/bumblebox-9_2026-03-19_18_00_04.mp4,/tmp/bumblebox_hourly_primary_mc9_24_links/MCs-17-and-18/2026-03-19/bumblebox-9_2026-03-19_18_00_04.mp4,base_hourly,original hourly round-robin selection
469,19,post,true,MCs-17-and-18,17;18,2026-03-16,2026-03-19,post_dose_d_plus_3,18,30,augmented_extra,augmented,bumblebox-9_2026-03-19_18_30_04,bumblebox-9,/media/august/Expansion/Behavioral-Entropy-Pesticide-Dosing-Exps/MCs-17-and-18/2026-03-19/bumblebox-9_2026-03-19_18_30_04.mp4,,post_compensate_blurry_mc1_2,post compensation for blurry MC1/2: MC17 matches MC2 10ppb
470,19,pre,true,MCs-19-and-20,19;20,2026-03-16,2026-03-15,pre_dose_d_minus_1,18,00,exact_hh00,full_24_hours,bumblebox-19_2026-03-15_18_00_05,bumblebox-19,/media/august/Expansion/Behavioral-Entropy-Pesticide-Dosing-Exps/MCs-19-and-20/2026-03-15/bumblebox-19_2026-03-15_18_00_05.mp4,/tmp/bumblebox_hourly_primary_mc9_24_links/MCs-19-and-20/2026-03-15/bumblebox-19_2026-03-15_18_00_05.mp4,base_hourly,original hourly round-robin selection
471,19,post,true,MCs-19-and-20,19;20,2026-03-16,2026-03-19,post_dose_d_plus_3,18,00,exact_hh00,full_24_hours,bumblebox-19_2026-03-19_18_00_03,bumblebox-19,/media/august/Expansion/Behavioral-Entropy-Pesticide-Dosing-Exps/MCs-19-and-20/2026-03-19/bumblebox-19_2026-03-19_18_00_03.mp4,/tmp/bumblebox_hourly_primary_mc9_24_links/MCs-19-and-20/2026-03-19/bumblebox-19_2026-03-19_18_00_03.mp4,base_hourly,original hourly round-robin selection
472,19,pre,true,MCs-21-and-22,21;22,2026-03-16,2026-03-15,pre_dose_d_minus_1,18,00,exact_hh00,full_24_hours,bumblebox-18_2026-03-15_18_00_04,bumblebox-18,/media/august/Expansion/Behavioral-Entropy-Pesticide-Dosing-Exps/MCs-21-and-22/2026-03-15/bumblebox-18_2026-03-15_18_00_04.mp4,/tmp/bumblebox_hourly_primary_mc9_24_links/MCs-21-and-22/2026-03-15/bumblebox-18_2026-03-15_18_00_04.mp4,base_hourly,original hourly round-robin selection
473,19,pre,true,MCs-21-and-22,21;22,,2026-03-15,augmented_pre_exposure,18,30,augmented_extra,augmented,bumblebox-18_2026-03-15_18_30_04,bumblebox-18,/media/august/Expansion/Behavioral-Entropy-Pesticide-Dosing-Exps/MCs-21-and-22/2026-03-15/bumblebox-18_2026-03-15_18_30_04.mp4,,blur_compensation_0.5ppb,extra pre videos for MC21 to compensate blurry MC1 0.5ppb
474,19,post,true,MCs-21-and-22,21;22,2026-03-16,2026-03-18,post_dose_d_plus_2_substitute,18,00,exact_hh00,full_24_hours,bumblebox-18_2026-03-18_18_00_04,bumblebox-18,/media/august/Expansion/Behavioral-Entropy-Pesticide-Dosing-Exps/MCs-21-and-22/2026-03-18/bumblebox-18_2026-03-18_18_00_04.mp4,/tmp/bumblebox_hourly_primary_mc9_24_links/MCs-21-and-22/2026-03-18/bumblebox-18_2026-03-18_18_00_04.mp4,base_hourly,original hourly round-robin selection
475,19,post,true,MCs-21-and-22,21;22,2026-03-16,2026-03-18,post_dose_d_plus_2_substitute,18,30,augmented_extra,augmented,bumblebox-18_2026-03-18_18_30_05,bumblebox-18,/media/august/Expansion/Behavioral-Entropy-Pesticide-Dosing-Exps/MCs-21-and-22/2026-03-18/bumblebox-18_2026-03-18_18_30_05.mp4,,post_compensate_blurry_mc1_2,post compensation for blurry MC1/2: MC21 matches MC1 0.5ppb
476,19,pre,true,MCs-23-and-24,23;24,2026-03-16,2026-03-15,pre_dose_d_minus_1,18,00,exact_hh00,full_24_hours,bumblebox-15_2026-03-15_18_00_03,bumblebox-15,/media/august/Expansion/Behavioral-Entropy-Pesticide-Dosing-Exps/MCs-23-and-24/2026-03-15/bumblebox-15_2026-03-15_18_00_03.mp4,/tmp/bumblebox_hourly_primary_mc9_24_links/MCs-23-and-24/2026-03-15/bumblebox-15_2026-03-15_18_00_03.mp4,base_hourly,original hourly round-robin selection
477,19,post,true,MCs-23-and-24,23;24,2026-03-16,2026-03-19,post_dose_d_plus_3,18,00,exact_hh00,full_24_hours,bumblebox-15_2026-03-19_18_00_03,bumblebox-15,/media/august/Expansion/Behavioral-Entropy-Pesticide-Dosing-Exps/MCs-23-and-24/2026-03-19/bumblebox-15_2026-03-19_18_00_03.mp4,/tmp/bumblebox_hourly_primary_mc9_24_links/MCs-23-and-24/2026-03-19/bumblebox-15_2026-03-19_18_00_03.mp4,base_hourly,original hourly round-robin selection
478,20,pre,true,MCs-1-and-2,1;2,2026-02-23,2026-02-22,pre_exposure_folder,19,00,exact_hh00,partial_day,bumblebox-19_2026-02-22_19_00_03,bumblebox-19,/media/august/AutoPolls9/dose-curve-pesticide-data/MCs-1-and-2/pre-exposure/bumblebox-19_2026-02-22_19_00_03.mp4,/tmp/bumblebox_hourly_primary_mc1_8_explicit_links/MCs-1-and-2/pre/2026-02-22/bumblebox-19_2026-02-22_19_00_03.mp4,base_hourly,original hourly round-robin selection
479,20,pre,true,MCs-1-and-2,1;2,,2026-02-22,augmented_pre_exposure,19,30,augmented_extra,augmented,bumblebox-19_2026-02-22_19_30_05,bumblebox-19,/media/august/AutoPolls9/dose-curve-pesticide-data/MCs-1-and-2/pre-exposure/bumblebox-19_2026-02-22_19_30_05.mp4,,pre_fill_to_24_if_possible,fill MCs-1-and-2 pre from 16 toward 24 using non-hourly pre videos
480,20,post,true,MCs-1-and-2,1;2,2026-02-23,2026-02-26,post_exposure_folder,19,00,exact_hh00,full_24_hours,bumblebox-19_2026-02-26_19_00_04,bumblebox-19,/media/august/AutoPolls9/dose-curve-pesticide-data/MCs-1-and-2/post-exposure/bumblebox-19_2026-02-26_19_00_04.mp4,/tmp/bumblebox_hourly_primary_mc1_8_explicit_links/MCs-1-and-2/post/2026-02-26/bumblebox-19_2026-02-26_19_00_04.mp4,base_hourly,original hourly round-robin selection
481,20,pre,true,MCs-3-and-4,3;4,2026-02-23,2026-02-22,pre_exposure_folder,19,00,exact_hh00,full_24_hours,bumblebox-07_2026-02-22_19_00_03,bumblebox-07,/media/august/AutoPolls9/dose-curve-pesticide-data/MCs-3-and-4/pre-exposure/bumblebox-07_2026-02-22_19_00_03.mp4,/tmp/bumblebox_hourly_primary_mc1_8_explicit_links/MCs-3-and-4/pre/2026-02-22/bumblebox-07_2026-02-22_19_00_03.mp4,base_hourly,original hourly round-robin selection
482,20,post,true,MCs-3-and-4,3;4,2026-02-23,2026-02-26,post_exposure_folder,19,00,exact_hh00,full_24_hours,bumblebox-07_2026-02-26_19_00_03,bumblebox-07,/media/august/AutoPolls9/dose-curve-pesticide-data/MCs-3-and-4/post-exposure/bumblebox-07_2026-02-26_19_00_03.mp4,/tmp/bumblebox_hourly_primary_mc1_8_explicit_links/MCs-3-and-4/post/2026-02-26/bumblebox-07_2026-02-26_19_00_03.mp4,base_hourly,original hourly round-robin selection
483,20,pre,true,MCs-5-and-6,5;6,2026-02-23,2026-02-22,pre_exposure_folder,19,00,exact_hh00,partial_day,bumblebox-18_2026-02-22_19_00_03,bumblebox-18,/media/august/AutoPolls9/dose-curve-pesticide-data/MCs-5-and-6/pre-exposure/bumblebox-18_2026-02-22_19_00_03.mp4,/tmp/bumblebox_hourly_primary_mc1_8_explicit_links/MCs-5-and-6/pre/2026-02-22/bumblebox-18_2026-02-22_19_00_03.mp4,base_hourly,original hourly round-robin selection
484,20,pre,true,MCs-5-and-6,5;6,,2026-02-22,augmented_pre_exposure,19,10,augmented_extra,augmented,bumblebox-18_2026-02-22_19_10_03,bumblebox-18,/media/august/AutoPolls9/dose-curve-pesticide-data/MCs-5-and-6/pre-exposure/bumblebox-18_2026-02-22_19_10_03.mp4,,pre_fill_to_24_if_possible,fill MCs-5-and-6 pre from 4 toward 22 using non-hourly pre videos
485,20,pre,true,MCs-5-and-6,5;6,,2026-02-22,augmented_pre_exposure,19,20,augmented_extra,augmented,bumblebox-18_2026-02-22_19_20_03,bumblebox-18,/media/august/AutoPolls9/dose-curve-pesticide-data/MCs-5-and-6/pre-exposure/bumblebox-18_2026-02-22_19_20_03.mp4,,pre_fill_to_24_if_possible,fill MCs-5-and-6 pre from 4 toward 22 using non-hourly pre videos
486,20,pre,true,MCs-5-and-6,5;6,,2026-02-22,augmented_pre_exposure,19,30,augmented_extra,augmented,bumblebox-18_2026-02-22_19_30_03,bumblebox-18,/media/august/AutoPolls9/dose-curve-pesticide-data/MCs-5-and-6/pre-exposure/bumblebox-18_2026-02-22_19_30_03.mp4,,pre_fill_to_24_if_possible,fill MCs-5-and-6 pre from 4 toward 22 using non-hourly pre videos
487,20,pre,true,MCs-5-and-6,5;6,,2026-02-22,augmented_pre_exposure,19,40,augmented_extra,augmented,bumblebox-18_2026-02-22_19_40_06,bumblebox-18,/media/august/AutoPolls9/dose-curve-pesticide-data/MCs-5-and-6/pre-exposure/bumblebox-18_2026-02-22_19_40_06.mp4,,pre_fill_to_24_if_possible,fill MCs-5-and-6 pre from 4 toward 22 using non-hourly pre videos
488,20,pre,true,MCs-5-and-6,5;6,,2026-02-22,augmented_pre_exposure,19,50,augmented_extra,augmented,bumblebox-18_2026-02-22_19_50_03,bumblebox-18,/media/august/AutoPolls9/dose-curve-pesticide-data/MCs-5-and-6/pre-exposure/bumblebox-18_2026-02-22_19_50_03.mp4,,pre_fill_to_24_if_possible,fill MCs-5-and-6 pre from 4 toward 22 using non-hourly pre videos
489,20,post,true,MCs-5-and-6,5;6,2026-02-23,2026-02-26,post_exposure_folder,19,00,exact_hh00,full_24_hours,bumblebox-18_2026-02-26_19_00_04,bumblebox-18,/media/august/AutoPolls9/dose-curve-pesticide-data/MCs-5-and-6/post-exposure/bumblebox-18_2026-02-26_19_00_04.mp4,/tmp/bumblebox_hourly_primary_mc1_8_explicit_links/MCs-5-and-6/post/2026-02-26/bumblebox-18_2026-02-26_19_00_04.mp4,base_hourly,original hourly round-robin selection
490,20,pre,true,MCs-7-and-8,7;8,2026-02-23,2026-02-22,pre_exposure_folder,19,00,exact_hh00,partial_day,bumblebox-15_2026-02-22_19_00_03,bumblebox-15,/media/august/AutoPolls9/dose-curve-pesticide-data/MCs-7-and-8/pre-exposure/bumblebox-15_2026-02-22_19_00_03.mp4,/tmp/bumblebox_hourly_primary_mc1_8_explicit_links/MCs-7-and-8/pre/2026-02-22/bumblebox-15_2026-02-22_19_00_03.mp4,base_hourly,original hourly round-robin selection
491,20,pre,true,MCs-7-and-8,7;8,,2026-02-22,augmented_pre_exposure,19,10,augmented_extra,augmented,bumblebox-15_2026-02-22_19_10_02,bumblebox-15,/media/august/AutoPolls9/dose-curve-pesticide-data/MCs-7-and-8/pre-exposure/bumblebox-15_2026-02-22_19_10_02.mp4,,pre_fill_to_24_if_possible,fill MCs-7-and-8 pre from 7 toward 24 using non-hourly pre videos
492,20,pre,true,MCs-7-and-8,7;8,,2026-02-22,augmented_pre_exposure,19,30,augmented_extra,augmented,bumblebox-15_2026-02-22_19_30_03,bumblebox-15,/media/august/AutoPolls9/dose-curve-pesticide-data/MCs-7-and-8/pre-exposure/bumblebox-15_2026-02-22_19_30_03.mp4,,pre_fill_to_24_if_possible,fill MCs-7-and-8 pre from 7 toward 24 using non-hourly pre videos
493,20,pre,true,MCs-7-and-8,7;8,,2026-02-22,augmented_pre_exposure,19,50,augmented_extra,augmented,bumblebox-15_2026-02-22_19_50_03,bumblebox-15,/media/august/AutoPolls9/dose-curve-pesticide-data/MCs-7-and-8/pre-exposure/bumblebox-15_2026-02-22_19_50_03.mp4,,pre_fill_to_24_if_possible,fill MCs-7-and-8 pre from 7 toward 24 using non-hourly pre videos
494,20,post,true,MCs-7-and-8,7;8,2026-02-23,2026-02-26,post_exposure_folder,19,00,exact_hh00,full_24_hours,bumblebox-15_2026-02-26_19_00_03,bumblebox-15,/media/august/AutoPolls9/dose-curve-pesticide-data/MCs-7-and-8/post-exposure/bumblebox-15_2026-02-26_19_00_03.mp4,/tmp/bumblebox_hourly_primary_mc1_8_explicit_links/MCs-7-and-8/post/2026-02-26/bumblebox-15_2026-02-26_19_00_03.mp4,base_hourly,original hourly round-robin selection
495,20,pre,true,MCs-9-and-10,9;10,2026-03-02,2026-03-01,pre_dose_d_minus_1,19,00,exact_hh00,full_24_hours,bumblebox-07_2026-03-01_19_00_03,bumblebox-07,/media/august/Expansion/Behavioral-Entropy-Pesticide-Dosing-Exps/MCs-9-and-10/2026-03-01/bumblebox-07_2026-03-01_19_00_03.mp4,/tmp/bumblebox_hourly_primary_mc9_24_links/MCs-9-and-10/2026-03-01/bumblebox-07_2026-03-01_19_00_03.mp4,base_hourly,original hourly round-robin selection
496,20,post,true,MCs-9-and-10,9;10,2026-03-02,2026-03-05,post_dose_d_plus_3,19,00,exact_hh00,full_24_hours,bumblebox-07_2026-03-05_19_00_03,bumblebox-07,/media/august/Expansion/Behavioral-Entropy-Pesticide-Dosing-Exps/MCs-9-and-10/2026-03-05/bumblebox-07_2026-03-05_19_00_03.mp4,/tmp/bumblebox_hourly_primary_mc9_24_links/MCs-9-and-10/2026-03-05/bumblebox-07_2026-03-05_19_00_03.mp4,base_hourly,original hourly round-robin selection
497,20,post,true,MCs-11-and-12,11;12,2026-03-02,2026-03-05,post_dose_d_plus_3,19,00,exact_hh00,partial_day,bumblebox-19_2026-03-05_19_00_03,bumblebox-19,/media/august/Expansion/Behavioral-Entropy-Pesticide-Dosing-Exps/MCs-11-and-12/2026-03-05/bumblebox-19_2026-03-05_19_00_03.mp4,/tmp/bumblebox_hourly_primary_mc9_24_links/MCs-11-and-12/2026-03-05/bumblebox-19_2026-03-05_19_00_03.mp4,base_hourly,original hourly round-robin selection
498,20,pre,true,MCs-13-and-14,13;14,2026-03-02,2026-03-01,pre_dose_d_minus_1,19,00,exact_hh00,full_24_hours,bumblebox-18_2026-03-01_19_00_03,bumblebox-18,/media/august/Expansion/Behavioral-Entropy-Pesticide-Dosing-Exps/MCs-13-and-14/2026-03-01/bumblebox-18_2026-03-01_19_00_03.mp4,/tmp/bumblebox_hourly_primary_mc9_24_links/MCs-13-and-14/2026-03-01/bumblebox-18_2026-03-01_19_00_03.mp4,base_hourly,original hourly round-robin selection
499,20,post,true,MCs-13-and-14,13;14,2026-03-02,2026-03-05,post_dose_d_plus_3,19,00,exact_hh00,full_24_hours,bumblebox-18_2026-03-05_19_00_04,bumblebox-18,/media/august/Expansion/Behavioral-Entropy-Pesticide-Dosing-Exps/MCs-13-and-14/2026-03-05/bumblebox-18_2026-03-05_19_00_04.mp4,/tmp/bumblebox_hourly_primary_mc9_24_links/MCs-13-and-14/2026-03-05/bumblebox-18_2026-03-05_19_00_04.mp4,base_hourly,original hourly round-robin selection
500,20,post,true,MCs-15-and-16,15;16,2026-03-02,2026-03-05,post_dose_d_plus_3,19,00,exact_hh00,full_24_hours,bumblebox-15_2026-03-05_19_00_04,bumblebox-15,/media/august/Expansion/Behavioral-Entropy-Pesticide-Dosing-Exps/MCs-15-and-16/2026-03-05/bumblebox-15_2026-03-05_19_00_04.mp4,/tmp/bumblebox_hourly_primary_mc9_24_links/MCs-15-and-16/2026-03-05/bumblebox-15_2026-03-05_19_00_04.mp4,base_hourly,original hourly round-robin selection
501,20,pre,true,MCs-17-and-18,17;18,2026-03-16,2026-03-15,pre_dose_d_minus_1,19,00,exact_hh00,full_24_hours,bumblebox-9_2026-03-15_19_00_03,bumblebox-9,/media/august/Expansion/Behavioral-Entropy-Pesticide-Dosing-Exps/MCs-17-and-18/2026-03-15/bumblebox-9_2026-03-15_19_00_03.mp4,/tmp/bumblebox_hourly_primary_mc9_24_links/MCs-17-and-18/2026-03-15/bumblebox-9_2026-03-15_19_00_03.mp4,base_hourly,original hourly round-robin selection
502,20,pre,true,MCs-17-and-18,17;18,,2026-03-15,augmented_pre_exposure,19,30,augmented_extra,augmented,bumblebox-9_2026-03-15_19_30_03,bumblebox-9,/media/august/Expansion/Behavioral-Entropy-Pesticide-Dosing-Exps/MCs-17-and-18/2026-03-15/bumblebox-9_2026-03-15_19_30_03.mp4,,blur_compensation_10ppb,all available extra pre videos for MC17 to compensate blurry MC2 10ppb; MC16 has no pre source videos
503,20,post,true,MCs-17-and-18,17;18,2026-03-16,2026-03-19,post_dose_d_plus_3,19,00,exact_hh00,full_24_hours,bumblebox-9_2026-03-19_19_00_04,bumblebox-9,/media/august/Expansion/Behavioral-Entropy-Pesticide-Dosing-Exps/MCs-17-and-18/2026-03-19/bumblebox-9_2026-03-19_19_00_04.mp4,/tmp/bumblebox_hourly_primary_mc9_24_links/MCs-17-and-18/2026-03-19/bumblebox-9_2026-03-19_19_00_04.mp4,base_hourly,original hourly round-robin selection
504,20,pre,true,MCs-19-and-20,19;20,2026-03-16,2026-03-15,pre_dose_d_minus_1,19,00,exact_hh00,full_24_hours,bumblebox-19_2026-03-15_19_00_05,bumblebox-19,/media/august/Expansion/Behavioral-Entropy-Pesticide-Dosing-Exps/MCs-19-and-20/2026-03-15/bumblebox-19_2026-03-15_19_00_05.mp4,/tmp/bumblebox_hourly_primary_mc9_24_links/MCs-19-and-20/2026-03-15/bumblebox-19_2026-03-15_19_00_05.mp4,base_hourly,original hourly round-robin selection
505,20,post,true,MCs-19-and-20,19;20,2026-03-16,2026-03-19,post_dose_d_plus_3,19,00,exact_hh00,full_24_hours,bumblebox-19_2026-03-19_19_00_06,bumblebox-19,/media/august/Expansion/Behavioral-Entropy-Pesticide-Dosing-Exps/MCs-19-and-20/2026-03-19/bumblebox-19_2026-03-19_19_00_06.mp4,/tmp/bumblebox_hourly_primary_mc9_24_links/MCs-19-and-20/2026-03-19/bumblebox-19_2026-03-19_19_00_06.mp4,base_hourly,original hourly round-robin selection
506,20,pre,true,MCs-21-and-22,21;22,2026-03-16,2026-03-15,pre_dose_d_minus_1,19,00,exact_hh00,full_24_hours,bumblebox-18_2026-03-15_19_00_04,bumblebox-18,/media/august/Expansion/Behavioral-Entropy-Pesticide-Dosing-Exps/MCs-21-and-22/2026-03-15/bumblebox-18_2026-03-15_19_00_04.mp4,/tmp/bumblebox_hourly_primary_mc9_24_links/MCs-21-and-22/2026-03-15/bumblebox-18_2026-03-15_19_00_04.mp4,base_hourly,original hourly round-robin selection
507,20,post,true,MCs-21-and-22,21;22,2026-03-16,2026-03-18,post_dose_d_plus_2_substitute,19,00,exact_hh00,full_24_hours,bumblebox-18_2026-03-18_19_00_03,bumblebox-18,/media/august/Expansion/Behavioral-Entropy-Pesticide-Dosing-Exps/MCs-21-and-22/2026-03-18/bumblebox-18_2026-03-18_19_00_03.mp4,/tmp/bumblebox_hourly_primary_mc9_24_links/MCs-21-and-22/2026-03-18/bumblebox-18_2026-03-18_19_00_03.mp4,base_hourly,original hourly round-robin selection
508,20,pre,true,MCs-23-and-24,23;24,2026-03-16,2026-03-15,pre_dose_d_minus_1,19,00,exact_hh00,full_24_hours,bumblebox-15_2026-03-15_19_00_03,bumblebox-15,/media/august/Expansion/Behavioral-Entropy-Pesticide-Dosing-Exps/MCs-23-and-24/2026-03-15/bumblebox-15_2026-03-15_19_00_03.mp4,/tmp/bumblebox_hourly_primary_mc9_24_links/MCs-23-and-24/2026-03-15/bumblebox-15_2026-03-15_19_00_03.mp4,base_hourly,original hourly round-robin selection
509,20,post,true,MCs-23-and-24,23;24,2026-03-16,2026-03-19,post_dose_d_plus_3,19,00,exact_hh00,full_24_hours,bumblebox-15_2026-03-19_19_00_03,bumblebox-15,/media/august/Expansion/Behavioral-Entropy-Pesticide-Dosing-Exps/MCs-23-and-24/2026-03-19/bumblebox-15_2026-03-19_19_00_03.mp4,/tmp/bumblebox_hourly_primary_mc9_24_links/MCs-23-and-24/2026-03-19/bumblebox-15_2026-03-19_19_00_03.mp4,base_hourly,original hourly round-robin selection
510,21,pre,true,MCs-1-and-2,1;2,2026-02-23,2026-02-22,pre_exposure_folder,20,00,exact_hh00,partial_day,bumblebox-19_2026-02-22_20_00_03,bumblebox-19,/media/august/AutoPolls9/dose-curve-pesticide-data/MCs-1-and-2/pre-exposure/bumblebox-19_2026-02-22_20_00_03.mp4,/tmp/bumblebox_hourly_primary_mc1_8_explicit_links/MCs-1-and-2/pre/2026-02-22/bumblebox-19_2026-02-22_20_00_03.mp4,base_hourly,original hourly round-robin selection
511,21,post,true,MCs-1-and-2,1;2,2026-02-23,2026-02-26,post_exposure_folder,20,00,exact_hh00,full_24_hours,bumblebox-19_2026-02-26_20_00_05,bumblebox-19,/media/august/AutoPolls9/dose-curve-pesticide-data/MCs-1-and-2/post-exposure/bumblebox-19_2026-02-26_20_00_05.mp4,/tmp/bumblebox_hourly_primary_mc1_8_explicit_links/MCs-1-and-2/post/2026-02-26/bumblebox-19_2026-02-26_20_00_05.mp4,base_hourly,original hourly round-robin selection
512,21,pre,true,MCs-3-and-4,3;4,2026-02-23,2026-02-22,pre_exposure_folder,20,00,exact_hh00,full_24_hours,bumblebox-07_2026-02-22_20_00_03,bumblebox-07,/media/august/AutoPolls9/dose-curve-pesticide-data/MCs-3-and-4/pre-exposure/bumblebox-07_2026-02-22_20_00_03.mp4,/tmp/bumblebox_hourly_primary_mc1_8_explicit_links/MCs-3-and-4/pre/2026-02-22/bumblebox-07_2026-02-22_20_00_03.mp4,base_hourly,original hourly round-robin selection
513,21,post,true,MCs-3-and-4,3;4,2026-02-23,2026-02-26,post_exposure_folder,20,00,exact_hh00,full_24_hours,bumblebox-07_2026-02-26_20_00_03,bumblebox-07,/media/august/AutoPolls9/dose-curve-pesticide-data/MCs-3-and-4/post-exposure/bumblebox-07_2026-02-26_20_00_03.mp4,/tmp/bumblebox_hourly_primary_mc1_8_explicit_links/MCs-3-and-4/post/2026-02-26/bumblebox-07_2026-02-26_20_00_03.mp4,base_hourly,original hourly round-robin selection
514,21,pre,true,MCs-5-and-6,5;6,2026-02-23,2026-02-22,pre_exposure_folder,20,00,exact_hh00,partial_day,bumblebox-18_2026-02-22_20_00_03,bumblebox-18,/media/august/AutoPolls9/dose-curve-pesticide-data/MCs-5-and-6/pre-exposure/bumblebox-18_2026-02-22_20_00_03.mp4,/tmp/bumblebox_hourly_primary_mc1_8_explicit_links/MCs-5-and-6/pre/2026-02-22/bumblebox-18_2026-02-22_20_00_03.mp4,base_hourly,original hourly round-robin selection
515,21,pre,true,MCs-5-and-6,5;6,,2026-02-22,augmented_pre_exposure,20,10,augmented_extra,augmented,bumblebox-18_2026-02-22_20_10_03,bumblebox-18,/media/august/AutoPolls9/dose-curve-pesticide-data/MCs-5-and-6/pre-exposure/bumblebox-18_2026-02-22_20_10_03.mp4,,pre_fill_to_24_if_possible,fill MCs-5-and-6 pre from 4 toward 22 using non-hourly pre videos
516,21,pre,true,MCs-5-and-6,5;6,,2026-02-22,augmented_pre_exposure,20,20,augmented_extra,augmented,bumblebox-18_2026-02-22_20_20_03,bumblebox-18,/media/august/AutoPolls9/dose-curve-pesticide-data/MCs-5-and-6/pre-exposure/bumblebox-18_2026-02-22_20_20_03.mp4,,pre_fill_to_24_if_possible,fill MCs-5-and-6 pre from 4 toward 22 using non-hourly pre videos
517,21,post,true,MCs-5-and-6,5;6,2026-02-23,2026-02-26,post_exposure_folder,20,00,exact_hh00,full_24_hours,bumblebox-18_2026-02-26_20_00_04,bumblebox-18,/media/august/AutoPolls9/dose-curve-pesticide-data/MCs-5-and-6/post-exposure/bumblebox-18_2026-02-26_20_00_04.mp4,/tmp/bumblebox_hourly_primary_mc1_8_explicit_links/MCs-5-and-6/post/2026-02-26/bumblebox-18_2026-02-26_20_00_04.mp4,base_hourly,original hourly round-robin selection
518,21,pre,true,MCs-7-and-8,7;8,2026-02-23,2026-02-22,pre_exposure_folder,20,00,exact_hh00,partial_day,bumblebox-15_2026-02-22_20_00_03,bumblebox-15,/media/august/AutoPolls9/dose-curve-pesticide-data/MCs-7-and-8/pre-exposure/bumblebox-15_2026-02-22_20_00_03.mp4,/tmp/bumblebox_hourly_primary_mc1_8_explicit_links/MCs-7-and-8/pre/2026-02-22/bumblebox-15_2026-02-22_20_00_03.mp4,base_hourly,original hourly round-robin selection
519,21,pre,true,MCs-7-and-8,7;8,,2026-02-22,augmented_pre_exposure,20,20,augmented_extra,augmented,bumblebox-15_2026-02-22_20_20_03,bumblebox-15,/media/august/AutoPolls9/dose-curve-pesticide-data/MCs-7-and-8/pre-exposure/bumblebox-15_2026-02-22_20_20_03.mp4,,pre_fill_to_24_if_possible,fill MCs-7-and-8 pre from 7 toward 24 using non-hourly pre videos
520,21,pre,true,MCs-7-and-8,7;8,,2026-02-22,augmented_pre_exposure,20,50,augmented_extra,augmented,bumblebox-15_2026-02-22_20_50_03,bumblebox-15,/media/august/AutoPolls9/dose-curve-pesticide-data/MCs-7-and-8/pre-exposure/bumblebox-15_2026-02-22_20_50_03.mp4,,pre_fill_to_24_if_possible,fill MCs-7-and-8 pre from 7 toward 24 using non-hourly pre videos
521,21,post,true,MCs-7-and-8,7;8,2026-02-23,2026-02-26,post_exposure_folder,20,00,exact_hh00,full_24_hours,bumblebox-15_2026-02-26_20_00_03,bumblebox-15,/media/august/AutoPolls9/dose-curve-pesticide-data/MCs-7-and-8/post-exposure/bumblebox-15_2026-02-26_20_00_03.mp4,/tmp/bumblebox_hourly_primary_mc1_8_explicit_links/MCs-7-and-8/post/2026-02-26/bumblebox-15_2026-02-26_20_00_03.mp4,base_hourly,original hourly round-robin selection
522,21,pre,true,MCs-9-and-10,9;10,2026-03-02,2026-03-01,pre_dose_d_minus_1,20,00,exact_hh00,full_24_hours,bumblebox-07_2026-03-01_20_00_03,bumblebox-07,/media/august/Expansion/Behavioral-Entropy-Pesticide-Dosing-Exps/MCs-9-and-10/2026-03-01/bumblebox-07_2026-03-01_20_00_03.mp4,/tmp/bumblebox_hourly_primary_mc9_24_links/MCs-9-and-10/2026-03-01/bumblebox-07_2026-03-01_20_00_03.mp4,base_hourly,original hourly round-robin selection
523,21,post,true,MCs-9-and-10,9;10,2026-03-02,2026-03-05,post_dose_d_plus_3,20,00,exact_hh00,full_24_hours,bumblebox-07_2026-03-05_20_00_03,bumblebox-07,/media/august/Expansion/Behavioral-Entropy-Pesticide-Dosing-Exps/MCs-9-and-10/2026-03-05/bumblebox-07_2026-03-05_20_00_03.mp4,/tmp/bumblebox_hourly_primary_mc9_24_links/MCs-9-and-10/2026-03-05/bumblebox-07_2026-03-05_20_00_03.mp4,base_hourly,original hourly round-robin selection
524,21,post,true,MCs-11-and-12,11;12,2026-03-02,2026-03-05,post_dose_d_plus_3,20,00,exact_hh00,partial_day,bumblebox-19_2026-03-05_20_00_04,bumblebox-19,/media/august/Expansion/Behavioral-Entropy-Pesticide-Dosing-Exps/MCs-11-and-12/2026-03-05/bumblebox-19_2026-03-05_20_00_04.mp4,/tmp/bumblebox_hourly_primary_mc9_24_links/MCs-11-and-12/2026-03-05/bumblebox-19_2026-03-05_20_00_04.mp4,base_hourly,original hourly round-robin selection
525,21,pre,true,MCs-13-and-14,13;14,2026-03-02,2026-03-01,pre_dose_d_minus_1,20,00,exact_hh00,full_24_hours,bumblebox-18_2026-03-01_20_00_02,bumblebox-18,/media/august/Expansion/Behavioral-Entropy-Pesticide-Dosing-Exps/MCs-13-and-14/2026-03-01/bumblebox-18_2026-03-01_20_00_02.mp4,/tmp/bumblebox_hourly_primary_mc9_24_links/MCs-13-and-14/2026-03-01/bumblebox-18_2026-03-01_20_00_02.mp4,base_hourly,original hourly round-robin selection
526,21,pre,true,MCs-13-and-14,13;14,,2026-03-01,augmented_pre_exposure,20,30,augmented_extra,augmented,bumblebox-18_2026-03-01_20_30_04,bumblebox-18,/media/august/Expansion/Behavioral-Entropy-Pesticide-Dosing-Exps/MCs-13-and-14/2026-03-01/bumblebox-18_2026-03-01_20_30_04.mp4,,blur_compensation_0.5ppb,extra pre videos for MC14 to compensate blurry MC1 0.5ppb
527,21,post,true,MCs-13-and-14,13;14,2026-03-02,2026-03-05,post_dose_d_plus_3,20,00,exact_hh00,full_24_hours,bumblebox-18_2026-03-05_20_00_04,bumblebox-18,/media/august/Expansion/Behavioral-Entropy-Pesticide-Dosing-Exps/MCs-13-and-14/2026-03-05/bumblebox-18_2026-03-05_20_00_04.mp4,/tmp/bumblebox_hourly_primary_mc9_24_links/MCs-13-and-14/2026-03-05/bumblebox-18_2026-03-05_20_00_04.mp4,base_hourly,original hourly round-robin selection
528,21,post,true,MCs-13-and-14,13;14,2026-03-02,2026-03-05,post_dose_d_plus_3,20,30,augmented_extra,augmented,bumblebox-18_2026-03-05_20_30_04,bumblebox-18,/media/august/Expansion/Behavioral-Entropy-Pesticide-Dosing-Exps/MCs-13-and-14/2026-03-05/bumblebox-18_2026-03-05_20_30_04.mp4,,post_compensate_blurry_mc1_2,post compensation for blurry MC1/2: MC14 matches MC1 0.5ppb
529,21,post,true,MCs-15-and-16,15;16,2026-03-02,2026-03-05,post_dose_d_plus_3,20,00,exact_hh00,full_24_hours,bumblebox-15_2026-03-05_20_00_03,bumblebox-15,/media/august/Expansion/Behavioral-Entropy-Pesticide-Dosing-Exps/MCs-15-and-16/2026-03-05/bumblebox-15_2026-03-05_20_00_03.mp4,/tmp/bumblebox_hourly_primary_mc9_24_links/MCs-15-and-16/2026-03-05/bumblebox-15_2026-03-05_20_00_03.mp4,base_hourly,original hourly round-robin selection
530,21,post,true,MCs-15-and-16,15;16,2026-03-02,2026-03-05,post_dose_d_plus_3,20,30,augmented_extra,augmented,bumblebox-15_2026-03-05_20_30_04,bumblebox-15,/media/august/Expansion/Behavioral-Entropy-Pesticide-Dosing-Exps/MCs-15-and-16/2026-03-05/bumblebox-15_2026-03-05_20_30_04.mp4,,post_compensate_blurry_mc1_2,post compensation for blurry MC1/2: MC16 matches MC2 10ppb
531,21,pre,true,MCs-17-and-18,17;18,2026-03-16,2026-03-15,pre_dose_d_minus_1,20,00,exact_hh00,full_24_hours,bumblebox-9_2026-03-15_20_00_03,bumblebox-9,/media/august/Expansion/Behavioral-Entropy-Pesticide-Dosing-Exps/MCs-17-and-18/2026-03-15/bumblebox-9_2026-03-15_20_00_03.mp4,/tmp/bumblebox_hourly_primary_mc9_24_links/MCs-17-and-18/2026-03-15/bumblebox-9_2026-03-15_20_00_03.mp4,base_hourly,original hourly round-robin selection
532,21,pre,true,MCs-17-and-18,17;18,,2026-03-15,augmented_pre_exposure,20,30,augmented_extra,augmented,bumblebox-9_2026-03-15_20_30_03,bumblebox-9,/media/august/Expansion/Behavioral-Entropy-Pesticide-Dosing-Exps/MCs-17-and-18/2026-03-15/bumblebox-9_2026-03-15_20_30_03.mp4,,blur_compensation_10ppb,all available extra pre videos for MC17 to compensate blurry MC2 10ppb; MC16 has no pre source videos
533,21,post,true,MCs-17-and-18,17;18,2026-03-16,2026-03-19,post_dose_d_plus_3,20,00,exact_hh00,full_24_hours,bumblebox-9_2026-03-19_20_00_03,bumblebox-9,/media/august/Expansion/Behavioral-Entropy-Pesticide-Dosing-Exps/MCs-17-and-18/2026-03-19/bumblebox-9_2026-03-19_20_00_03.mp4,/tmp/bumblebox_hourly_primary_mc9_24_links/MCs-17-and-18/2026-03-19/bumblebox-9_2026-03-19_20_00_03.mp4,base_hourly,original hourly round-robin selection
534,21,post,true,MCs-17-and-18,17;18,2026-03-16,2026-03-19,post_dose_d_plus_3,20,30,augmented_extra,augmented,bumblebox-9_2026-03-19_20_30_03,bumblebox-9,/media/august/Expansion/Behavioral-Entropy-Pesticide-Dosing-Exps/MCs-17-and-18/2026-03-19/bumblebox-9_2026-03-19_20_30_03.mp4,,post_compensate_blurry_mc1_2,post compensation for blurry MC1/2: MC17 matches MC2 10ppb
535,21,pre,true,MCs-19-and-20,19;20,2026-03-16,2026-03-15,pre_dose_d_minus_1,20,00,exact_hh00,full_24_hours,bumblebox-19_2026-03-15_20_00_05,bumblebox-19,/media/august/Expansion/Behavioral-Entropy-Pesticide-Dosing-Exps/MCs-19-and-20/2026-03-15/bumblebox-19_2026-03-15_20_00_05.mp4,/tmp/bumblebox_hourly_primary_mc9_24_links/MCs-19-and-20/2026-03-15/bumblebox-19_2026-03-15_20_00_05.mp4,base_hourly,original hourly round-robin selection
536,21,post,true,MCs-19-and-20,19;20,2026-03-16,2026-03-19,post_dose_d_plus_3,20,00,exact_hh00,full_24_hours,bumblebox-19_2026-03-19_20_00_04,bumblebox-19,/media/august/Expansion/Behavioral-Entropy-Pesticide-Dosing-Exps/MCs-19-and-20/2026-03-19/bumblebox-19_2026-03-19_20_00_04.mp4,/tmp/bumblebox_hourly_primary_mc9_24_links/MCs-19-and-20/2026-03-19/bumblebox-19_2026-03-19_20_00_04.mp4,base_hourly,original hourly round-robin selection
537,21,pre,true,MCs-21-and-22,21;22,2026-03-16,2026-03-15,pre_dose_d_minus_1,20,00,exact_hh00,full_24_hours,bumblebox-18_2026-03-15_20_00_04,bumblebox-18,/media/august/Expansion/Behavioral-Entropy-Pesticide-Dosing-Exps/MCs-21-and-22/2026-03-15/bumblebox-18_2026-03-15_20_00_04.mp4,/tmp/bumblebox_hourly_primary_mc9_24_links/MCs-21-and-22/2026-03-15/bumblebox-18_2026-03-15_20_00_04.mp4,base_hourly,original hourly round-robin selection
538,21,pre,true,MCs-21-and-22,21;22,,2026-03-15,augmented_pre_exposure,20,30,augmented_extra,augmented,bumblebox-18_2026-03-15_20_30_04,bumblebox-18,/media/august/Expansion/Behavioral-Entropy-Pesticide-Dosing-Exps/MCs-21-and-22/2026-03-15/bumblebox-18_2026-03-15_20_30_04.mp4,,blur_compensation_0.5ppb,extra pre videos for MC21 to compensate blurry MC1 0.5ppb
539,21,post,true,MCs-21-and-22,21;22,2026-03-16,2026-03-18,post_dose_d_plus_2_substitute,20,00,exact_hh00,full_24_hours,bumblebox-18_2026-03-18_20_00_04,bumblebox-18,/media/august/Expansion/Behavioral-Entropy-Pesticide-Dosing-Exps/MCs-21-and-22/2026-03-18/bumblebox-18_2026-03-18_20_00_04.mp4,/tmp/bumblebox_hourly_primary_mc9_24_links/MCs-21-and-22/2026-03-18/bumblebox-18_2026-03-18_20_00_04.mp4,base_hourly,original hourly round-robin selection
540,21,post,true,MCs-21-and-22,21;22,2026-03-16,2026-03-18,post_dose_d_plus_2_substitute,20,30,augmented_extra,augmented,bumblebox-18_2026-03-18_20_30_05,bumblebox-18,/media/august/Expansion/Behavioral-Entropy-Pesticide-Dosing-Exps/MCs-21-and-22/2026-03-18/bumblebox-18_2026-03-18_20_30_05.mp4,,post_compensate_blurry_mc1_2,post compensation for blurry MC1/2: MC21 matches MC1 0.5ppb
541,21,pre,true,MCs-23-and-24,23;24,2026-03-16,2026-03-15,pre_dose_d_minus_1,20,00,exact_hh00,full_24_hours,bumblebox-15_2026-03-15_20_00_04,bumblebox-15,/media/august/Expansion/Behavioral-Entropy-Pesticide-Dosing-Exps/MCs-23-and-24/2026-03-15/bumblebox-15_2026-03-15_20_00_04.mp4,/tmp/bumblebox_hourly_primary_mc9_24_links/MCs-23-and-24/2026-03-15/bumblebox-15_2026-03-15_20_00_04.mp4,base_hourly,original hourly round-robin selection
542,21,post,true,MCs-23-and-24,23;24,2026-03-16,2026-03-19,post_dose_d_plus_3,20,00,exact_hh00,full_24_hours,bumblebox-15_2026-03-19_20_00_03,bumblebox-15,/media/august/Expansion/Behavioral-Entropy-Pesticide-Dosing-Exps/MCs-23-and-24/2026-03-19/bumblebox-15_2026-03-19_20_00_03.mp4,/tmp/bumblebox_hourly_primary_mc9_24_links/MCs-23-and-24/2026-03-19/bumblebox-15_2026-03-19_20_00_03.mp4,base_hourly,original hourly round-robin selection
543,22,pre,true,MCs-1-and-2,1;2,2026-02-23,2026-02-22,pre_exposure_folder,21,00,exact_hh00,partial_day,bumblebox-19_2026-02-22_21_00_03,bumblebox-19,/media/august/AutoPolls9/dose-curve-pesticide-data/MCs-1-and-2/pre-exposure/bumblebox-19_2026-02-22_21_00_03.mp4,/tmp/bumblebox_hourly_primary_mc1_8_explicit_links/MCs-1-and-2/pre/2026-02-22/bumblebox-19_2026-02-22_21_00_03.mp4,base_hourly,original hourly round-robin selection
544,22,pre,true,MCs-1-and-2,1;2,,2026-02-22,augmented_pre_exposure,21,40,augmented_extra,augmented,bumblebox-19_2026-02-22_21_40_03,bumblebox-19,/media/august/AutoPolls9/dose-curve-pesticide-data/MCs-1-and-2/pre-exposure/bumblebox-19_2026-02-22_21_40_03.mp4,,pre_fill_to_24_if_possible,fill MCs-1-and-2 pre from 16 toward 24 using non-hourly pre videos
545,22,post,true,MCs-1-and-2,1;2,2026-02-23,2026-02-26,post_exposure_folder,21,00,exact_hh00,full_24_hours,bumblebox-19_2026-02-26_21_00_05,bumblebox-19,/media/august/AutoPolls9/dose-curve-pesticide-data/MCs-1-and-2/post-exposure/bumblebox-19_2026-02-26_21_00_05.mp4,/tmp/bumblebox_hourly_primary_mc1_8_explicit_links/MCs-1-and-2/post/2026-02-26/bumblebox-19_2026-02-26_21_00_05.mp4,base_hourly,original hourly round-robin selection
546,22,pre,true,MCs-3-and-4,3;4,2026-02-23,2026-02-22,pre_exposure_folder,21,00,exact_hh00,full_24_hours,bumblebox-07_2026-02-22_21_00_03,bumblebox-07,/media/august/AutoPolls9/dose-curve-pesticide-data/MCs-3-and-4/pre-exposure/bumblebox-07_2026-02-22_21_00_03.mp4,/tmp/bumblebox_hourly_primary_mc1_8_explicit_links/MCs-3-and-4/pre/2026-02-22/bumblebox-07_2026-02-22_21_00_03.mp4,base_hourly,original hourly round-robin selection
547,22,post,true,MCs-3-and-4,3;4,2026-02-23,2026-02-26,post_exposure_folder,21,00,exact_hh00,full_24_hours,bumblebox-07_2026-02-26_21_00_03,bumblebox-07,/media/august/AutoPolls9/dose-curve-pesticide-data/MCs-3-and-4/post-exposure/bumblebox-07_2026-02-26_21_00_03.mp4,/tmp/bumblebox_hourly_primary_mc1_8_explicit_links/MCs-3-and-4/post/2026-02-26/bumblebox-07_2026-02-26_21_00_03.mp4,base_hourly,original hourly round-robin selection
548,22,post,true,MCs-5-and-6,5;6,2026-02-23,2026-02-26,post_exposure_folder,21,00,exact_hh00,full_24_hours,bumblebox-18_2026-02-26_21_00_04,bumblebox-18,/media/august/AutoPolls9/dose-curve-pesticide-data/MCs-5-and-6/post-exposure/bumblebox-18_2026-02-26_21_00_04.mp4,/tmp/bumblebox_hourly_primary_mc1_8_explicit_links/MCs-5-and-6/post/2026-02-26/bumblebox-18_2026-02-26_21_00_04.mp4,base_hourly,original hourly round-robin selection
549,22,pre,true,MCs-7-and-8,7;8,2026-02-23,2026-02-22,pre_exposure_folder,21,00,exact_hh00,partial_day,bumblebox-15_2026-02-22_21_00_03,bumblebox-15,/media/august/AutoPolls9/dose-curve-pesticide-data/MCs-7-and-8/pre-exposure/bumblebox-15_2026-02-22_21_00_03.mp4,/tmp/bumblebox_hourly_primary_mc1_8_explicit_links/MCs-7-and-8/pre/2026-02-22/bumblebox-15_2026-02-22_21_00_03.mp4,base_hourly,original hourly round-robin selection
550,22,pre,true,MCs-7-and-8,7;8,,2026-02-22,augmented_pre_exposure,21,20,augmented_extra,augmented,bumblebox-15_2026-02-22_21_20_03,bumblebox-15,/media/august/AutoPolls9/dose-curve-pesticide-data/MCs-7-and-8/pre-exposure/bumblebox-15_2026-02-22_21_20_03.mp4,,pre_fill_to_24_if_possible,fill MCs-7-and-8 pre from 7 toward 24 using non-hourly pre videos
551,22,pre,true,MCs-7-and-8,7;8,,2026-02-22,augmented_pre_exposure,21,40,augmented_extra,augmented,bumblebox-15_2026-02-22_21_40_03,bumblebox-15,/media/august/AutoPolls9/dose-curve-pesticide-data/MCs-7-and-8/pre-exposure/bumblebox-15_2026-02-22_21_40_03.mp4,,pre_fill_to_24_if_possible,fill MCs-7-and-8 pre from 7 toward 24 using non-hourly pre videos
552,22,post,true,MCs-7-and-8,7;8,2026-02-23,2026-02-26,post_exposure_folder,21,00,exact_hh00,full_24_hours,bumblebox-15_2026-02-26_21_00_03,bumblebox-15,/media/august/AutoPolls9/dose-curve-pesticide-data/MCs-7-and-8/post-exposure/bumblebox-15_2026-02-26_21_00_03.mp4,/tmp/bumblebox_hourly_primary_mc1_8_explicit_links/MCs-7-and-8/post/2026-02-26/bumblebox-15_2026-02-26_21_00_03.mp4,base_hourly,original hourly round-robin selection
553,22,pre,true,MCs-9-and-10,9;10,2026-03-02,2026-03-01,pre_dose_d_minus_1,21,00,exact_hh00,full_24_hours,bumblebox-07_2026-03-01_21_00_03,bumblebox-07,/media/august/Expansion/Behavioral-Entropy-Pesticide-Dosing-Exps/MCs-9-and-10/2026-03-01/bumblebox-07_2026-03-01_21_00_03.mp4,/tmp/bumblebox_hourly_primary_mc9_24_links/MCs-9-and-10/2026-03-01/bumblebox-07_2026-03-01_21_00_03.mp4,base_hourly,original hourly round-robin selection
554,22,post,true,MCs-9-and-10,9;10,2026-03-02,2026-03-05,post_dose_d_plus_3,21,00,exact_hh00,full_24_hours,bumblebox-07_2026-03-05_21_00_03,bumblebox-07,/media/august/Expansion/Behavioral-Entropy-Pesticide-Dosing-Exps/MCs-9-and-10/2026-03-05/bumblebox-07_2026-03-05_21_00_03.mp4,/tmp/bumblebox_hourly_primary_mc9_24_links/MCs-9-and-10/2026-03-05/bumblebox-07_2026-03-05_21_00_03.mp4,base_hourly,original hourly round-robin selection
555,22,pre,true,MCs-13-and-14,13;14,2026-03-02,2026-03-01,pre_dose_d_minus_1,21,00,exact_hh00,full_24_hours,bumblebox-18_2026-03-01_21_00_04,bumblebox-18,/media/august/Expansion/Behavioral-Entropy-Pesticide-Dosing-Exps/MCs-13-and-14/2026-03-01/bumblebox-18_2026-03-01_21_00_04.mp4,/tmp/bumblebox_hourly_primary_mc9_24_links/MCs-13-and-14/2026-03-01/bumblebox-18_2026-03-01_21_00_04.mp4,base_hourly,original hourly round-robin selection
556,22,post,true,MCs-13-and-14,13;14,2026-03-02,2026-03-05,post_dose_d_plus_3,21,00,exact_hh00,full_24_hours,bumblebox-18_2026-03-05_21_00_04,bumblebox-18,/media/august/Expansion/Behavioral-Entropy-Pesticide-Dosing-Exps/MCs-13-and-14/2026-03-05/bumblebox-18_2026-03-05_21_00_04.mp4,/tmp/bumblebox_hourly_primary_mc9_24_links/MCs-13-and-14/2026-03-05/bumblebox-18_2026-03-05_21_00_04.mp4,base_hourly,original hourly round-robin selection
557,22,post,true,MCs-15-and-16,15;16,2026-03-02,2026-03-05,post_dose_d_plus_3,21,00,exact_hh00,full_24_hours,bumblebox-15_2026-03-05_21_00_04,bumblebox-15,/media/august/Expansion/Behavioral-Entropy-Pesticide-Dosing-Exps/MCs-15-and-16/2026-03-05/bumblebox-15_2026-03-05_21_00_04.mp4,/tmp/bumblebox_hourly_primary_mc9_24_links/MCs-15-and-16/2026-03-05/bumblebox-15_2026-03-05_21_00_04.mp4,base_hourly,original hourly round-robin selection
558,22,pre,true,MCs-17-and-18,17;18,2026-03-16,2026-03-15,pre_dose_d_minus_1,21,00,exact_hh00,full_24_hours,bumblebox-9_2026-03-15_21_00_03,bumblebox-9,/media/august/Expansion/Behavioral-Entropy-Pesticide-Dosing-Exps/MCs-17-and-18/2026-03-15/bumblebox-9_2026-03-15_21_00_03.mp4,/tmp/bumblebox_hourly_primary_mc9_24_links/MCs-17-and-18/2026-03-15/bumblebox-9_2026-03-15_21_00_03.mp4,base_hourly,original hourly round-robin selection
559,22,pre,true,MCs-17-and-18,17;18,,2026-03-15,augmented_pre_exposure,21,30,augmented_extra,augmented,bumblebox-9_2026-03-15_21_30_03,bumblebox-9,/media/august/Expansion/Behavioral-Entropy-Pesticide-Dosing-Exps/MCs-17-and-18/2026-03-15/bumblebox-9_2026-03-15_21_30_03.mp4,,blur_compensation_10ppb,all available extra pre videos for MC17 to compensate blurry MC2 10ppb; MC16 has no pre source videos
560,22,post,true,MCs-17-and-18,17;18,2026-03-16,2026-03-19,post_dose_d_plus_3,21,00,exact_hh00,full_24_hours,bumblebox-9_2026-03-19_21_00_03,bumblebox-9,/media/august/Expansion/Behavioral-Entropy-Pesticide-Dosing-Exps/MCs-17-and-18/2026-03-19/bumblebox-9_2026-03-19_21_00_03.mp4,/tmp/bumblebox_hourly_primary_mc9_24_links/MCs-17-and-18/2026-03-19/bumblebox-9_2026-03-19_21_00_03.mp4,base_hourly,original hourly round-robin selection
561,22,pre,true,MCs-19-and-20,19;20,2026-03-16,2026-03-15,pre_dose_d_minus_1,21,00,exact_hh00,full_24_hours,bumblebox-19_2026-03-15_21_00_05,bumblebox-19,/media/august/Expansion/Behavioral-Entropy-Pesticide-Dosing-Exps/MCs-19-and-20/2026-03-15/bumblebox-19_2026-03-15_21_00_05.mp4,/tmp/bumblebox_hourly_primary_mc9_24_links/MCs-19-and-20/2026-03-15/bumblebox-19_2026-03-15_21_00_05.mp4,base_hourly,original hourly round-robin selection
562,22,post,true,MCs-19-and-20,19;20,2026-03-16,2026-03-19,post_dose_d_plus_3,21,00,exact_hh00,full_24_hours,bumblebox-19_2026-03-19_21_00_04,bumblebox-19,/media/august/Expansion/Behavioral-Entropy-Pesticide-Dosing-Exps/MCs-19-and-20/2026-03-19/bumblebox-19_2026-03-19_21_00_04.mp4,/tmp/bumblebox_hourly_primary_mc9_24_links/MCs-19-and-20/2026-03-19/bumblebox-19_2026-03-19_21_00_04.mp4,base_hourly,original hourly round-robin selection
563,22,pre,true,MCs-21-and-22,21;22,2026-03-16,2026-03-15,pre_dose_d_minus_1,21,00,exact_hh00,full_24_hours,bumblebox-18_2026-03-15_21_00_03,bumblebox-18,/media/august/Expansion/Behavioral-Entropy-Pesticide-Dosing-Exps/MCs-21-and-22/2026-03-15/bumblebox-18_2026-03-15_21_00_03.mp4,/tmp/bumblebox_hourly_primary_mc9_24_links/MCs-21-and-22/2026-03-15/bumblebox-18_2026-03-15_21_00_03.mp4,base_hourly,original hourly round-robin selection
564,22,post,true,MCs-21-and-22,21;22,2026-03-16,2026-03-18,post_dose_d_plus_2_substitute,21,00,exact_hh00,full_24_hours,bumblebox-18_2026-03-18_21_00_04,bumblebox-18,/media/august/Expansion/Behavioral-Entropy-Pesticide-Dosing-Exps/MCs-21-and-22/2026-03-18/bumblebox-18_2026-03-18_21_00_04.mp4,/tmp/bumblebox_hourly_primary_mc9_24_links/MCs-21-and-22/2026-03-18/bumblebox-18_2026-03-18_21_00_04.mp4,base_hourly,original hourly round-robin selection
565,22,pre,true,MCs-23-and-24,23;24,2026-03-16,2026-03-15,pre_dose_d_minus_1,21,00,exact_hh00,full_24_hours,bumblebox-15_2026-03-15_21_00_03,bumblebox-15,/media/august/Expansion/Behavioral-Entropy-Pesticide-Dosing-Exps/MCs-23-and-24/2026-03-15/bumblebox-15_2026-03-15_21_00_03.mp4,/tmp/bumblebox_hourly_primary_mc9_24_links/MCs-23-and-24/2026-03-15/bumblebox-15_2026-03-15_21_00_03.mp4,base_hourly,original hourly round-robin selection
566,22,post,true,MCs-23-and-24,23;24,2026-03-16,2026-03-19,post_dose_d_plus_3,21,00,exact_hh00,full_24_hours,bumblebox-15_2026-03-19_21_00_04,bumblebox-15,/media/august/Expansion/Behavioral-Entropy-Pesticide-Dosing-Exps/MCs-23-and-24/2026-03-19/bumblebox-15_2026-03-19_21_00_04.mp4,/tmp/bumblebox_hourly_primary_mc9_24_links/MCs-23-and-24/2026-03-19/bumblebox-15_2026-03-19_21_00_04.mp4,base_hourly,original hourly round-robin selection
567,23,pre,true,MCs-1-and-2,1;2,2026-02-23,2026-02-22,pre_exposure_folder,22,00,exact_hh00,partial_day,bumblebox-19_2026-02-22_22_00_03,bumblebox-19,/media/august/AutoPolls9/dose-curve-pesticide-data/MCs-1-and-2/pre-exposure/bumblebox-19_2026-02-22_22_00_03.mp4,/tmp/bumblebox_hourly_primary_mc1_8_explicit_links/MCs-1-and-2/pre/2026-02-22/bumblebox-19_2026-02-22_22_00_03.mp4,base_hourly,original hourly round-robin selection
568,23,post,true,MCs-1-and-2,1;2,2026-02-23,2026-02-26,post_exposure_folder,22,00,exact_hh00,full_24_hours,bumblebox-19_2026-02-26_22_00_04,bumblebox-19,/media/august/AutoPolls9/dose-curve-pesticide-data/MCs-1-and-2/post-exposure/bumblebox-19_2026-02-26_22_00_04.mp4,/tmp/bumblebox_hourly_primary_mc1_8_explicit_links/MCs-1-and-2/post/2026-02-26/bumblebox-19_2026-02-26_22_00_04.mp4,base_hourly,original hourly round-robin selection
569,23,pre,true,MCs-3-and-4,3;4,2026-02-23,2026-02-22,pre_exposure_folder,22,00,exact_hh00,full_24_hours,bumblebox-07_2026-02-22_22_00_03,bumblebox-07,/media/august/AutoPolls9/dose-curve-pesticide-data/MCs-3-and-4/pre-exposure/bumblebox-07_2026-02-22_22_00_03.mp4,/tmp/bumblebox_hourly_primary_mc1_8_explicit_links/MCs-3-and-4/pre/2026-02-22/bumblebox-07_2026-02-22_22_00_03.mp4,base_hourly,original hourly round-robin selection
570,23,post,true,MCs-3-and-4,3;4,2026-02-23,2026-02-26,post_exposure_folder,22,00,exact_hh00,full_24_hours,bumblebox-07_2026-02-26_22_00_03,bumblebox-07,/media/august/AutoPolls9/dose-curve-pesticide-data/MCs-3-and-4/post-exposure/bumblebox-07_2026-02-26_22_00_03.mp4,/tmp/bumblebox_hourly_primary_mc1_8_explicit_links/MCs-3-and-4/post/2026-02-26/bumblebox-07_2026-02-26_22_00_03.mp4,base_hourly,original hourly round-robin selection
571,23,post,true,MCs-5-and-6,5;6,2026-02-23,2026-02-26,post_exposure_folder,22,00,exact_hh00,full_24_hours,bumblebox-18_2026-02-26_22_00_04,bumblebox-18,/media/august/AutoPolls9/dose-curve-pesticide-data/MCs-5-and-6/post-exposure/bumblebox-18_2026-02-26_22_00_04.mp4,/tmp/bumblebox_hourly_primary_mc1_8_explicit_links/MCs-5-and-6/post/2026-02-26/bumblebox-18_2026-02-26_22_00_04.mp4,base_hourly,original hourly round-robin selection
572,23,pre,true,MCs-7-and-8,7;8,2026-02-23,2026-02-22,pre_exposure_folder,22,00,exact_hh00,partial_day,bumblebox-15_2026-02-22_22_00_03,bumblebox-15,/media/august/AutoPolls9/dose-curve-pesticide-data/MCs-7-and-8/pre-exposure/bumblebox-15_2026-02-22_22_00_03.mp4,/tmp/bumblebox_hourly_primary_mc1_8_explicit_links/MCs-7-and-8/pre/2026-02-22/bumblebox-15_2026-02-22_22_00_03.mp4,base_hourly,original hourly round-robin selection
573,23,pre,true,MCs-7-and-8,7;8,,2026-02-22,augmented_pre_exposure,22,10,augmented_extra,augmented,bumblebox-15_2026-02-22_22_10_03,bumblebox-15,/media/august/AutoPolls9/dose-curve-pesticide-data/MCs-7-and-8/pre-exposure/bumblebox-15_2026-02-22_22_10_03.mp4,,pre_fill_to_24_if_possible,fill MCs-7-and-8 pre from 7 toward 24 using non-hourly pre videos
574,23,pre,true,MCs-7-and-8,7;8,,2026-02-22,augmented_pre_exposure,22,30,augmented_extra,augmented,bumblebox-15_2026-02-22_22_30_03,bumblebox-15,/media/august/AutoPolls9/dose-curve-pesticide-data/MCs-7-and-8/pre-exposure/bumblebox-15_2026-02-22_22_30_03.mp4,,pre_fill_to_24_if_possible,fill MCs-7-and-8 pre from 7 toward 24 using non-hourly pre videos
575,23,pre,true,MCs-7-and-8,7;8,,2026-02-22,augmented_pre_exposure,22,50,augmented_extra,augmented,bumblebox-15_2026-02-22_22_50_03,bumblebox-15,/media/august/AutoPolls9/dose-curve-pesticide-data/MCs-7-and-8/pre-exposure/bumblebox-15_2026-02-22_22_50_03.mp4,,pre_fill_to_24_if_possible,fill MCs-7-and-8 pre from 7 toward 24 using non-hourly pre videos
576,23,post,true,MCs-7-and-8,7;8,2026-02-23,2026-02-26,post_exposure_folder,22,00,exact_hh00,full_24_hours,bumblebox-15_2026-02-26_22_00_03,bumblebox-15,/media/august/AutoPolls9/dose-curve-pesticide-data/MCs-7-and-8/post-exposure/bumblebox-15_2026-02-26_22_00_03.mp4,/tmp/bumblebox_hourly_primary_mc1_8_explicit_links/MCs-7-and-8/post/2026-02-26/bumblebox-15_2026-02-26_22_00_03.mp4,base_hourly,original hourly round-robin selection
577,23,pre,true,MCs-9-and-10,9;10,2026-03-02,2026-03-01,pre_dose_d_minus_1,22,00,exact_hh00,full_24_hours,bumblebox-07_2026-03-01_22_00_03,bumblebox-07,/media/august/Expansion/Behavioral-Entropy-Pesticide-Dosing-Exps/MCs-9-and-10/2026-03-01/bumblebox-07_2026-03-01_22_00_03.mp4,/tmp/bumblebox_hourly_primary_mc9_24_links/MCs-9-and-10/2026-03-01/bumblebox-07_2026-03-01_22_00_03.mp4,base_hourly,original hourly round-robin selection
578,23,post,true,MCs-9-and-10,9;10,2026-03-02,2026-03-05,post_dose_d_plus_3,22,00,exact_hh00,full_24_hours,bumblebox-07_2026-03-05_22_00_03,bumblebox-07,/media/august/Expansion/Behavioral-Entropy-Pesticide-Dosing-Exps/MCs-9-and-10/2026-03-05/bumblebox-07_2026-03-05_22_00_03.mp4,/tmp/bumblebox_hourly_primary_mc9_24_links/MCs-9-and-10/2026-03-05/bumblebox-07_2026-03-05_22_00_03.mp4,base_hourly,original hourly round-robin selection
579,23,pre,true,MCs-13-and-14,13;14,2026-03-02,2026-03-01,pre_dose_d_minus_1,22,00,exact_hh00,full_24_hours,bumblebox-18_2026-03-01_22_00_03,bumblebox-18,/media/august/Expansion/Behavioral-Entropy-Pesticide-Dosing-Exps/MCs-13-and-14/2026-03-01/bumblebox-18_2026-03-01_22_00_03.mp4,/tmp/bumblebox_hourly_primary_mc9_24_links/MCs-13-and-14/2026-03-01/bumblebox-18_2026-03-01_22_00_03.mp4,base_hourly,original hourly round-robin selection
580,23,pre,true,MCs-13-and-14,13;14,,2026-03-01,augmented_pre_exposure,22,30,augmented_extra,augmented,bumblebox-18_2026-03-01_22_30_04,bumblebox-18,/media/august/Expansion/Behavioral-Entropy-Pesticide-Dosing-Exps/MCs-13-and-14/2026-03-01/bumblebox-18_2026-03-01_22_30_04.mp4,,blur_compensation_0.5ppb,extra pre videos for MC14 to compensate blurry MC1 0.5ppb
581,23,post,true,MCs-13-and-14,13;14,2026-03-02,2026-03-05,post_dose_d_plus_3,22,00,exact_hh00,full_24_hours,bumblebox-18_2026-03-05_22_00_04,bumblebox-18,/media/august/Expansion/Behavioral-Entropy-Pesticide-Dosing-Exps/MCs-13-and-14/2026-03-05/bumblebox-18_2026-03-05_22_00_04.mp4,/tmp/bumblebox_hourly_primary_mc9_24_links/MCs-13-and-14/2026-03-05/bumblebox-18_2026-03-05_22_00_04.mp4,base_hourly,original hourly round-robin selection
582,23,post,true,MCs-13-and-14,13;14,2026-03-02,2026-03-05,post_dose_d_plus_3,22,30,augmented_extra,augmented,bumblebox-18_2026-03-05_22_30_04,bumblebox-18,/media/august/Expansion/Behavioral-Entropy-Pesticide-Dosing-Exps/MCs-13-and-14/2026-03-05/bumblebox-18_2026-03-05_22_30_04.mp4,,post_compensate_blurry_mc1_2,post compensation for blurry MC1/2: MC14 matches MC1 0.5ppb
583,23,post,true,MCs-15-and-16,15;16,2026-03-02,2026-03-05,post_dose_d_plus_3,22,00,exact_hh00,full_24_hours,bumblebox-15_2026-03-05_22_00_04,bumblebox-15,/media/august/Expansion/Behavioral-Entropy-Pesticide-Dosing-Exps/MCs-15-and-16/2026-03-05/bumblebox-15_2026-03-05_22_00_04.mp4,/tmp/bumblebox_hourly_primary_mc9_24_links/MCs-15-and-16/2026-03-05/bumblebox-15_2026-03-05_22_00_04.mp4,base_hourly,original hourly round-robin selection
584,23,post,true,MCs-15-and-16,15;16,2026-03-02,2026-03-05,post_dose_d_plus_3,22,30,augmented_extra,augmented,bumblebox-15_2026-03-05_22_30_07,bumblebox-15,/media/august/Expansion/Behavioral-Entropy-Pesticide-Dosing-Exps/MCs-15-and-16/2026-03-05/bumblebox-15_2026-03-05_22_30_07.mp4,,post_compensate_blurry_mc1_2,post compensation for blurry MC1/2: MC16 matches MC2 10ppb
585,23,pre,true,MCs-17-and-18,17;18,2026-03-16,2026-03-15,pre_dose_d_minus_1,22,00,exact_hh00,full_24_hours,bumblebox-9_2026-03-15_22_00_03,bumblebox-9,/media/august/Expansion/Behavioral-Entropy-Pesticide-Dosing-Exps/MCs-17-and-18/2026-03-15/bumblebox-9_2026-03-15_22_00_03.mp4,/tmp/bumblebox_hourly_primary_mc9_24_links/MCs-17-and-18/2026-03-15/bumblebox-9_2026-03-15_22_00_03.mp4,base_hourly,original hourly round-robin selection
586,23,pre,true,MCs-17-and-18,17;18,,2026-03-15,augmented_pre_exposure,22,30,augmented_extra,augmented,bumblebox-9_2026-03-15_22_30_04,bumblebox-9,/media/august/Expansion/Behavioral-Entropy-Pesticide-Dosing-Exps/MCs-17-and-18/2026-03-15/bumblebox-9_2026-03-15_22_30_04.mp4,,blur_compensation_10ppb,all available extra pre videos for MC17 to compensate blurry MC2 10ppb; MC16 has no pre source videos
587,23,post,true,MCs-17-and-18,17;18,2026-03-16,2026-03-19,post_dose_d_plus_3,22,00,exact_hh00,full_24_hours,bumblebox-9_2026-03-19_22_00_04,bumblebox-9,/media/august/Expansion/Behavioral-Entropy-Pesticide-Dosing-Exps/MCs-17-and-18/2026-03-19/bumblebox-9_2026-03-19_22_00_04.mp4,/tmp/bumblebox_hourly_primary_mc9_24_links/MCs-17-and-18/2026-03-19/bumblebox-9_2026-03-19_22_00_04.mp4,base_hourly,original hourly round-robin selection
588,23,post,true,MCs-17-and-18,17;18,2026-03-16,2026-03-19,post_dose_d_plus_3,22,30,augmented_extra,augmented,bumblebox-9_2026-03-19_22_30_04,bumblebox-9,/media/august/Expansion/Behavioral-Entropy-Pesticide-Dosing-Exps/MCs-17-and-18/2026-03-19/bumblebox-9_2026-03-19_22_30_04.mp4,,post_compensate_blurry_mc1_2,post compensation for blurry MC1/2: MC17 matches MC2 10ppb
589,23,pre,true,MCs-19-and-20,19;20,2026-03-16,2026-03-15,pre_dose_d_minus_1,22,00,exact_hh00,full_24_hours,bumblebox-19_2026-03-15_22_00_04,bumblebox-19,/media/august/Expansion/Behavioral-Entropy-Pesticide-Dosing-Exps/MCs-19-and-20/2026-03-15/bumblebox-19_2026-03-15_22_00_04.mp4,/tmp/bumblebox_hourly_primary_mc9_24_links/MCs-19-and-20/2026-03-15/bumblebox-19_2026-03-15_22_00_04.mp4,base_hourly,original hourly round-robin selection
590,23,post,true,MCs-19-and-20,19;20,2026-03-16,2026-03-19,post_dose_d_plus_3,22,00,exact_hh00,full_24_hours,bumblebox-19_2026-03-19_22_00_03,bumblebox-19,/media/august/Expansion/Behavioral-Entropy-Pesticide-Dosing-Exps/MCs-19-and-20/2026-03-19/bumblebox-19_2026-03-19_22_00_03.mp4,/tmp/bumblebox_hourly_primary_mc9_24_links/MCs-19-and-20/2026-03-19/bumblebox-19_2026-03-19_22_00_03.mp4,base_hourly,original hourly round-robin selection
591,23,pre,true,MCs-21-and-22,21;22,2026-03-16,2026-03-15,pre_dose_d_minus_1,22,00,exact_hh00,full_24_hours,bumblebox-18_2026-03-15_22_00_04,bumblebox-18,/media/august/Expansion/Behavioral-Entropy-Pesticide-Dosing-Exps/MCs-21-and-22/2026-03-15/bumblebox-18_2026-03-15_22_00_04.mp4,/tmp/bumblebox_hourly_primary_mc9_24_links/MCs-21-and-22/2026-03-15/bumblebox-18_2026-03-15_22_00_04.mp4,base_hourly,original hourly round-robin selection
592,23,pre,true,MCs-21-and-22,21;22,,2026-03-15,augmented_pre_exposure,22,30,augmented_extra,augmented,bumblebox-18_2026-03-15_22_30_03,bumblebox-18,/media/august/Expansion/Behavioral-Entropy-Pesticide-Dosing-Exps/MCs-21-and-22/2026-03-15/bumblebox-18_2026-03-15_22_30_03.mp4,,blur_compensation_0.5ppb,extra pre videos for MC21 to compensate blurry MC1 0.5ppb
593,23,post,true,MCs-21-and-22,21;22,2026-03-16,2026-03-18,post_dose_d_plus_2_substitute,22,00,exact_hh00,full_24_hours,bumblebox-18_2026-03-18_22_00_04,bumblebox-18,/media/august/Expansion/Behavioral-Entropy-Pesticide-Dosing-Exps/MCs-21-and-22/2026-03-18/bumblebox-18_2026-03-18_22_00_04.mp4,/tmp/bumblebox_hourly_primary_mc9_24_links/MCs-21-and-22/2026-03-18/bumblebox-18_2026-03-18_22_00_04.mp4,base_hourly,original hourly round-robin selection
594,23,post,true,MCs-21-and-22,21;22,2026-03-16,2026-03-18,post_dose_d_plus_2_substitute,22,30,augmented_extra,augmented,bumblebox-18_2026-03-18_22_30_04,bumblebox-18,/media/august/Expansion/Behavioral-Entropy-Pesticide-Dosing-Exps/MCs-21-and-22/2026-03-18/bumblebox-18_2026-03-18_22_30_04.mp4,,post_compensate_blurry_mc1_2,post compensation for blurry MC1/2: MC21 matches MC1 0.5ppb
595,23,pre,true,MCs-23-and-24,23;24,2026-03-16,2026-03-15,pre_dose_d_minus_1,22,00,exact_hh00,full_24_hours,bumblebox-15_2026-03-15_22_00_04,bumblebox-15,/media/august/Expansion/Behavioral-Entropy-Pesticide-Dosing-Exps/MCs-23-and-24/2026-03-15/bumblebox-15_2026-03-15_22_00_04.mp4,/tmp/bumblebox_hourly_primary_mc9_24_links/MCs-23-and-24/2026-03-15/bumblebox-15_2026-03-15_22_00_04.mp4,base_hourly,original hourly round-robin selection
596,23,post,true,MCs-23-and-24,23;24,2026-03-16,2026-03-19,post_dose_d_plus_3,22,00,exact_hh00,full_24_hours,bumblebox-15_2026-03-19_22_00_04,bumblebox-15,/media/august/Expansion/Behavioral-Entropy-Pesticide-Dosing-Exps/MCs-23-and-24/2026-03-19/bumblebox-15_2026-03-19_22_00_04.mp4,/tmp/bumblebox_hourly_primary_mc9_24_links/MCs-23-and-24/2026-03-19/bumblebox-15_2026-03-19_22_00_04.mp4,base_hourly,original hourly round-robin selection
597,24,pre,true,MCs-1-and-2,1;2,2026-02-23,2026-02-22,pre_exposure_folder,23,30,fallback_hh30_missing_hh00,partial_day,bumblebox-19_2026-02-22_23_30_03,bumblebox-19,/media/august/AutoPolls9/dose-curve-pesticide-data/MCs-1-and-2/pre-exposure/bumblebox-19_2026-02-22_23_30_03.mp4,/tmp/bumblebox_hourly_primary_mc1_8_explicit_links/MCs-1-and-2/pre/2026-02-22/bumblebox-19_2026-02-22_23_30_03.mp4,base_hourly,original hourly round-robin selection
598,24,post,true,MCs-1-and-2,1;2,2026-02-23,2026-02-26,post_exposure_folder,23,30,fallback_hh30_missing_hh00,full_24_hours,bumblebox-19_2026-02-26_23_30_03,bumblebox-19,/media/august/AutoPolls9/dose-curve-pesticide-data/MCs-1-and-2/post-exposure/bumblebox-19_2026-02-26_23_30_03.mp4,/tmp/bumblebox_hourly_primary_mc1_8_explicit_links/MCs-1-and-2/post/2026-02-26/bumblebox-19_2026-02-26_23_30_03.mp4,base_hourly,original hourly round-robin selection
599,24,pre,true,MCs-3-and-4,3;4,2026-02-23,2026-02-22,pre_exposure_folder,23,30,fallback_hh30_missing_hh00,full_24_hours,bumblebox-07_2026-02-22_23_30_03,bumblebox-07,/media/august/AutoPolls9/dose-curve-pesticide-data/MCs-3-and-4/pre-exposure/bumblebox-07_2026-02-22_23_30_03.mp4,/tmp/bumblebox_hourly_primary_mc1_8_explicit_links/MCs-3-and-4/pre/2026-02-22/bumblebox-07_2026-02-22_23_30_03.mp4,base_hourly,original hourly round-robin selection
600,24,post,true,MCs-3-and-4,3;4,2026-02-23,2026-02-26,post_exposure_folder,23,30,fallback_hh30_missing_hh00,full_24_hours,bumblebox-07_2026-02-26_23_30_03,bumblebox-07,/media/august/AutoPolls9/dose-curve-pesticide-data/MCs-3-and-4/post-exposure/bumblebox-07_2026-02-26_23_30_03.mp4,/tmp/bumblebox_hourly_primary_mc1_8_explicit_links/MCs-3-and-4/post/2026-02-26/bumblebox-07_2026-02-26_23_30_03.mp4,base_hourly,original hourly round-robin selection
601,24,post,true,MCs-5-and-6,5;6,2026-02-23,2026-02-26,post_exposure_folder,23,30,fallback_hh30_missing_hh00,full_24_hours,bumblebox-18_2026-02-26_23_30_03,bumblebox-18,/media/august/AutoPolls9/dose-curve-pesticide-data/MCs-5-and-6/post-exposure/bumblebox-18_2026-02-26_23_30_03.mp4,/tmp/bumblebox_hourly_primary_mc1_8_explicit_links/MCs-5-and-6/post/2026-02-26/bumblebox-18_2026-02-26_23_30_03.mp4,base_hourly,original hourly round-robin selection
602,24,pre,true,MCs-7-and-8,7;8,2026-02-23,2026-02-22,pre_exposure_folder,23,30,fallback_hh30_missing_hh00,partial_day,bumblebox-15_2026-02-22_23_30_03,bumblebox-15,/media/august/AutoPolls9/dose-curve-pesticide-data/MCs-7-and-8/pre-exposure/bumblebox-15_2026-02-22_23_30_03.mp4,/tmp/bumblebox_hourly_primary_mc1_8_explicit_links/MCs-7-and-8/pre/2026-02-22/bumblebox-15_2026-02-22_23_30_03.mp4,base_hourly,original hourly round-robin selection
603,24,pre,true,MCs-7-and-8,7;8,,2026-02-22,augmented_pre_exposure,23,20,augmented_extra,augmented,bumblebox-15_2026-02-22_23_20_03,bumblebox-15,/media/august/AutoPolls9/dose-curve-pesticide-data/MCs-7-and-8/pre-exposure/bumblebox-15_2026-02-22_23_20_03.mp4,,pre_fill_to_24_if_possible,fill MCs-7-and-8 pre from 7 toward 24 using non-hourly pre videos
604,24,pre,true,MCs-7-and-8,7;8,,2026-02-22,augmented_pre_exposure,23,50,augmented_extra,augmented,bumblebox-15_2026-02-22_23_50_03,bumblebox-15,/media/august/AutoPolls9/dose-curve-pesticide-data/MCs-7-and-8/pre-exposure/bumblebox-15_2026-02-22_23_50_03.mp4,,pre_fill_to_24_if_possible,fill MCs-7-and-8 pre from 7 toward 24 using non-hourly pre videos
605,24,post,true,MCs-7-and-8,7;8,2026-02-23,2026-02-26,post_exposure_folder,23,30,fallback_hh30_missing_hh00,full_24_hours,bumblebox-15_2026-02-26_23_30_03,bumblebox-15,/media/august/AutoPolls9/dose-curve-pesticide-data/MCs-7-and-8/post-exposure/bumblebox-15_2026-02-26_23_30_03.mp4,/tmp/bumblebox_hourly_primary_mc1_8_explicit_links/MCs-7-and-8/post/2026-02-26/bumblebox-15_2026-02-26_23_30_03.mp4,base_hourly,original hourly round-robin selection
606,24,pre,true,MCs-9-and-10,9;10,2026-03-02,2026-03-01,pre_dose_d_minus_1,23,30,fallback_hh30_missing_hh00,full_24_hours,bumblebox-07_2026-03-01_23_30_03,bumblebox-07,/media/august/Expansion/Behavioral-Entropy-Pesticide-Dosing-Exps/MCs-9-and-10/2026-03-01/bumblebox-07_2026-03-01_23_30_03.mp4,/tmp/bumblebox_hourly_primary_mc9_24_links/MCs-9-and-10/2026-03-01/bumblebox-07_2026-03-01_23_30_03.mp4,base_hourly,original hourly round-robin selection
607,24,post,true,MCs-9-and-10,9;10,2026-03-02,2026-03-05,post_dose_d_plus_3,23,30,fallback_hh30_missing_hh00,full_24_hours,bumblebox-07_2026-03-05_23_30_03,bumblebox-07,/media/august/Expansion/Behavioral-Entropy-Pesticide-Dosing-Exps/MCs-9-and-10/2026-03-05/bumblebox-07_2026-03-05_23_30_03.mp4,/tmp/bumblebox_hourly_primary_mc9_24_links/MCs-9-and-10/2026-03-05/bumblebox-07_2026-03-05_23_30_03.mp4,base_hourly,original hourly round-robin selection
608,24,pre,true,MCs-13-and-14,13;14,2026-03-02,2026-03-01,pre_dose_d_minus_1,23,30,fallback_hh30_missing_hh00,full_24_hours,bumblebox-18_2026-03-01_23_30_03,bumblebox-18,/media/august/Expansion/Behavioral-Entropy-Pesticide-Dosing-Exps/MCs-13-and-14/2026-03-01/bumblebox-18_2026-03-01_23_30_03.mp4,/tmp/bumblebox_hourly_primary_mc9_24_links/MCs-13-and-14/2026-03-01/bumblebox-18_2026-03-01_23_30_03.mp4,base_hourly,original hourly round-robin selection
609,24,post,true,MCs-13-and-14,13;14,2026-03-02,2026-03-05,post_dose_d_plus_3,23,30,fallback_hh30_missing_hh00,full_24_hours,bumblebox-18_2026-03-05_23_30_04,bumblebox-18,/media/august/Expansion/Behavioral-Entropy-Pesticide-Dosing-Exps/MCs-13-and-14/2026-03-05/bumblebox-18_2026-03-05_23_30_04.mp4,/tmp/bumblebox_hourly_primary_mc9_24_links/MCs-13-and-14/2026-03-05/bumblebox-18_2026-03-05_23_30_04.mp4,base_hourly,original hourly round-robin selection
610,24,post,true,MCs-15-and-16,15;16,2026-03-02,2026-03-05,post_dose_d_plus_3,23,30,fallback_hh30_missing_hh00,full_24_hours,bumblebox-15_2026-03-05_23_30_03,bumblebox-15,/media/august/Expansion/Behavioral-Entropy-Pesticide-Dosing-Exps/MCs-15-and-16/2026-03-05/bumblebox-15_2026-03-05_23_30_03.mp4,/tmp/bumblebox_hourly_primary_mc9_24_links/MCs-15-and-16/2026-03-05/bumblebox-15_2026-03-05_23_30_03.mp4,base_hourly,original hourly round-robin selection
611,24,pre,true,MCs-17-and-18,17;18,2026-03-16,2026-03-15,pre_dose_d_minus_1,23,30,fallback_hh30_missing_hh00,full_24_hours,bumblebox-9_2026-03-15_23_30_04,bumblebox-9,/media/august/Expansion/Behavioral-Entropy-Pesticide-Dosing-Exps/MCs-17-and-18/2026-03-15/bumblebox-9_2026-03-15_23_30_04.mp4,/tmp/bumblebox_hourly_primary_mc9_24_links/MCs-17-and-18/2026-03-15/bumblebox-9_2026-03-15_23_30_04.mp4,base_hourly,original hourly round-robin selection
612,24,post,true,MCs-17-and-18,17;18,2026-03-16,2026-03-19,post_dose_d_plus_3,23,30,fallback_hh30_missing_hh00,full_24_hours,bumblebox-9_2026-03-19_23_30_05,bumblebox-9,/media/august/Expansion/Behavioral-Entropy-Pesticide-Dosing-Exps/MCs-17-and-18/2026-03-19/bumblebox-9_2026-03-19_23_30_05.mp4,/tmp/bumblebox_hourly_primary_mc9_24_links/MCs-17-and-18/2026-03-19/bumblebox-9_2026-03-19_23_30_05.mp4,base_hourly,original hourly round-robin selection
613,24,pre,true,MCs-19-and-20,19;20,2026-03-16,2026-03-15,pre_dose_d_minus_1,23,30,fallback_hh30_missing_hh00,full_24_hours,bumblebox-19_2026-03-15_23_30_03,bumblebox-19,/media/august/Expansion/Behavioral-Entropy-Pesticide-Dosing-Exps/MCs-19-and-20/2026-03-15/bumblebox-19_2026-03-15_23_30_03.mp4,/tmp/bumblebox_hourly_primary_mc9_24_links/MCs-19-and-20/2026-03-15/bumblebox-19_2026-03-15_23_30_03.mp4,base_hourly,original hourly round-robin selection
614,24,post,true,MCs-19-and-20,19;20,2026-03-16,2026-03-19,post_dose_d_plus_3,23,30,fallback_hh30_missing_hh00,full_24_hours,bumblebox-19_2026-03-19_23_30_04,bumblebox-19,/media/august/Expansion/Behavioral-Entropy-Pesticide-Dosing-Exps/MCs-19-and-20/2026-03-19/bumblebox-19_2026-03-19_23_30_04.mp4,/tmp/bumblebox_hourly_primary_mc9_24_links/MCs-19-and-20/2026-03-19/bumblebox-19_2026-03-19_23_30_04.mp4,base_hourly,original hourly round-robin selection
615,24,pre,true,MCs-21-and-22,21;22,2026-03-16,2026-03-15,pre_dose_d_minus_1,23,30,fallback_hh30_missing_hh00,full_24_hours,bumblebox-18_2026-03-15_23_30_04,bumblebox-18,/media/august/Expansion/Behavioral-Entropy-Pesticide-Dosing-Exps/MCs-21-and-22/2026-03-15/bumblebox-18_2026-03-15_23_30_04.mp4,/tmp/bumblebox_hourly_primary_mc9_24_links/MCs-21-and-22/2026-03-15/bumblebox-18_2026-03-15_23_30_04.mp4,base_hourly,original hourly round-robin selection
616,24,post,true,MCs-21-and-22,21;22,2026-03-16,2026-03-18,post_dose_d_plus_2_substitute,23,30,fallback_hh30_missing_hh00,full_24_hours,bumblebox-18_2026-03-18_23_30_04,bumblebox-18,/media/august/Expansion/Behavioral-Entropy-Pesticide-Dosing-Exps/MCs-21-and-22/2026-03-18/bumblebox-18_2026-03-18_23_30_04.mp4,/tmp/bumblebox_hourly_primary_mc9_24_links/MCs-21-and-22/2026-03-18/bumblebox-18_2026-03-18_23_30_04.mp4,base_hourly,original hourly round-robin selection
617,24,pre,true,MCs-23-and-24,23;24,2026-03-16,2026-03-15,pre_dose_d_minus_1,23,30,fallback_hh30_missing_hh00,full_24_hours,bumblebox-15_2026-03-15_23_30_03,bumblebox-15,/media/august/Expansion/Behavioral-Entropy-Pesticide-Dosing-Exps/MCs-23-and-24/2026-03-15/bumblebox-15_2026-03-15_23_30_03.mp4,/tmp/bumblebox_hourly_primary_mc9_24_links/MCs-23-and-24/2026-03-15/bumblebox-15_2026-03-15_23_30_03.mp4,base_hourly,original hourly round-robin selection
618,24,post,true,MCs-23-and-24,23;24,2026-03-16,2026-03-19,post_dose_d_plus_3,23,30,fallback_hh30_missing_hh00,full_24_hours,bumblebox-15_2026-03-19_23_30_03,bumblebox-15,/media/august/Expansion/Behavioral-Entropy-Pesticide-Dosing-Exps/MCs-23-and-24/2026-03-19/bumblebox-15_2026-03-19_23_30_03.mp4,/tmp/bumblebox_hourly_primary_mc9_24_links/MCs-23-and-24/2026-03-19/bumblebox-15_2026-03-19_23_30_03.mp4,base_hourly,original hourly round-robin selection
