balanced_round_robin_order,balanced_slot_index,balanced_period,include_in_hourly_primary,microcolony_pair,microcolony_ids,exposure_date,source_date,relative_period,target_hour,selected_minute,selection_status,day_status,video_id,filename_camera_label,source_video_path,symlink_path,augmentation_reason,augmentation_note
1,1,pre,true,MCs-1-and-2,1;2,2026-02-23,2026-02-23,pre_exposure_folder,00,00,exact_hh00,partial_day,bumblebox-19_2026-02-23_00_00_03,bumblebox-19,/media/august/AutoPolls9/dose-curve-pesticide-data/MCs-1-and-2/pre-exposure/bumblebox-19_2026-02-23_00_00_03.mp4,/tmp/bumblebox_hourly_primary_mc1_8_explicit_links/MCs-1-and-2/pre/2026-02-23/bumblebox-19_2026-02-23_00_00_03.mp4,base_hourly,original hourly round-robin selection
2,1,pre,true,MCs-1-and-2,1;2,,2026-02-23,augmented_pre_exposure,00,10,augmented_extra,augmented,bumblebox-19_2026-02-23_00_10_02,bumblebox-19,/media/august/AutoPolls9/dose-curve-pesticide-data/MCs-1-and-2/pre-exposure/bumblebox-19_2026-02-23_00_10_02.mp4,,pre_fill_to_24_if_possible,fill MCs-1-and-2 pre from 16 toward 24 using non-hourly pre videos
3,1,post,true,MCs-1-and-2,1;2,2026-02-23,2026-02-26,post_exposure_folder,00,00,exact_hh00,full_24_hours,bumblebox-19_2026-02-26_00_00_04,bumblebox-19,/media/august/AutoPolls9/dose-curve-pesticide-data/MCs-1-and-2/post-exposure/bumblebox-19_2026-02-26_00_00_04.mp4,/tmp/bumblebox_hourly_primary_mc1_8_explicit_links/MCs-1-and-2/post/2026-02-26/bumblebox-19_2026-02-26_00_00_04.mp4,base_hourly,original hourly round-robin selection
4,1,pre,true,MCs-3-and-4,3;4,2026-02-23,2026-02-22,pre_exposure_folder,00,00,exact_hh00,full_24_hours,bumblebox-07_2026-02-22_00_00_03,bumblebox-07,/media/august/AutoPolls9/dose-curve-pesticide-data/MCs-3-and-4/pre-exposure/bumblebox-07_2026-02-22_00_00_03.mp4,/tmp/bumblebox_hourly_primary_mc1_8_explicit_links/MCs-3-and-4/pre/2026-02-22/bumblebox-07_2026-02-22_00_00_03.mp4,base_hourly,original hourly round-robin selection
5,1,post,true,MCs-3-and-4,3;4,2026-02-23,2026-02-26,post_exposure_folder,00,00,exact_hh00,full_24_hours,bumblebox-07_2026-02-26_00_00_03,bumblebox-07,/media/august/AutoPolls9/dose-curve-pesticide-data/MCs-3-and-4/post-exposure/bumblebox-07_2026-02-26_00_00_03.mp4,/tmp/bumblebox_hourly_primary_mc1_8_explicit_links/MCs-3-and-4/post/2026-02-26/bumblebox-07_2026-02-26_00_00_03.mp4,base_hourly,original hourly round-robin selection
6,1,post,true,MCs-5-and-6,5;6,2026-02-23,2026-02-26,post_exposure_folder,00,00,exact_hh00,full_24_hours,bumblebox-18_2026-02-26_00_00_05,bumblebox-18,/media/august/AutoPolls9/dose-curve-pesticide-data/MCs-5-and-6/post-exposure/bumblebox-18_2026-02-26_00_00_05.mp4,/tmp/bumblebox_hourly_primary_mc1_8_explicit_links/MCs-5-and-6/post/2026-02-26/bumblebox-18_2026-02-26_00_00_05.mp4,base_hourly,original hourly round-robin selection
7,1,post,true,MCs-7-and-8,7;8,2026-02-23,2026-02-26,post_exposure_folder,00,00,exact_hh00,full_24_hours,bumblebox-15_2026-02-26_00_00_03,bumblebox-15,/media/august/AutoPolls9/dose-curve-pesticide-data/MCs-7-and-8/post-exposure/bumblebox-15_2026-02-26_00_00_03.mp4,/tmp/bumblebox_hourly_primary_mc1_8_explicit_links/MCs-7-and-8/post/2026-02-26/bumblebox-15_2026-02-26_00_00_03.mp4,base_hourly,original hourly round-robin selection
8,1,pre,true,MCs-9-and-10,9;10,2026-03-02,2026-03-01,pre_dose_d_minus_1,00,00,exact_hh00,full_24_hours,bumblebox-07_2026-03-01_00_00_03,bumblebox-07,/media/august/Expansion/Behavioral-Entropy-Pesticide-Dosing-Exps/MCs-9-and-10/2026-03-01/bumblebox-07_2026-03-01_00_00_03.mp4,/tmp/bumblebox_hourly_primary_mc9_24_links/MCs-9-and-10/2026-03-01/bumblebox-07_2026-03-01_00_00_03.mp4,base_hourly,original hourly round-robin selection
9,1,post,true,MCs-9-and-10,9;10,2026-03-02,2026-03-05,post_dose_d_plus_3,00,00,exact_hh00,full_24_hours,bumblebox-07_2026-03-05_00_00_03,bumblebox-07,/media/august/Expansion/Behavioral-Entropy-Pesticide-Dosing-Exps/MCs-9-and-10/2026-03-05/bumblebox-07_2026-03-05_00_00_03.mp4,/tmp/bumblebox_hourly_primary_mc9_24_links/MCs-9-and-10/2026-03-05/bumblebox-07_2026-03-05_00_00_03.mp4,base_hourly,original hourly round-robin selection
10,1,post,true,MCs-11-and-12,11;12,2026-03-02,2026-03-05,post_dose_d_plus_3,00,00,exact_hh00,partial_day,bumblebox-19_2026-03-05_00_00_05,bumblebox-19,/media/august/Expansion/Behavioral-Entropy-Pesticide-Dosing-Exps/MCs-11-and-12/2026-03-05/bumblebox-19_2026-03-05_00_00_05.mp4,/tmp/bumblebox_hourly_primary_mc9_24_links/MCs-11-and-12/2026-03-05/bumblebox-19_2026-03-05_00_00_05.mp4,base_hourly,original hourly round-robin selection
11,1,pre,true,MCs-13-and-14,13;14,2026-03-02,2026-03-01,pre_dose_d_minus_1,00,00,exact_hh00,full_24_hours,bumblebox-18_2026-03-01_00_00_03,bumblebox-18,/media/august/Expansion/Behavioral-Entropy-Pesticide-Dosing-Exps/MCs-13-and-14/2026-03-01/bumblebox-18_2026-03-01_00_00_03.mp4,/tmp/bumblebox_hourly_primary_mc9_24_links/MCs-13-and-14/2026-03-01/bumblebox-18_2026-03-01_00_00_03.mp4,base_hourly,original hourly round-robin selection
12,1,pre,true,MCs-13-and-14,13;14,,2026-03-01,augmented_pre_exposure,00,30,augmented_extra,augmented,bumblebox-18_2026-03-01_00_30_07,bumblebox-18,/media/august/Expansion/Behavioral-Entropy-Pesticide-Dosing-Exps/MCs-13-and-14/2026-03-01/bumblebox-18_2026-03-01_00_30_07.mp4,,blur_compensation_0.5ppb,extra pre videos for MC14 to compensate blurry MC1 0.5ppb
13,1,post,true,MCs-13-and-14,13;14,2026-03-02,2026-03-05,post_dose_d_plus_3,00,00,exact_hh00,full_24_hours,bumblebox-18_2026-03-05_00_00_03,bumblebox-18,/media/august/Expansion/Behavioral-Entropy-Pesticide-Dosing-Exps/MCs-13-and-14/2026-03-05/bumblebox-18_2026-03-05_00_00_03.mp4,/tmp/bumblebox_hourly_primary_mc9_24_links/MCs-13-and-14/2026-03-05/bumblebox-18_2026-03-05_00_00_03.mp4,base_hourly,original hourly round-robin selection
14,1,post,true,MCs-15-and-16,15;16,2026-03-02,2026-03-05,post_dose_d_plus_3,00,00,exact_hh00,full_24_hours,bumblebox-15_2026-03-05_00_00_05,bumblebox-15,/media/august/Expansion/Behavioral-Entropy-Pesticide-Dosing-Exps/MCs-15-and-16/2026-03-05/bumblebox-15_2026-03-05_00_00_05.mp4,/tmp/bumblebox_hourly_primary_mc9_24_links/MCs-15-and-16/2026-03-05/bumblebox-15_2026-03-05_00_00_05.mp4,base_hourly,original hourly round-robin selection
15,1,pre,true,MCs-17-and-18,17;18,2026-03-16,2026-03-15,pre_dose_d_minus_1,00,00,exact_hh00,full_24_hours,bumblebox-9_2026-03-15_00_00_03,bumblebox-9,/media/august/Expansion/Behavioral-Entropy-Pesticide-Dosing-Exps/MCs-17-and-18/2026-03-15/bumblebox-9_2026-03-15_00_00_03.mp4,/tmp/bumblebox_hourly_primary_mc9_24_links/MCs-17-and-18/2026-03-15/bumblebox-9_2026-03-15_00_00_03.mp4,base_hourly,original hourly round-robin selection
16,1,pre,true,MCs-17-and-18,17;18,,2026-03-15,augmented_pre_exposure,00,30,augmented_extra,augmented,bumblebox-9_2026-03-15_00_30_03,bumblebox-9,/media/august/Expansion/Behavioral-Entropy-Pesticide-Dosing-Exps/MCs-17-and-18/2026-03-15/bumblebox-9_2026-03-15_00_30_03.mp4,,blur_compensation_10ppb,all available extra pre videos for MC17 to compensate blurry MC2 10ppb; MC16 has no pre source videos
17,1,post,true,MCs-17-and-18,17;18,2026-03-16,2026-03-19,post_dose_d_plus_3,00,00,exact_hh00,full_24_hours,bumblebox-9_2026-03-19_00_00_03,bumblebox-9,/media/august/Expansion/Behavioral-Entropy-Pesticide-Dosing-Exps/MCs-17-and-18/2026-03-19/bumblebox-9_2026-03-19_00_00_03.mp4,/tmp/bumblebox_hourly_primary_mc9_24_links/MCs-17-and-18/2026-03-19/bumblebox-9_2026-03-19_00_00_03.mp4,base_hourly,original hourly round-robin selection
18,1,pre,true,MCs-19-and-20,19;20,2026-03-16,2026-03-15,pre_dose_d_minus_1,00,00,exact_hh00,full_24_hours,bumblebox-19_2026-03-15_00_00_05,bumblebox-19,/media/august/Expansion/Behavioral-Entropy-Pesticide-Dosing-Exps/MCs-19-and-20/2026-03-15/bumblebox-19_2026-03-15_00_00_05.mp4,/tmp/bumblebox_hourly_primary_mc9_24_links/MCs-19-and-20/2026-03-15/bumblebox-19_2026-03-15_00_00_05.mp4,base_hourly,original hourly round-robin selection
19,1,post,true,MCs-19-and-20,19;20,2026-03-16,2026-03-19,post_dose_d_plus_3,00,00,exact_hh00,full_24_hours,bumblebox-19_2026-03-19_00_00_03,bumblebox-19,/media/august/Expansion/Behavioral-Entropy-Pesticide-Dosing-Exps/MCs-19-and-20/2026-03-19/bumblebox-19_2026-03-19_00_00_03.mp4,/tmp/bumblebox_hourly_primary_mc9_24_links/MCs-19-and-20/2026-03-19/bumblebox-19_2026-03-19_00_00_03.mp4,base_hourly,original hourly round-robin selection
20,1,pre,true,MCs-21-and-22,21;22,2026-03-16,2026-03-15,pre_dose_d_minus_1,00,00,exact_hh00,full_24_hours,bumblebox-18_2026-03-15_00_00_04,bumblebox-18,/media/august/Expansion/Behavioral-Entropy-Pesticide-Dosing-Exps/MCs-21-and-22/2026-03-15/bumblebox-18_2026-03-15_00_00_04.mp4,/tmp/bumblebox_hourly_primary_mc9_24_links/MCs-21-and-22/2026-03-15/bumblebox-18_2026-03-15_00_00_04.mp4,base_hourly,original hourly round-robin selection
21,1,pre,true,MCs-21-and-22,21;22,,2026-03-15,augmented_pre_exposure,00,30,augmented_extra,augmented,bumblebox-18_2026-03-15_00_30_04,bumblebox-18,/media/august/Expansion/Behavioral-Entropy-Pesticide-Dosing-Exps/MCs-21-and-22/2026-03-15/bumblebox-18_2026-03-15_00_30_04.mp4,,blur_compensation_0.5ppb,extra pre videos for MC21 to compensate blurry MC1 0.5ppb
22,1,post,true,MCs-21-and-22,21;22,2026-03-16,2026-03-18,post_dose_d_plus_2_substitute,00,00,exact_hh00,full_24_hours,bumblebox-18_2026-03-18_00_00_03,bumblebox-18,/media/august/Expansion/Behavioral-Entropy-Pesticide-Dosing-Exps/MCs-21-and-22/2026-03-18/bumblebox-18_2026-03-18_00_00_03.mp4,/tmp/bumblebox_hourly_primary_mc9_24_links/MCs-21-and-22/2026-03-18/bumblebox-18_2026-03-18_00_00_03.mp4,base_hourly,original hourly round-robin selection
23,1,pre,true,MCs-23-and-24,23;24,2026-03-16,2026-03-15,pre_dose_d_minus_1,00,00,exact_hh00,full_24_hours,bumblebox-15_2026-03-15_00_00_03,bumblebox-15,/media/august/Expansion/Behavioral-Entropy-Pesticide-Dosing-Exps/MCs-23-and-24/2026-03-15/bumblebox-15_2026-03-15_00_00_03.mp4,/tmp/bumblebox_hourly_primary_mc9_24_links/MCs-23-and-24/2026-03-15/bumblebox-15_2026-03-15_00_00_03.mp4,base_hourly,original hourly round-robin selection
24,1,post,true,MCs-23-and-24,23;24,2026-03-16,2026-03-19,post_dose_d_plus_3,00,00,exact_hh00,full_24_hours,bumblebox-15_2026-03-19_00_00_05,bumblebox-15,/media/august/Expansion/Behavioral-Entropy-Pesticide-Dosing-Exps/MCs-23-and-24/2026-03-19/bumblebox-15_2026-03-19_00_00_05.mp4,/tmp/bumblebox_hourly_primary_mc9_24_links/MCs-23-and-24/2026-03-19/bumblebox-15_2026-03-19_00_00_05.mp4,base_hourly,original hourly round-robin selection
25,2,pre,true,MCs-1-and-2,1;2,2026-02-23,2026-02-23,pre_exposure_folder,01,00,exact_hh00,partial_day,bumblebox-19_2026-02-23_01_00_03,bumblebox-19,/media/august/AutoPolls9/dose-curve-pesticide-data/MCs-1-and-2/pre-exposure/bumblebox-19_2026-02-23_01_00_03.mp4,/tmp/bumblebox_hourly_primary_mc1_8_explicit_links/MCs-1-and-2/pre/2026-02-23/bumblebox-19_2026-02-23_01_00_03.mp4,base_hourly,original hourly round-robin selection
26,2,post,true,MCs-1-and-2,1;2,2026-02-23,2026-02-26,post_exposure_folder,01,00,exact_hh00,full_24_hours,bumblebox-19_2026-02-26_01_00_04,bumblebox-19,/media/august/AutoPolls9/dose-curve-pesticide-data/MCs-1-and-2/post-exposure/bumblebox-19_2026-02-26_01_00_04.mp4,/tmp/bumblebox_hourly_primary_mc1_8_explicit_links/MCs-1-and-2/post/2026-02-26/bumblebox-19_2026-02-26_01_00_04.mp4,base_hourly,original hourly round-robin selection
27,2,pre,true,MCs-3-and-4,3;4,2026-02-23,2026-02-22,pre_exposure_folder,01,00,exact_hh00,full_24_hours,bumblebox-07_2026-02-22_01_00_02,bumblebox-07,/media/august/AutoPolls9/dose-curve-pesticide-data/MCs-3-and-4/pre-exposure/bumblebox-07_2026-02-22_01_00_02.mp4,/tmp/bumblebox_hourly_primary_mc1_8_explicit_links/MCs-3-and-4/pre/2026-02-22/bumblebox-07_2026-02-22_01_00_02.mp4,base_hourly,original hourly round-robin selection
28,2,post,true,MCs-3-and-4,3;4,2026-02-23,2026-02-26,post_exposure_folder,01,00,exact_hh00,full_24_hours,bumblebox-07_2026-02-26_01_00_03,bumblebox-07,/media/august/AutoPolls9/dose-curve-pesticide-data/MCs-3-and-4/post-exposure/bumblebox-07_2026-02-26_01_00_03.mp4,/tmp/bumblebox_hourly_primary_mc1_8_explicit_links/MCs-3-and-4/post/2026-02-26/bumblebox-07_2026-02-26_01_00_03.mp4,base_hourly,original hourly round-robin selection
29,2,post,true,MCs-5-and-6,5;6,2026-02-23,2026-02-26,post_exposure_folder,01,00,exact_hh00,full_24_hours,bumblebox-18_2026-02-26_01_00_04,bumblebox-18,/media/august/AutoPolls9/dose-curve-pesticide-data/MCs-5-and-6/post-exposure/bumblebox-18_2026-02-26_01_00_04.mp4,/tmp/bumblebox_hourly_primary_mc1_8_explicit_links/MCs-5-and-6/post/2026-02-26/bumblebox-18_2026-02-26_01_00_04.mp4,base_hourly,original hourly round-robin selection
30,2,post,true,MCs-7-and-8,7;8,2026-02-23,2026-02-26,post_exposure_folder,01,00,exact_hh00,full_24_hours,bumblebox-15_2026-02-26_01_00_02,bumblebox-15,/media/august/AutoPolls9/dose-curve-pesticide-data/MCs-7-and-8/post-exposure/bumblebox-15_2026-02-26_01_00_02.mp4,/tmp/bumblebox_hourly_primary_mc1_8_explicit_links/MCs-7-and-8/post/2026-02-26/bumblebox-15_2026-02-26_01_00_02.mp4,base_hourly,original hourly round-robin selection
31,2,pre,true,MCs-9-and-10,9;10,2026-03-02,2026-03-01,pre_dose_d_minus_1,01,00,exact_hh00,full_24_hours,bumblebox-07_2026-03-01_01_00_03,bumblebox-07,/media/august/Expansion/Behavioral-Entropy-Pesticide-Dosing-Exps/MCs-9-and-10/2026-03-01/bumblebox-07_2026-03-01_01_00_03.mp4,/tmp/bumblebox_hourly_primary_mc9_24_links/MCs-9-and-10/2026-03-01/bumblebox-07_2026-03-01_01_00_03.mp4,base_hourly,original hourly round-robin selection
32,2,post,true,MCs-9-and-10,9;10,2026-03-02,2026-03-05,post_dose_d_plus_3,01,00,exact_hh00,full_24_hours,bumblebox-07_2026-03-05_01_00_03,bumblebox-07,/media/august/Expansion/Behavioral-Entropy-Pesticide-Dosing-Exps/MCs-9-and-10/2026-03-05/bumblebox-07_2026-03-05_01_00_03.mp4,/tmp/bumblebox_hourly_primary_mc9_24_links/MCs-9-and-10/2026-03-05/bumblebox-07_2026-03-05_01_00_03.mp4,base_hourly,original hourly round-robin selection
33,2,post,true,MCs-11-and-12,11;12,2026-03-02,2026-03-05,post_dose_d_plus_3,01,00,exact_hh00,partial_day,bumblebox-19_2026-03-05_01_00_04,bumblebox-19,/media/august/Expansion/Behavioral-Entropy-Pesticide-Dosing-Exps/MCs-11-and-12/2026-03-05/bumblebox-19_2026-03-05_01_00_04.mp4,/tmp/bumblebox_hourly_primary_mc9_24_links/MCs-11-and-12/2026-03-05/bumblebox-19_2026-03-05_01_00_04.mp4,base_hourly,original hourly round-robin selection
34,2,pre,true,MCs-13-and-14,13;14,2026-03-02,2026-03-01,pre_dose_d_minus_1,01,00,exact_hh00,full_24_hours,bumblebox-18_2026-03-01_01_00_03,bumblebox-18,/media/august/Expansion/Behavioral-Entropy-Pesticide-Dosing-Exps/MCs-13-and-14/2026-03-01/bumblebox-18_2026-03-01_01_00_03.mp4,/tmp/bumblebox_hourly_primary_mc9_24_links/MCs-13-and-14/2026-03-01/bumblebox-18_2026-03-01_01_00_03.mp4,base_hourly,original hourly round-robin selection
35,2,post,true,MCs-13-and-14,13;14,2026-03-02,2026-03-05,post_dose_d_plus_3,01,00,exact_hh00,full_24_hours,bumblebox-18_2026-03-05_01_00_04,bumblebox-18,/media/august/Expansion/Behavioral-Entropy-Pesticide-Dosing-Exps/MCs-13-and-14/2026-03-05/bumblebox-18_2026-03-05_01_00_04.mp4,/tmp/bumblebox_hourly_primary_mc9_24_links/MCs-13-and-14/2026-03-05/bumblebox-18_2026-03-05_01_00_04.mp4,base_hourly,original hourly round-robin selection
36,2,post,true,MCs-15-and-16,15;16,2026-03-02,2026-03-05,post_dose_d_plus_3,01,00,exact_hh00,full_24_hours,bumblebox-15_2026-03-05_01_00_04,bumblebox-15,/media/august/Expansion/Behavioral-Entropy-Pesticide-Dosing-Exps/MCs-15-and-16/2026-03-05/bumblebox-15_2026-03-05_01_00_04.mp4,/tmp/bumblebox_hourly_primary_mc9_24_links/MCs-15-and-16/2026-03-05/bumblebox-15_2026-03-05_01_00_04.mp4,base_hourly,original hourly round-robin selection
37,2,pre,true,MCs-17-and-18,17;18,2026-03-16,2026-03-15,pre_dose_d_minus_1,01,00,exact_hh00,full_24_hours,bumblebox-9_2026-03-15_01_00_03,bumblebox-9,/media/august/Expansion/Behavioral-Entropy-Pesticide-Dosing-Exps/MCs-17-and-18/2026-03-15/bumblebox-9_2026-03-15_01_00_03.mp4,/tmp/bumblebox_hourly_primary_mc9_24_links/MCs-17-and-18/2026-03-15/bumblebox-9_2026-03-15_01_00_03.mp4,base_hourly,original hourly round-robin selection
38,2,pre,true,MCs-17-and-18,17;18,,2026-03-15,augmented_pre_exposure,01,30,augmented_extra,augmented,bumblebox-9_2026-03-15_01_30_03,bumblebox-9,/media/august/Expansion/Behavioral-Entropy-Pesticide-Dosing-Exps/MCs-17-and-18/2026-03-15/bumblebox-9_2026-03-15_01_30_03.mp4,,blur_compensation_10ppb,all available extra pre videos for MC17 to compensate blurry MC2 10ppb; MC16 has no pre source videos
39,2,post,true,MCs-17-and-18,17;18,2026-03-16,2026-03-19,post_dose_d_plus_3,01,00,exact_hh00,full_24_hours,bumblebox-9_2026-03-19_01_00_03,bumblebox-9,/media/august/Expansion/Behavioral-Entropy-Pesticide-Dosing-Exps/MCs-17-and-18/2026-03-19/bumblebox-9_2026-03-19_01_00_03.mp4,/tmp/bumblebox_hourly_primary_mc9_24_links/MCs-17-and-18/2026-03-19/bumblebox-9_2026-03-19_01_00_03.mp4,base_hourly,original hourly round-robin selection
40,2,pre,true,MCs-19-and-20,19;20,2026-03-16,2026-03-15,pre_dose_d_minus_1,01,00,exact_hh00,full_24_hours,bumblebox-19_2026-03-15_01_00_04,bumblebox-19,/media/august/Expansion/Behavioral-Entropy-Pesticide-Dosing-Exps/MCs-19-and-20/2026-03-15/bumblebox-19_2026-03-15_01_00_04.mp4,/tmp/bumblebox_hourly_primary_mc9_24_links/MCs-19-and-20/2026-03-15/bumblebox-19_2026-03-15_01_00_04.mp4,base_hourly,original hourly round-robin selection
41,2,post,true,MCs-19-and-20,19;20,2026-03-16,2026-03-19,post_dose_d_plus_3,01,00,exact_hh00,full_24_hours,bumblebox-19_2026-03-19_01_00_03,bumblebox-19,/media/august/Expansion/Behavioral-Entropy-Pesticide-Dosing-Exps/MCs-19-and-20/2026-03-19/bumblebox-19_2026-03-19_01_00_03.mp4,/tmp/bumblebox_hourly_primary_mc9_24_links/MCs-19-and-20/2026-03-19/bumblebox-19_2026-03-19_01_00_03.mp4,base_hourly,original hourly round-robin selection
42,2,pre,true,MCs-21-and-22,21;22,2026-03-16,2026-03-15,pre_dose_d_minus_1,01,00,exact_hh00,full_24_hours,bumblebox-18_2026-03-15_01_00_03,bumblebox-18,/media/august/Expansion/Behavioral-Entropy-Pesticide-Dosing-Exps/MCs-21-and-22/2026-03-15/bumblebox-18_2026-03-15_01_00_03.mp4,/tmp/bumblebox_hourly_primary_mc9_24_links/MCs-21-and-22/2026-03-15/bumblebox-18_2026-03-15_01_00_03.mp4,base_hourly,original hourly round-robin selection
43,2,post,true,MCs-21-and-22,21;22,2026-03-16,2026-03-18,post_dose_d_plus_2_substitute,01,00,exact_hh00,full_24_hours,bumblebox-18_2026-03-18_01_00_04,bumblebox-18,/media/august/Expansion/Behavioral-Entropy-Pesticide-Dosing-Exps/MCs-21-and-22/2026-03-18/bumblebox-18_2026-03-18_01_00_04.mp4,/tmp/bumblebox_hourly_primary_mc9_24_links/MCs-21-and-22/2026-03-18/bumblebox-18_2026-03-18_01_00_04.mp4,base_hourly,original hourly round-robin selection
44,2,pre,true,MCs-23-and-24,23;24,2026-03-16,2026-03-15,pre_dose_d_minus_1,01,00,exact_hh00,full_24_hours,bumblebox-15_2026-03-15_01_00_03,bumblebox-15,/media/august/Expansion/Behavioral-Entropy-Pesticide-Dosing-Exps/MCs-23-and-24/2026-03-15/bumblebox-15_2026-03-15_01_00_03.mp4,/tmp/bumblebox_hourly_primary_mc9_24_links/MCs-23-and-24/2026-03-15/bumblebox-15_2026-03-15_01_00_03.mp4,base_hourly,original hourly round-robin selection
45,2,post,true,MCs-23-and-24,23;24,2026-03-16,2026-03-19,post_dose_d_plus_3,01,00,exact_hh00,full_24_hours,bumblebox-15_2026-03-19_01_00_04,bumblebox-15,/media/august/Expansion/Behavioral-Entropy-Pesticide-Dosing-Exps/MCs-23-and-24/2026-03-19/bumblebox-15_2026-03-19_01_00_04.mp4,/tmp/bumblebox_hourly_primary_mc9_24_links/MCs-23-and-24/2026-03-19/bumblebox-15_2026-03-19_01_00_04.mp4,base_hourly,original hourly round-robin selection
46,3,pre,true,MCs-1-and-2,1;2,2026-02-23,2026-02-23,pre_exposure_folder,02,00,exact_hh00,partial_day,bumblebox-19_2026-02-23_02_00_03,bumblebox-19,/media/august/AutoPolls9/dose-curve-pesticide-data/MCs-1-and-2/pre-exposure/bumblebox-19_2026-02-23_02_00_03.mp4,/tmp/bumblebox_hourly_primary_mc1_8_explicit_links/MCs-1-and-2/pre/2026-02-23/bumblebox-19_2026-02-23_02_00_03.mp4,base_hourly,original hourly round-robin selection
47,3,pre,true,MCs-1-and-2,1;2,,2026-02-23,augmented_pre_exposure,02,20,augmented_extra,augmented,bumblebox-19_2026-02-23_02_20_03,bumblebox-19,/media/august/AutoPolls9/dose-curve-pesticide-data/MCs-1-and-2/pre-exposure/bumblebox-19_2026-02-23_02_20_03.mp4,,pre_fill_to_24_if_possible,fill MCs-1-and-2 pre from 16 toward 24 using non-hourly pre videos
48,3,post,true,MCs-1-and-2,1;2,2026-02-23,2026-02-26,post_exposure_folder,02,00,exact_hh00,full_24_hours,bumblebox-19_2026-02-26_02_00_03,bumblebox-19,/media/august/AutoPolls9/dose-curve-pesticide-data/MCs-1-and-2/post-exposure/bumblebox-19_2026-02-26_02_00_03.mp4,/tmp/bumblebox_hourly_primary_mc1_8_explicit_links/MCs-1-and-2/post/2026-02-26/bumblebox-19_2026-02-26_02_00_03.mp4,base_hourly,original hourly round-robin selection
49,3,pre,true,MCs-3-and-4,3;4,2026-02-23,2026-02-22,pre_exposure_folder,02,00,exact_hh00,full_24_hours,bumblebox-07_2026-02-22_02_00_03,bumblebox-07,/media/august/AutoPolls9/dose-curve-pesticide-data/MCs-3-and-4/pre-exposure/bumblebox-07_2026-02-22_02_00_03.mp4,/tmp/bumblebox_hourly_primary_mc1_8_explicit_links/MCs-3-and-4/pre/2026-02-22/bumblebox-07_2026-02-22_02_00_03.mp4,base_hourly,original hourly round-robin selection
50,3,post,true,MCs-3-and-4,3;4,2026-02-23,2026-02-26,post_exposure_folder,02,00,exact_hh00,full_24_hours,bumblebox-07_2026-02-26_02_00_03,bumblebox-07,/media/august/AutoPolls9/dose-curve-pesticide-data/MCs-3-and-4/post-exposure/bumblebox-07_2026-02-26_02_00_03.mp4,/tmp/bumblebox_hourly_primary_mc1_8_explicit_links/MCs-3-and-4/post/2026-02-26/bumblebox-07_2026-02-26_02_00_03.mp4,base_hourly,original hourly round-robin selection
51,3,post,true,MCs-5-and-6,5;6,2026-02-23,2026-02-26,post_exposure_folder,02,00,exact_hh00,full_24_hours,bumblebox-18_2026-02-26_02_00_04,bumblebox-18,/media/august/AutoPolls9/dose-curve-pesticide-data/MCs-5-and-6/post-exposure/bumblebox-18_2026-02-26_02_00_04.mp4,/tmp/bumblebox_hourly_primary_mc1_8_explicit_links/MCs-5-and-6/post/2026-02-26/bumblebox-18_2026-02-26_02_00_04.mp4,base_hourly,original hourly round-robin selection
52,3,post,true,MCs-7-and-8,7;8,2026-02-23,2026-02-26,post_exposure_folder,02,00,exact_hh00,full_24_hours,bumblebox-15_2026-02-26_02_00_03,bumblebox-15,/media/august/AutoPolls9/dose-curve-pesticide-data/MCs-7-and-8/post-exposure/bumblebox-15_2026-02-26_02_00_03.mp4,/tmp/bumblebox_hourly_primary_mc1_8_explicit_links/MCs-7-and-8/post/2026-02-26/bumblebox-15_2026-02-26_02_00_03.mp4,base_hourly,original hourly round-robin selection
53,3,pre,true,MCs-9-and-10,9;10,2026-03-02,2026-03-01,pre_dose_d_minus_1,02,00,exact_hh00,full_24_hours,bumblebox-07_2026-03-01_02_00_03,bumblebox-07,/media/august/Expansion/Behavioral-Entropy-Pesticide-Dosing-Exps/MCs-9-and-10/2026-03-01/bumblebox-07_2026-03-01_02_00_03.mp4,/tmp/bumblebox_hourly_primary_mc9_24_links/MCs-9-and-10/2026-03-01/bumblebox-07_2026-03-01_02_00_03.mp4,base_hourly,original hourly round-robin selection
54,3,post,true,MCs-9-and-10,9;10,2026-03-02,2026-03-05,post_dose_d_plus_3,02,00,exact_hh00,full_24_hours,bumblebox-07_2026-03-05_02_00_03,bumblebox-07,/media/august/Expansion/Behavioral-Entropy-Pesticide-Dosing-Exps/MCs-9-and-10/2026-03-05/bumblebox-07_2026-03-05_02_00_03.mp4,/tmp/bumblebox_hourly_primary_mc9_24_links/MCs-9-and-10/2026-03-05/bumblebox-07_2026-03-05_02_00_03.mp4,base_hourly,original hourly round-robin selection
55,3,post,true,MCs-11-and-12,11;12,2026-03-02,2026-03-05,post_dose_d_plus_3,02,00,exact_hh00,partial_day,bumblebox-19_2026-03-05_02_00_04,bumblebox-19,/media/august/Expansion/Behavioral-Entropy-Pesticide-Dosing-Exps/MCs-11-and-12/2026-03-05/bumblebox-19_2026-03-05_02_00_04.mp4,/tmp/bumblebox_hourly_primary_mc9_24_links/MCs-11-and-12/2026-03-05/bumblebox-19_2026-03-05_02_00_04.mp4,base_hourly,original hourly round-robin selection
56,3,pre,true,MCs-13-and-14,13;14,2026-03-02,2026-03-01,pre_dose_d_minus_1,02,00,exact_hh00,full_24_hours,bumblebox-18_2026-03-01_02_00_03,bumblebox-18,/media/august/Expansion/Behavioral-Entropy-Pesticide-Dosing-Exps/MCs-13-and-14/2026-03-01/bumblebox-18_2026-03-01_02_00_03.mp4,/tmp/bumblebox_hourly_primary_mc9_24_links/MCs-13-and-14/2026-03-01/bumblebox-18_2026-03-01_02_00_03.mp4,base_hourly,original hourly round-robin selection
57,3,pre,true,MCs-13-and-14,13;14,,2026-03-01,augmented_pre_exposure,02,30,augmented_extra,augmented,bumblebox-18_2026-03-01_02_30_05,bumblebox-18,/media/august/Expansion/Behavioral-Entropy-Pesticide-Dosing-Exps/MCs-13-and-14/2026-03-01/bumblebox-18_2026-03-01_02_30_05.mp4,,blur_compensation_0.5ppb,extra pre videos for MC14 to compensate blurry MC1 0.5ppb
58,3,post,true,MCs-13-and-14,13;14,2026-03-02,2026-03-05,post_dose_d_plus_3,02,00,exact_hh00,full_24_hours,bumblebox-18_2026-03-05_02_00_03,bumblebox-18,/media/august/Expansion/Behavioral-Entropy-Pesticide-Dosing-Exps/MCs-13-and-14/2026-03-05/bumblebox-18_2026-03-05_02_00_03.mp4,/tmp/bumblebox_hourly_primary_mc9_24_links/MCs-13-and-14/2026-03-05/bumblebox-18_2026-03-05_02_00_03.mp4,base_hourly,original hourly round-robin selection
59,3,post,true,MCs-15-and-16,15;16,2026-03-02,2026-03-05,post_dose_d_plus_3,02,00,exact_hh00,full_24_hours,bumblebox-15_2026-03-05_02_00_04,bumblebox-15,/media/august/Expansion/Behavioral-Entropy-Pesticide-Dosing-Exps/MCs-15-and-16/2026-03-05/bumblebox-15_2026-03-05_02_00_04.mp4,/tmp/bumblebox_hourly_primary_mc9_24_links/MCs-15-and-16/2026-03-05/bumblebox-15_2026-03-05_02_00_04.mp4,base_hourly,original hourly round-robin selection
60,3,pre,true,MCs-17-and-18,17;18,2026-03-16,2026-03-15,pre_dose_d_minus_1,02,00,exact_hh00,full_24_hours,bumblebox-9_2026-03-15_02_00_02,bumblebox-9,/media/august/Expansion/Behavioral-Entropy-Pesticide-Dosing-Exps/MCs-17-and-18/2026-03-15/bumblebox-9_2026-03-15_02_00_02.mp4,/tmp/bumblebox_hourly_primary_mc9_24_links/MCs-17-and-18/2026-03-15/bumblebox-9_2026-03-15_02_00_02.mp4,base_hourly,original hourly round-robin selection
61,3,pre,true,MCs-17-and-18,17;18,,2026-03-15,augmented_pre_exposure,02,30,augmented_extra,augmented,bumblebox-9_2026-03-15_02_30_03,bumblebox-9,/media/august/Expansion/Behavioral-Entropy-Pesticide-Dosing-Exps/MCs-17-and-18/2026-03-15/bumblebox-9_2026-03-15_02_30_03.mp4,,blur_compensation_10ppb,all available extra pre videos for MC17 to compensate blurry MC2 10ppb; MC16 has no pre source videos
62,3,post,true,MCs-17-and-18,17;18,2026-03-16,2026-03-19,post_dose_d_plus_3,02,00,exact_hh00,full_24_hours,bumblebox-9_2026-03-19_02_00_02,bumblebox-9,/media/august/Expansion/Behavioral-Entropy-Pesticide-Dosing-Exps/MCs-17-and-18/2026-03-19/bumblebox-9_2026-03-19_02_00_02.mp4,/tmp/bumblebox_hourly_primary_mc9_24_links/MCs-17-and-18/2026-03-19/bumblebox-9_2026-03-19_02_00_02.mp4,base_hourly,original hourly round-robin selection
63,3,pre,true,MCs-19-and-20,19;20,2026-03-16,2026-03-15,pre_dose_d_minus_1,02,00,exact_hh00,full_24_hours,bumblebox-19_2026-03-15_02_00_04,bumblebox-19,/media/august/Expansion/Behavioral-Entropy-Pesticide-Dosing-Exps/MCs-19-and-20/2026-03-15/bumblebox-19_2026-03-15_02_00_04.mp4,/tmp/bumblebox_hourly_primary_mc9_24_links/MCs-19-and-20/2026-03-15/bumblebox-19_2026-03-15_02_00_04.mp4,base_hourly,original hourly round-robin selection
64,3,post,true,MCs-19-and-20,19;20,2026-03-16,2026-03-19,post_dose_d_plus_3,02,00,exact_hh00,full_24_hours,bumblebox-19_2026-03-19_02_00_05,bumblebox-19,/media/august/Expansion/Behavioral-Entropy-Pesticide-Dosing-Exps/MCs-19-and-20/2026-03-19/bumblebox-19_2026-03-19_02_00_05.mp4,/tmp/bumblebox_hourly_primary_mc9_24_links/MCs-19-and-20/2026-03-19/bumblebox-19_2026-03-19_02_00_05.mp4,base_hourly,original hourly round-robin selection
65,3,pre,true,MCs-21-and-22,21;22,2026-03-16,2026-03-15,pre_dose_d_minus_1,02,00,exact_hh00,full_24_hours,bumblebox-18_2026-03-15_02_00_04,bumblebox-18,/media/august/Expansion/Behavioral-Entropy-Pesticide-Dosing-Exps/MCs-21-and-22/2026-03-15/bumblebox-18_2026-03-15_02_00_04.mp4,/tmp/bumblebox_hourly_primary_mc9_24_links/MCs-21-and-22/2026-03-15/bumblebox-18_2026-03-15_02_00_04.mp4,base_hourly,original hourly round-robin selection
66,3,pre,true,MCs-21-and-22,21;22,,2026-03-15,augmented_pre_exposure,02,30,augmented_extra,augmented,bumblebox-18_2026-03-15_02_30_04,bumblebox-18,/media/august/Expansion/Behavioral-Entropy-Pesticide-Dosing-Exps/MCs-21-and-22/2026-03-15/bumblebox-18_2026-03-15_02_30_04.mp4,,blur_compensation_0.5ppb,extra pre videos for MC21 to compensate blurry MC1 0.5ppb
67,3,post,true,MCs-21-and-22,21;22,2026-03-16,2026-03-18,post_dose_d_plus_2_substitute,02,00,exact_hh00,full_24_hours,bumblebox-18_2026-03-18_02_00_04,bumblebox-18,/media/august/Expansion/Behavioral-Entropy-Pesticide-Dosing-Exps/MCs-21-and-22/2026-03-18/bumblebox-18_2026-03-18_02_00_04.mp4,/tmp/bumblebox_hourly_primary_mc9_24_links/MCs-21-and-22/2026-03-18/bumblebox-18_2026-03-18_02_00_04.mp4,base_hourly,original hourly round-robin selection
68,3,pre,true,MCs-23-and-24,23;24,2026-03-16,2026-03-15,pre_dose_d_minus_1,02,00,exact_hh00,full_24_hours,bumblebox-15_2026-03-15_02_00_04,bumblebox-15,/media/august/Expansion/Behavioral-Entropy-Pesticide-Dosing-Exps/MCs-23-and-24/2026-03-15/bumblebox-15_2026-03-15_02_00_04.mp4,/tmp/bumblebox_hourly_primary_mc9_24_links/MCs-23-and-24/2026-03-15/bumblebox-15_2026-03-15_02_00_04.mp4,base_hourly,original hourly round-robin selection
69,3,post,true,MCs-23-and-24,23;24,2026-03-16,2026-03-19,post_dose_d_plus_3,02,00,exact_hh00,full_24_hours,bumblebox-15_2026-03-19_02_00_04,bumblebox-15,/media/august/Expansion/Behavioral-Entropy-Pesticide-Dosing-Exps/MCs-23-and-24/2026-03-19/bumblebox-15_2026-03-19_02_00_04.mp4,/tmp/bumblebox_hourly_primary_mc9_24_links/MCs-23-and-24/2026-03-19/bumblebox-15_2026-03-19_02_00_04.mp4,base_hourly,original hourly round-robin selection
70,4,pre,true,MCs-1-and-2,1;2,2026-02-23,2026-02-23,pre_exposure_folder,03,00,exact_hh00,partial_day,bumblebox-19_2026-02-23_03_00_02,bumblebox-19,/media/august/AutoPolls9/dose-curve-pesticide-data/MCs-1-and-2/pre-exposure/bumblebox-19_2026-02-23_03_00_02.mp4,/tmp/bumblebox_hourly_primary_mc1_8_explicit_links/MCs-1-and-2/pre/2026-02-23/bumblebox-19_2026-02-23_03_00_02.mp4,base_hourly,original hourly round-robin selection
71,4,post,true,MCs-1-and-2,1;2,2026-02-23,2026-02-26,post_exposure_folder,03,00,exact_hh00,full_24_hours,bumblebox-19_2026-02-26_03_00_03,bumblebox-19,/media/august/AutoPolls9/dose-curve-pesticide-data/MCs-1-and-2/post-exposure/bumblebox-19_2026-02-26_03_00_03.mp4,/tmp/bumblebox_hourly_primary_mc1_8_explicit_links/MCs-1-and-2/post/2026-02-26/bumblebox-19_2026-02-26_03_00_03.mp4,base_hourly,original hourly round-robin selection
72,4,pre,true,MCs-3-and-4,3;4,2026-02-23,2026-02-22,pre_exposure_folder,03,00,exact_hh00,full_24_hours,bumblebox-07_2026-02-22_03_00_02,bumblebox-07,/media/august/AutoPolls9/dose-curve-pesticide-data/MCs-3-and-4/pre-exposure/bumblebox-07_2026-02-22_03_00_02.mp4,/tmp/bumblebox_hourly_primary_mc1_8_explicit_links/MCs-3-and-4/pre/2026-02-22/bumblebox-07_2026-02-22_03_00_02.mp4,base_hourly,original hourly round-robin selection
73,4,post,true,MCs-3-and-4,3;4,2026-02-23,2026-02-26,post_exposure_folder,03,00,exact_hh00,full_24_hours,bumblebox-07_2026-02-26_03_00_03,bumblebox-07,/media/august/AutoPolls9/dose-curve-pesticide-data/MCs-3-and-4/post-exposure/bumblebox-07_2026-02-26_03_00_03.mp4,/tmp/bumblebox_hourly_primary_mc1_8_explicit_links/MCs-3-and-4/post/2026-02-26/bumblebox-07_2026-02-26_03_00_03.mp4,base_hourly,original hourly round-robin selection
74,4,post,true,MCs-5-and-6,5;6,2026-02-23,2026-02-26,post_exposure_folder,03,00,exact_hh00,full_24_hours,bumblebox-18_2026-02-26_03_00_04,bumblebox-18,/media/august/AutoPolls9/dose-curve-pesticide-data/MCs-5-and-6/post-exposure/bumblebox-18_2026-02-26_03_00_04.mp4,/tmp/bumblebox_hourly_primary_mc1_8_explicit_links/MCs-5-and-6/post/2026-02-26/bumblebox-18_2026-02-26_03_00_04.mp4,base_hourly,original hourly round-robin selection
75,4,post,true,MCs-7-and-8,7;8,2026-02-23,2026-02-26,post_exposure_folder,03,00,exact_hh00,full_24_hours,bumblebox-15_2026-02-26_03_00_03,bumblebox-15,/media/august/AutoPolls9/dose-curve-pesticide-data/MCs-7-and-8/post-exposure/bumblebox-15_2026-02-26_03_00_03.mp4,/tmp/bumblebox_hourly_primary_mc1_8_explicit_links/MCs-7-and-8/post/2026-02-26/bumblebox-15_2026-02-26_03_00_03.mp4,base_hourly,original hourly round-robin selection
76,4,pre,true,MCs-9-and-10,9;10,2026-03-02,2026-03-01,pre_dose_d_minus_1,03,00,exact_hh00,full_24_hours,bumblebox-07_2026-03-01_03_00_03,bumblebox-07,/media/august/Expansion/Behavioral-Entropy-Pesticide-Dosing-Exps/MCs-9-and-10/2026-03-01/bumblebox-07_2026-03-01_03_00_03.mp4,/tmp/bumblebox_hourly_primary_mc9_24_links/MCs-9-and-10/2026-03-01/bumblebox-07_2026-03-01_03_00_03.mp4,base_hourly,original hourly round-robin selection
77,4,post,true,MCs-9-and-10,9;10,2026-03-02,2026-03-05,post_dose_d_plus_3,03,00,exact_hh00,full_24_hours,bumblebox-07_2026-03-05_03_00_03,bumblebox-07,/media/august/Expansion/Behavioral-Entropy-Pesticide-Dosing-Exps/MCs-9-and-10/2026-03-05/bumblebox-07_2026-03-05_03_00_03.mp4,/tmp/bumblebox_hourly_primary_mc9_24_links/MCs-9-and-10/2026-03-05/bumblebox-07_2026-03-05_03_00_03.mp4,base_hourly,original hourly round-robin selection
78,4,post,true,MCs-11-and-12,11;12,2026-03-02,2026-03-05,post_dose_d_plus_3,03,00,exact_hh00,partial_day,bumblebox-19_2026-03-05_03_00_04,bumblebox-19,/media/august/Expansion/Behavioral-Entropy-Pesticide-Dosing-Exps/MCs-11-and-12/2026-03-05/bumblebox-19_2026-03-05_03_00_04.mp4,/tmp/bumblebox_hourly_primary_mc9_24_links/MCs-11-and-12/2026-03-05/bumblebox-19_2026-03-05_03_00_04.mp4,base_hourly,original hourly round-robin selection
79,4,pre,true,MCs-13-and-14,13;14,2026-03-02,2026-03-01,pre_dose_d_minus_1,03,00,exact_hh00,full_24_hours,bumblebox-18_2026-03-01_03_00_04,bumblebox-18,/media/august/Expansion/Behavioral-Entropy-Pesticide-Dosing-Exps/MCs-13-and-14/2026-03-01/bumblebox-18_2026-03-01_03_00_04.mp4,/tmp/bumblebox_hourly_primary_mc9_24_links/MCs-13-and-14/2026-03-01/bumblebox-18_2026-03-01_03_00_04.mp4,base_hourly,original hourly round-robin selection
80,4,post,true,MCs-13-and-14,13;14,2026-03-02,2026-03-05,post_dose_d_plus_3,03,00,exact_hh00,full_24_hours,bumblebox-18_2026-03-05_03_00_03,bumblebox-18,/media/august/Expansion/Behavioral-Entropy-Pesticide-Dosing-Exps/MCs-13-and-14/2026-03-05/bumblebox-18_2026-03-05_03_00_03.mp4,/tmp/bumblebox_hourly_primary_mc9_24_links/MCs-13-and-14/2026-03-05/bumblebox-18_2026-03-05_03_00_03.mp4,base_hourly,original hourly round-robin selection
81,4,post,true,MCs-15-and-16,15;16,2026-03-02,2026-03-05,post_dose_d_plus_3,03,00,exact_hh00,full_24_hours,bumblebox-15_2026-03-05_03_00_04,bumblebox-15,/media/august/Expansion/Behavioral-Entropy-Pesticide-Dosing-Exps/MCs-15-and-16/2026-03-05/bumblebox-15_2026-03-05_03_00_04.mp4,/tmp/bumblebox_hourly_primary_mc9_24_links/MCs-15-and-16/2026-03-05/bumblebox-15_2026-03-05_03_00_04.mp4,base_hourly,original hourly round-robin selection
82,4,pre,true,MCs-17-and-18,17;18,2026-03-16,2026-03-15,pre_dose_d_minus_1,03,00,exact_hh00,full_24_hours,bumblebox-9_2026-03-15_03_00_03,bumblebox-9,/media/august/Expansion/Behavioral-Entropy-Pesticide-Dosing-Exps/MCs-17-and-18/2026-03-15/bumblebox-9_2026-03-15_03_00_03.mp4,/tmp/bumblebox_hourly_primary_mc9_24_links/MCs-17-and-18/2026-03-15/bumblebox-9_2026-03-15_03_00_03.mp4,base_hourly,original hourly round-robin selection
83,4,pre,true,MCs-17-and-18,17;18,,2026-03-15,augmented_pre_exposure,03,30,augmented_extra,augmented,bumblebox-9_2026-03-15_03_30_02,bumblebox-9,/media/august/Expansion/Behavioral-Entropy-Pesticide-Dosing-Exps/MCs-17-and-18/2026-03-15/bumblebox-9_2026-03-15_03_30_02.mp4,,blur_compensation_10ppb,all available extra pre videos for MC17 to compensate blurry MC2 10ppb; MC16 has no pre source videos
84,4,post,true,MCs-17-and-18,17;18,2026-03-16,2026-03-19,post_dose_d_plus_3,03,00,exact_hh00,full_24_hours,bumblebox-9_2026-03-19_03_00_02,bumblebox-9,/media/august/Expansion/Behavioral-Entropy-Pesticide-Dosing-Exps/MCs-17-and-18/2026-03-19/bumblebox-9_2026-03-19_03_00_02.mp4,/tmp/bumblebox_hourly_primary_mc9_24_links/MCs-17-and-18/2026-03-19/bumblebox-9_2026-03-19_03_00_02.mp4,base_hourly,original hourly round-robin selection
85,4,pre,true,MCs-19-and-20,19;20,2026-03-16,2026-03-15,pre_dose_d_minus_1,03,00,exact_hh00,full_24_hours,bumblebox-19_2026-03-15_03_00_05,bumblebox-19,/media/august/Expansion/Behavioral-Entropy-Pesticide-Dosing-Exps/MCs-19-and-20/2026-03-15/bumblebox-19_2026-03-15_03_00_05.mp4,/tmp/bumblebox_hourly_primary_mc9_24_links/MCs-19-and-20/2026-03-15/bumblebox-19_2026-03-15_03_00_05.mp4,base_hourly,original hourly round-robin selection
86,4,post,true,MCs-19-and-20,19;20,2026-03-16,2026-03-19,post_dose_d_plus_3,03,00,exact_hh00,full_24_hours,bumblebox-19_2026-03-19_03_00_04,bumblebox-19,/media/august/Expansion/Behavioral-Entropy-Pesticide-Dosing-Exps/MCs-19-and-20/2026-03-19/bumblebox-19_2026-03-19_03_00_04.mp4,/tmp/bumblebox_hourly_primary_mc9_24_links/MCs-19-and-20/2026-03-19/bumblebox-19_2026-03-19_03_00_04.mp4,base_hourly,original hourly round-robin selection
87,4,pre,true,MCs-21-and-22,21;22,2026-03-16,2026-03-15,pre_dose_d_minus_1,03,00,exact_hh00,full_24_hours,bumblebox-18_2026-03-15_03_00_04,bumblebox-18,/media/august/Expansion/Behavioral-Entropy-Pesticide-Dosing-Exps/MCs-21-and-22/2026-03-15/bumblebox-18_2026-03-15_03_00_04.mp4,/tmp/bumblebox_hourly_primary_mc9_24_links/MCs-21-and-22/2026-03-15/bumblebox-18_2026-03-15_03_00_04.mp4,base_hourly,original hourly round-robin selection
88,4,post,true,MCs-21-and-22,21;22,2026-03-16,2026-03-18,post_dose_d_plus_2_substitute,03,00,exact_hh00,full_24_hours,bumblebox-18_2026-03-18_03_00_04,bumblebox-18,/media/august/Expansion/Behavioral-Entropy-Pesticide-Dosing-Exps/MCs-21-and-22/2026-03-18/bumblebox-18_2026-03-18_03_00_04.mp4,/tmp/bumblebox_hourly_primary_mc9_24_links/MCs-21-and-22/2026-03-18/bumblebox-18_2026-03-18_03_00_04.mp4,base_hourly,original hourly round-robin selection
89,4,pre,true,MCs-23-and-24,23;24,2026-03-16,2026-03-15,pre_dose_d_minus_1,03,00,exact_hh00,full_24_hours,bumblebox-15_2026-03-15_03_00_04,bumblebox-15,/media/august/Expansion/Behavioral-Entropy-Pesticide-Dosing-Exps/MCs-23-and-24/2026-03-15/bumblebox-15_2026-03-15_03_00_04.mp4,/tmp/bumblebox_hourly_primary_mc9_24_links/MCs-23-and-24/2026-03-15/bumblebox-15_2026-03-15_03_00_04.mp4,base_hourly,original hourly round-robin selection
90,4,post,true,MCs-23-and-24,23;24,2026-03-16,2026-03-19,post_dose_d_plus_3,03,00,exact_hh00,full_24_hours,bumblebox-15_2026-03-19_03_00_04,bumblebox-15,/media/august/Expansion/Behavioral-Entropy-Pesticide-Dosing-Exps/MCs-23-and-24/2026-03-19/bumblebox-15_2026-03-19_03_00_04.mp4,/tmp/bumblebox_hourly_primary_mc9_24_links/MCs-23-and-24/2026-03-19/bumblebox-15_2026-03-19_03_00_04.mp4,base_hourly,original hourly round-robin selection
91,5,pre,true,MCs-1-and-2,1;2,2026-02-23,2026-02-23,pre_exposure_folder,04,00,exact_hh00,partial_day,bumblebox-19_2026-02-23_04_00_03,bumblebox-19,/media/august/AutoPolls9/dose-curve-pesticide-data/MCs-1-and-2/pre-exposure/bumblebox-19_2026-02-23_04_00_03.mp4,/tmp/bumblebox_hourly_primary_mc1_8_explicit_links/MCs-1-and-2/pre/2026-02-23/bumblebox-19_2026-02-23_04_00_03.mp4,base_hourly,original hourly round-robin selection
92,5,pre,true,MCs-1-and-2,1;2,,2026-02-23,augmented_pre_exposure,04,30,augmented_extra,augmented,bumblebox-19_2026-02-23_04_30_04,bumblebox-19,/media/august/AutoPolls9/dose-curve-pesticide-data/MCs-1-and-2/pre-exposure/bumblebox-19_2026-02-23_04_30_04.mp4,,pre_fill_to_24_if_possible,fill MCs-1-and-2 pre from 16 toward 24 using non-hourly pre videos
93,5,post,true,MCs-1-and-2,1;2,2026-02-23,2026-02-26,post_exposure_folder,04,00,exact_hh00,full_24_hours,bumblebox-19_2026-02-26_04_00_04,bumblebox-19,/media/august/AutoPolls9/dose-curve-pesticide-data/MCs-1-and-2/post-exposure/bumblebox-19_2026-02-26_04_00_04.mp4,/tmp/bumblebox_hourly_primary_mc1_8_explicit_links/MCs-1-and-2/post/2026-02-26/bumblebox-19_2026-02-26_04_00_04.mp4,base_hourly,original hourly round-robin selection
94,5,pre,true,MCs-3-and-4,3;4,2026-02-23,2026-02-22,pre_exposure_folder,04,00,exact_hh00,full_24_hours,bumblebox-07_2026-02-22_04_00_03,bumblebox-07,/media/august/AutoPolls9/dose-curve-pesticide-data/MCs-3-and-4/pre-exposure/bumblebox-07_2026-02-22_04_00_03.mp4,/tmp/bumblebox_hourly_primary_mc1_8_explicit_links/MCs-3-and-4/pre/2026-02-22/bumblebox-07_2026-02-22_04_00_03.mp4,base_hourly,original hourly round-robin selection
95,5,post,true,MCs-3-and-4,3;4,2026-02-23,2026-02-26,post_exposure_folder,04,00,exact_hh00,full_24_hours,bumblebox-07_2026-02-26_04_00_03,bumblebox-07,/media/august/AutoPolls9/dose-curve-pesticide-data/MCs-3-and-4/post-exposure/bumblebox-07_2026-02-26_04_00_03.mp4,/tmp/bumblebox_hourly_primary_mc1_8_explicit_links/MCs-3-and-4/post/2026-02-26/bumblebox-07_2026-02-26_04_00_03.mp4,base_hourly,original hourly round-robin selection
96,5,post,true,MCs-5-and-6,5;6,2026-02-23,2026-02-26,post_exposure_folder,04,00,exact_hh00,full_24_hours,bumblebox-18_2026-02-26_04_00_04,bumblebox-18,/media/august/AutoPolls9/dose-curve-pesticide-data/MCs-5-and-6/post-exposure/bumblebox-18_2026-02-26_04_00_04.mp4,/tmp/bumblebox_hourly_primary_mc1_8_explicit_links/MCs-5-and-6/post/2026-02-26/bumblebox-18_2026-02-26_04_00_04.mp4,base_hourly,original hourly round-robin selection
97,5,post,true,MCs-7-and-8,7;8,2026-02-23,2026-02-26,post_exposure_folder,04,00,exact_hh00,full_24_hours,bumblebox-15_2026-02-26_04_00_03,bumblebox-15,/media/august/AutoPolls9/dose-curve-pesticide-data/MCs-7-and-8/post-exposure/bumblebox-15_2026-02-26_04_00_03.mp4,/tmp/bumblebox_hourly_primary_mc1_8_explicit_links/MCs-7-and-8/post/2026-02-26/bumblebox-15_2026-02-26_04_00_03.mp4,base_hourly,original hourly round-robin selection
98,5,pre,true,MCs-9-and-10,9;10,2026-03-02,2026-03-01,pre_dose_d_minus_1,04,00,exact_hh00,full_24_hours,bumblebox-07_2026-03-01_04_00_03,bumblebox-07,/media/august/Expansion/Behavioral-Entropy-Pesticide-Dosing-Exps/MCs-9-and-10/2026-03-01/bumblebox-07_2026-03-01_04_00_03.mp4,/tmp/bumblebox_hourly_primary_mc9_24_links/MCs-9-and-10/2026-03-01/bumblebox-07_2026-03-01_04_00_03.mp4,base_hourly,original hourly round-robin selection
99,5,post,true,MCs-9-and-10,9;10,2026-03-02,2026-03-05,post_dose_d_plus_3,04,00,exact_hh00,full_24_hours,bumblebox-07_2026-03-05_04_00_03,bumblebox-07,/media/august/Expansion/Behavioral-Entropy-Pesticide-Dosing-Exps/MCs-9-and-10/2026-03-05/bumblebox-07_2026-03-05_04_00_03.mp4,/tmp/bumblebox_hourly_primary_mc9_24_links/MCs-9-and-10/2026-03-05/bumblebox-07_2026-03-05_04_00_03.mp4,base_hourly,original hourly round-robin selection
100,5,post,true,MCs-11-and-12,11;12,2026-03-02,2026-03-05,post_dose_d_plus_3,04,00,exact_hh00,partial_day,bumblebox-19_2026-03-05_04_00_03,bumblebox-19,/media/august/Expansion/Behavioral-Entropy-Pesticide-Dosing-Exps/MCs-11-and-12/2026-03-05/bumblebox-19_2026-03-05_04_00_03.mp4,/tmp/bumblebox_hourly_primary_mc9_24_links/MCs-11-and-12/2026-03-05/bumblebox-19_2026-03-05_04_00_03.mp4,base_hourly,original hourly round-robin selection
101,5,pre,true,MCs-13-and-14,13;14,2026-03-02,2026-03-01,pre_dose_d_minus_1,04,00,exact_hh00,full_24_hours,bumblebox-18_2026-03-01_04_00_03,bumblebox-18,/media/august/Expansion/Behavioral-Entropy-Pesticide-Dosing-Exps/MCs-13-and-14/2026-03-01/bumblebox-18_2026-03-01_04_00_03.mp4,/tmp/bumblebox_hourly_primary_mc9_24_links/MCs-13-and-14/2026-03-01/bumblebox-18_2026-03-01_04_00_03.mp4,base_hourly,original hourly round-robin selection
102,5,pre,true,MCs-13-and-14,13;14,,2026-03-01,augmented_pre_exposure,04,30,augmented_extra,augmented,bumblebox-18_2026-03-01_04_30_04,bumblebox-18,/media/august/Expansion/Behavioral-Entropy-Pesticide-Dosing-Exps/MCs-13-and-14/2026-03-01/bumblebox-18_2026-03-01_04_30_04.mp4,,blur_compensation_0.5ppb,extra pre videos for MC14 to compensate blurry MC1 0.5ppb
103,5,post,true,MCs-13-and-14,13;14,2026-03-02,2026-03-05,post_dose_d_plus_3,04,00,exact_hh00,full_24_hours,bumblebox-18_2026-03-05_04_00_04,bumblebox-18,/media/august/Expansion/Behavioral-Entropy-Pesticide-Dosing-Exps/MCs-13-and-14/2026-03-05/bumblebox-18_2026-03-05_04_00_04.mp4,/tmp/bumblebox_hourly_primary_mc9_24_links/MCs-13-and-14/2026-03-05/bumblebox-18_2026-03-05_04_00_04.mp4,base_hourly,original hourly round-robin selection
104,5,post,true,MCs-15-and-16,15;16,2026-03-02,2026-03-05,post_dose_d_plus_3,04,00,exact_hh00,full_24_hours,bumblebox-15_2026-03-05_04_00_04,bumblebox-15,/media/august/Expansion/Behavioral-Entropy-Pesticide-Dosing-Exps/MCs-15-and-16/2026-03-05/bumblebox-15_2026-03-05_04_00_04.mp4,/tmp/bumblebox_hourly_primary_mc9_24_links/MCs-15-and-16/2026-03-05/bumblebox-15_2026-03-05_04_00_04.mp4,base_hourly,original hourly round-robin selection
105,5,pre,true,MCs-17-and-18,17;18,2026-03-16,2026-03-15,pre_dose_d_minus_1,04,00,exact_hh00,full_24_hours,bumblebox-9_2026-03-15_04_00_03,bumblebox-9,/media/august/Expansion/Behavioral-Entropy-Pesticide-Dosing-Exps/MCs-17-and-18/2026-03-15/bumblebox-9_2026-03-15_04_00_03.mp4,/tmp/bumblebox_hourly_primary_mc9_24_links/MCs-17-and-18/2026-03-15/bumblebox-9_2026-03-15_04_00_03.mp4,base_hourly,original hourly round-robin selection
106,5,pre,true,MCs-17-and-18,17;18,,2026-03-15,augmented_pre_exposure,04,30,augmented_extra,augmented,bumblebox-9_2026-03-15_04_30_03,bumblebox-9,/media/august/Expansion/Behavioral-Entropy-Pesticide-Dosing-Exps/MCs-17-and-18/2026-03-15/bumblebox-9_2026-03-15_04_30_03.mp4,,blur_compensation_10ppb,all available extra pre videos for MC17 to compensate blurry MC2 10ppb; MC16 has no pre source videos
107,5,post,true,MCs-17-and-18,17;18,2026-03-16,2026-03-19,post_dose_d_plus_3,04,00,exact_hh00,full_24_hours,bumblebox-9_2026-03-19_04_00_02,bumblebox-9,/media/august/Expansion/Behavioral-Entropy-Pesticide-Dosing-Exps/MCs-17-and-18/2026-03-19/bumblebox-9_2026-03-19_04_00_02.mp4,/tmp/bumblebox_hourly_primary_mc9_24_links/MCs-17-and-18/2026-03-19/bumblebox-9_2026-03-19_04_00_02.mp4,base_hourly,original hourly round-robin selection
108,5,pre,true,MCs-19-and-20,19;20,2026-03-16,2026-03-15,pre_dose_d_minus_1,04,00,exact_hh00,full_24_hours,bumblebox-19_2026-03-15_04_00_04,bumblebox-19,/media/august/Expansion/Behavioral-Entropy-Pesticide-Dosing-Exps/MCs-19-and-20/2026-03-15/bumblebox-19_2026-03-15_04_00_04.mp4,/tmp/bumblebox_hourly_primary_mc9_24_links/MCs-19-and-20/2026-03-15/bumblebox-19_2026-03-15_04_00_04.mp4,base_hourly,original hourly round-robin selection
109,5,post,true,MCs-19-and-20,19;20,2026-03-16,2026-03-19,post_dose_d_plus_3,04,00,exact_hh00,full_24_hours,bumblebox-19_2026-03-19_04_00_04,bumblebox-19,/media/august/Expansion/Behavioral-Entropy-Pesticide-Dosing-Exps/MCs-19-and-20/2026-03-19/bumblebox-19_2026-03-19_04_00_04.mp4,/tmp/bumblebox_hourly_primary_mc9_24_links/MCs-19-and-20/2026-03-19/bumblebox-19_2026-03-19_04_00_04.mp4,base_hourly,original hourly round-robin selection
110,5,pre,true,MCs-21-and-22,21;22,2026-03-16,2026-03-15,pre_dose_d_minus_1,04,00,exact_hh00,full_24_hours,bumblebox-18_2026-03-15_04_00_06,bumblebox-18,/media/august/Expansion/Behavioral-Entropy-Pesticide-Dosing-Exps/MCs-21-and-22/2026-03-15/bumblebox-18_2026-03-15_04_00_06.mp4,/tmp/bumblebox_hourly_primary_mc9_24_links/MCs-21-and-22/2026-03-15/bumblebox-18_2026-03-15_04_00_06.mp4,base_hourly,original hourly round-robin selection
111,5,pre,true,MCs-21-and-22,21;22,,2026-03-15,augmented_pre_exposure,04,30,augmented_extra,augmented,bumblebox-18_2026-03-15_04_30_04,bumblebox-18,/media/august/Expansion/Behavioral-Entropy-Pesticide-Dosing-Exps/MCs-21-and-22/2026-03-15/bumblebox-18_2026-03-15_04_30_04.mp4,,blur_compensation_0.5ppb,extra pre videos for MC21 to compensate blurry MC1 0.5ppb
112,5,post,true,MCs-21-and-22,21;22,2026-03-16,2026-03-18,post_dose_d_plus_2_substitute,04,00,exact_hh00,full_24_hours,bumblebox-18_2026-03-18_04_00_04,bumblebox-18,/media/august/Expansion/Behavioral-Entropy-Pesticide-Dosing-Exps/MCs-21-and-22/2026-03-18/bumblebox-18_2026-03-18_04_00_04.mp4,/tmp/bumblebox_hourly_primary_mc9_24_links/MCs-21-and-22/2026-03-18/bumblebox-18_2026-03-18_04_00_04.mp4,base_hourly,original hourly round-robin selection
113,5,pre,true,MCs-23-and-24,23;24,2026-03-16,2026-03-15,pre_dose_d_minus_1,04,00,exact_hh00,full_24_hours,bumblebox-15_2026-03-15_04_00_04,bumblebox-15,/media/august/Expansion/Behavioral-Entropy-Pesticide-Dosing-Exps/MCs-23-and-24/2026-03-15/bumblebox-15_2026-03-15_04_00_04.mp4,/tmp/bumblebox_hourly_primary_mc9_24_links/MCs-23-and-24/2026-03-15/bumblebox-15_2026-03-15_04_00_04.mp4,base_hourly,original hourly round-robin selection
114,5,post,true,MCs-23-and-24,23;24,2026-03-16,2026-03-19,post_dose_d_plus_3,04,00,exact_hh00,full_24_hours,bumblebox-15_2026-03-19_04_00_04,bumblebox-15,/media/august/Expansion/Behavioral-Entropy-Pesticide-Dosing-Exps/MCs-23-and-24/2026-03-19/bumblebox-15_2026-03-19_04_00_04.mp4,/tmp/bumblebox_hourly_primary_mc9_24_links/MCs-23-and-24/2026-03-19/bumblebox-15_2026-03-19_04_00_04.mp4,base_hourly,original hourly round-robin selection
115,6,pre,true,MCs-1-and-2,1;2,2026-02-23,2026-02-23,pre_exposure_folder,05,00,exact_hh00,partial_day,bumblebox-19_2026-02-23_05_00_03,bumblebox-19,/media/august/AutoPolls9/dose-curve-pesticide-data/MCs-1-and-2/pre-exposure/bumblebox-19_2026-02-23_05_00_03.mp4,/tmp/bumblebox_hourly_primary_mc1_8_explicit_links/MCs-1-and-2/pre/2026-02-23/bumblebox-19_2026-02-23_05_00_03.mp4,base_hourly,original hourly round-robin selection
116,6,post,true,MCs-1-and-2,1;2,2026-02-23,2026-02-26,post_exposure_folder,05,00,exact_hh00,full_24_hours,bumblebox-19_2026-02-26_05_00_04,bumblebox-19,/media/august/AutoPolls9/dose-curve-pesticide-data/MCs-1-and-2/post-exposure/bumblebox-19_2026-02-26_05_00_04.mp4,/tmp/bumblebox_hourly_primary_mc1_8_explicit_links/MCs-1-and-2/post/2026-02-26/bumblebox-19_2026-02-26_05_00_04.mp4,base_hourly,original hourly round-robin selection
117,6,pre,true,MCs-3-and-4,3;4,2026-02-23,2026-02-22,pre_exposure_folder,05,00,exact_hh00,full_24_hours,bumblebox-07_2026-02-22_05_00_03,bumblebox-07,/media/august/AutoPolls9/dose-curve-pesticide-data/MCs-3-and-4/pre-exposure/bumblebox-07_2026-02-22_05_00_03.mp4,/tmp/bumblebox_hourly_primary_mc1_8_explicit_links/MCs-3-and-4/pre/2026-02-22/bumblebox-07_2026-02-22_05_00_03.mp4,base_hourly,original hourly round-robin selection
118,6,post,true,MCs-3-and-4,3;4,2026-02-23,2026-02-26,post_exposure_folder,05,00,exact_hh00,full_24_hours,bumblebox-07_2026-02-26_05_00_03,bumblebox-07,/media/august/AutoPolls9/dose-curve-pesticide-data/MCs-3-and-4/post-exposure/bumblebox-07_2026-02-26_05_00_03.mp4,/tmp/bumblebox_hourly_primary_mc1_8_explicit_links/MCs-3-and-4/post/2026-02-26/bumblebox-07_2026-02-26_05_00_03.mp4,base_hourly,original hourly round-robin selection
119,6,post,true,MCs-5-and-6,5;6,2026-02-23,2026-02-26,post_exposure_folder,05,00,exact_hh00,full_24_hours,bumblebox-18_2026-02-26_05_00_03,bumblebox-18,/media/august/AutoPolls9/dose-curve-pesticide-data/MCs-5-and-6/post-exposure/bumblebox-18_2026-02-26_05_00_03.mp4,/tmp/bumblebox_hourly_primary_mc1_8_explicit_links/MCs-5-and-6/post/2026-02-26/bumblebox-18_2026-02-26_05_00_03.mp4,base_hourly,original hourly round-robin selection
120,6,post,true,MCs-7-and-8,7;8,2026-02-23,2026-02-26,post_exposure_folder,05,00,exact_hh00,full_24_hours,bumblebox-15_2026-02-26_05_00_03,bumblebox-15,/media/august/AutoPolls9/dose-curve-pesticide-data/MCs-7-and-8/post-exposure/bumblebox-15_2026-02-26_05_00_03.mp4,/tmp/bumblebox_hourly_primary_mc1_8_explicit_links/MCs-7-and-8/post/2026-02-26/bumblebox-15_2026-02-26_05_00_03.mp4,base_hourly,original hourly round-robin selection
121,6,pre,true,MCs-9-and-10,9;10,2026-03-02,2026-03-01,pre_dose_d_minus_1,05,00,exact_hh00,full_24_hours,bumblebox-07_2026-03-01_05_00_03,bumblebox-07,/media/august/Expansion/Behavioral-Entropy-Pesticide-Dosing-Exps/MCs-9-and-10/2026-03-01/bumblebox-07_2026-03-01_05_00_03.mp4,/tmp/bumblebox_hourly_primary_mc9_24_links/MCs-9-and-10/2026-03-01/bumblebox-07_2026-03-01_05_00_03.mp4,base_hourly,original hourly round-robin selection
122,6,post,true,MCs-9-and-10,9;10,2026-03-02,2026-03-05,post_dose_d_plus_3,05,00,exact_hh00,full_24_hours,bumblebox-07_2026-03-05_05_00_03,bumblebox-07,/media/august/Expansion/Behavioral-Entropy-Pesticide-Dosing-Exps/MCs-9-and-10/2026-03-05/bumblebox-07_2026-03-05_05_00_03.mp4,/tmp/bumblebox_hourly_primary_mc9_24_links/MCs-9-and-10/2026-03-05/bumblebox-07_2026-03-05_05_00_03.mp4,base_hourly,original hourly round-robin selection
123,6,post,true,MCs-11-and-12,11;12,2026-03-02,2026-03-05,post_dose_d_plus_3,05,00,exact_hh00,partial_day,bumblebox-19_2026-03-05_05_00_05,bumblebox-19,/media/august/Expansion/Behavioral-Entropy-Pesticide-Dosing-Exps/MCs-11-and-12/2026-03-05/bumblebox-19_2026-03-05_05_00_05.mp4,/tmp/bumblebox_hourly_primary_mc9_24_links/MCs-11-and-12/2026-03-05/bumblebox-19_2026-03-05_05_00_05.mp4,base_hourly,original hourly round-robin selection
124,6,pre,true,MCs-13-and-14,13;14,2026-03-02,2026-03-01,pre_dose_d_minus_1,05,00,exact_hh00,full_24_hours,bumblebox-18_2026-03-01_05_00_04,bumblebox-18,/media/august/Expansion/Behavioral-Entropy-Pesticide-Dosing-Exps/MCs-13-and-14/2026-03-01/bumblebox-18_2026-03-01_05_00_04.mp4,/tmp/bumblebox_hourly_primary_mc9_24_links/MCs-13-and-14/2026-03-01/bumblebox-18_2026-03-01_05_00_04.mp4,base_hourly,original hourly round-robin selection
125,6,post,true,MCs-13-and-14,13;14,2026-03-02,2026-03-05,post_dose_d_plus_3,05,00,exact_hh00,full_24_hours,bumblebox-18_2026-03-05_05_00_04,bumblebox-18,/media/august/Expansion/Behavioral-Entropy-Pesticide-Dosing-Exps/MCs-13-and-14/2026-03-05/bumblebox-18_2026-03-05_05_00_04.mp4,/tmp/bumblebox_hourly_primary_mc9_24_links/MCs-13-and-14/2026-03-05/bumblebox-18_2026-03-05_05_00_04.mp4,base_hourly,original hourly round-robin selection
126,6,post,true,MCs-15-and-16,15;16,2026-03-02,2026-03-05,post_dose_d_plus_3,05,00,exact_hh00,full_24_hours,bumblebox-15_2026-03-05_05_00_04,bumblebox-15,/media/august/Expansion/Behavioral-Entropy-Pesticide-Dosing-Exps/MCs-15-and-16/2026-03-05/bumblebox-15_2026-03-05_05_00_04.mp4,/tmp/bumblebox_hourly_primary_mc9_24_links/MCs-15-and-16/2026-03-05/bumblebox-15_2026-03-05_05_00_04.mp4,base_hourly,original hourly round-robin selection
127,6,pre,true,MCs-17-and-18,17;18,2026-03-16,2026-03-15,pre_dose_d_minus_1,05,00,exact_hh00,full_24_hours,bumblebox-9_2026-03-15_05_00_03,bumblebox-9,/media/august/Expansion/Behavioral-Entropy-Pesticide-Dosing-Exps/MCs-17-and-18/2026-03-15/bumblebox-9_2026-03-15_05_00_03.mp4,/tmp/bumblebox_hourly_primary_mc9_24_links/MCs-17-and-18/2026-03-15/bumblebox-9_2026-03-15_05_00_03.mp4,base_hourly,original hourly round-robin selection
128,6,pre,true,MCs-17-and-18,17;18,,2026-03-15,augmented_pre_exposure,05,30,augmented_extra,augmented,bumblebox-9_2026-03-15_05_30_03,bumblebox-9,/media/august/Expansion/Behavioral-Entropy-Pesticide-Dosing-Exps/MCs-17-and-18/2026-03-15/bumblebox-9_2026-03-15_05_30_03.mp4,,blur_compensation_10ppb,all available extra pre videos for MC17 to compensate blurry MC2 10ppb; MC16 has no pre source videos
129,6,post,true,MCs-17-and-18,17;18,2026-03-16,2026-03-19,post_dose_d_plus_3,05,00,exact_hh00,full_24_hours,bumblebox-9_2026-03-19_05_00_02,bumblebox-9,/media/august/Expansion/Behavioral-Entropy-Pesticide-Dosing-Exps/MCs-17-and-18/2026-03-19/bumblebox-9_2026-03-19_05_00_02.mp4,/tmp/bumblebox_hourly_primary_mc9_24_links/MCs-17-and-18/2026-03-19/bumblebox-9_2026-03-19_05_00_02.mp4,base_hourly,original hourly round-robin selection
130,6,pre,true,MCs-19-and-20,19;20,2026-03-16,2026-03-15,pre_dose_d_minus_1,05,00,exact_hh00,full_24_hours,bumblebox-19_2026-03-15_05_00_05,bumblebox-19,/media/august/Expansion/Behavioral-Entropy-Pesticide-Dosing-Exps/MCs-19-and-20/2026-03-15/bumblebox-19_2026-03-15_05_00_05.mp4,/tmp/bumblebox_hourly_primary_mc9_24_links/MCs-19-and-20/2026-03-15/bumblebox-19_2026-03-15_05_00_05.mp4,base_hourly,original hourly round-robin selection
131,6,post,true,MCs-19-and-20,19;20,2026-03-16,2026-03-19,post_dose_d_plus_3,05,00,exact_hh00,full_24_hours,bumblebox-19_2026-03-19_05_00_04,bumblebox-19,/media/august/Expansion/Behavioral-Entropy-Pesticide-Dosing-Exps/MCs-19-and-20/2026-03-19/bumblebox-19_2026-03-19_05_00_04.mp4,/tmp/bumblebox_hourly_primary_mc9_24_links/MCs-19-and-20/2026-03-19/bumblebox-19_2026-03-19_05_00_04.mp4,base_hourly,original hourly round-robin selection
132,6,pre,true,MCs-21-and-22,21;22,2026-03-16,2026-03-15,pre_dose_d_minus_1,05,00,exact_hh00,full_24_hours,bumblebox-18_2026-03-15_05_00_03,bumblebox-18,/media/august/Expansion/Behavioral-Entropy-Pesticide-Dosing-Exps/MCs-21-and-22/2026-03-15/bumblebox-18_2026-03-15_05_00_03.mp4,/tmp/bumblebox_hourly_primary_mc9_24_links/MCs-21-and-22/2026-03-15/bumblebox-18_2026-03-15_05_00_03.mp4,base_hourly,original hourly round-robin selection
133,6,post,true,MCs-21-and-22,21;22,2026-03-16,2026-03-18,post_dose_d_plus_2_substitute,05,00,exact_hh00,full_24_hours,bumblebox-18_2026-03-18_05_00_03,bumblebox-18,/media/august/Expansion/Behavioral-Entropy-Pesticide-Dosing-Exps/MCs-21-and-22/2026-03-18/bumblebox-18_2026-03-18_05_00_03.mp4,/tmp/bumblebox_hourly_primary_mc9_24_links/MCs-21-and-22/2026-03-18/bumblebox-18_2026-03-18_05_00_03.mp4,base_hourly,original hourly round-robin selection
134,6,pre,true,MCs-23-and-24,23;24,2026-03-16,2026-03-15,pre_dose_d_minus_1,05,00,exact_hh00,full_24_hours,bumblebox-15_2026-03-15_05_00_04,bumblebox-15,/media/august/Expansion/Behavioral-Entropy-Pesticide-Dosing-Exps/MCs-23-and-24/2026-03-15/bumblebox-15_2026-03-15_05_00_04.mp4,/tmp/bumblebox_hourly_primary_mc9_24_links/MCs-23-and-24/2026-03-15/bumblebox-15_2026-03-15_05_00_04.mp4,base_hourly,original hourly round-robin selection
135,6,post,true,MCs-23-and-24,23;24,2026-03-16,2026-03-19,post_dose_d_plus_3,05,00,exact_hh00,full_24_hours,bumblebox-15_2026-03-19_05_00_03,bumblebox-15,/media/august/Expansion/Behavioral-Entropy-Pesticide-Dosing-Exps/MCs-23-and-24/2026-03-19/bumblebox-15_2026-03-19_05_00_03.mp4,/tmp/bumblebox_hourly_primary_mc9_24_links/MCs-23-and-24/2026-03-19/bumblebox-15_2026-03-19_05_00_03.mp4,base_hourly,original hourly round-robin selection
136,7,pre,true,MCs-1-and-2,1;2,2026-02-23,2026-02-23,pre_exposure_folder,06,00,exact_hh00,partial_day,bumblebox-19_2026-02-23_06_00_03,bumblebox-19,/media/august/AutoPolls9/dose-curve-pesticide-data/MCs-1-and-2/pre-exposure/bumblebox-19_2026-02-23_06_00_03.mp4,/tmp/bumblebox_hourly_primary_mc1_8_explicit_links/MCs-1-and-2/pre/2026-02-23/bumblebox-19_2026-02-23_06_00_03.mp4,base_hourly,original hourly round-robin selection
137,7,pre,true,MCs-1-and-2,1;2,,2026-02-23,augmented_pre_exposure,06,40,augmented_extra,augmented,bumblebox-19_2026-02-23_06_40_03,bumblebox-19,/media/august/AutoPolls9/dose-curve-pesticide-data/MCs-1-and-2/pre-exposure/bumblebox-19_2026-02-23_06_40_03.mp4,,pre_fill_to_24_if_possible,fill MCs-1-and-2 pre from 16 toward 24 using non-hourly pre videos
138,7,post,true,MCs-1-and-2,1;2,2026-02-23,2026-02-26,post_exposure_folder,06,00,exact_hh00,full_24_hours,bumblebox-19_2026-02-26_06_00_03,bumblebox-19,/media/august/AutoPolls9/dose-curve-pesticide-data/MCs-1-and-2/post-exposure/bumblebox-19_2026-02-26_06_00_03.mp4,/tmp/bumblebox_hourly_primary_mc1_8_explicit_links/MCs-1-and-2/post/2026-02-26/bumblebox-19_2026-02-26_06_00_03.mp4,base_hourly,original hourly round-robin selection
139,7,pre,true,MCs-3-and-4,3;4,2026-02-23,2026-02-22,pre_exposure_folder,06,00,exact_hh00,full_24_hours,bumblebox-07_2026-02-22_06_00_03,bumblebox-07,/media/august/AutoPolls9/dose-curve-pesticide-data/MCs-3-and-4/pre-exposure/bumblebox-07_2026-02-22_06_00_03.mp4,/tmp/bumblebox_hourly_primary_mc1_8_explicit_links/MCs-3-and-4/pre/2026-02-22/bumblebox-07_2026-02-22_06_00_03.mp4,base_hourly,original hourly round-robin selection
140,7,post,true,MCs-3-and-4,3;4,2026-02-23,2026-02-26,post_exposure_folder,06,00,exact_hh00,full_24_hours,bumblebox-07_2026-02-26_06_00_03,bumblebox-07,/media/august/AutoPolls9/dose-curve-pesticide-data/MCs-3-and-4/post-exposure/bumblebox-07_2026-02-26_06_00_03.mp4,/tmp/bumblebox_hourly_primary_mc1_8_explicit_links/MCs-3-and-4/post/2026-02-26/bumblebox-07_2026-02-26_06_00_03.mp4,base_hourly,original hourly round-robin selection
141,7,post,true,MCs-5-and-6,5;6,2026-02-23,2026-02-26,post_exposure_folder,06,00,exact_hh00,full_24_hours,bumblebox-18_2026-02-26_06_00_16,bumblebox-18,/media/august/AutoPolls9/dose-curve-pesticide-data/MCs-5-and-6/post-exposure/bumblebox-18_2026-02-26_06_00_16.mp4,/tmp/bumblebox_hourly_primary_mc1_8_explicit_links/MCs-5-and-6/post/2026-02-26/bumblebox-18_2026-02-26_06_00_16.mp4,base_hourly,original hourly round-robin selection
142,7,post,true,MCs-7-and-8,7;8,2026-02-23,2026-02-26,post_exposure_folder,06,00,exact_hh00,full_24_hours,bumblebox-15_2026-02-26_06_00_03,bumblebox-15,/media/august/AutoPolls9/dose-curve-pesticide-data/MCs-7-and-8/post-exposure/bumblebox-15_2026-02-26_06_00_03.mp4,/tmp/bumblebox_hourly_primary_mc1_8_explicit_links/MCs-7-and-8/post/2026-02-26/bumblebox-15_2026-02-26_06_00_03.mp4,base_hourly,original hourly round-robin selection
143,7,pre,true,MCs-9-and-10,9;10,2026-03-02,2026-03-01,pre_dose_d_minus_1,06,00,exact_hh00,full_24_hours,bumblebox-07_2026-03-01_06_00_03,bumblebox-07,/media/august/Expansion/Behavioral-Entropy-Pesticide-Dosing-Exps/MCs-9-and-10/2026-03-01/bumblebox-07_2026-03-01_06_00_03.mp4,/tmp/bumblebox_hourly_primary_mc9_24_links/MCs-9-and-10/2026-03-01/bumblebox-07_2026-03-01_06_00_03.mp4,base_hourly,original hourly round-robin selection
144,7,post,true,MCs-9-and-10,9;10,2026-03-02,2026-03-05,post_dose_d_plus_3,06,00,exact_hh00,full_24_hours,bumblebox-07_2026-03-05_06_00_03,bumblebox-07,/media/august/Expansion/Behavioral-Entropy-Pesticide-Dosing-Exps/MCs-9-and-10/2026-03-05/bumblebox-07_2026-03-05_06_00_03.mp4,/tmp/bumblebox_hourly_primary_mc9_24_links/MCs-9-and-10/2026-03-05/bumblebox-07_2026-03-05_06_00_03.mp4,base_hourly,original hourly round-robin selection
145,7,post,true,MCs-11-and-12,11;12,2026-03-02,2026-03-05,post_dose_d_plus_3,06,00,exact_hh00,partial_day,bumblebox-19_2026-03-05_06_00_04,bumblebox-19,/media/august/Expansion/Behavioral-Entropy-Pesticide-Dosing-Exps/MCs-11-and-12/2026-03-05/bumblebox-19_2026-03-05_06_00_04.mp4,/tmp/bumblebox_hourly_primary_mc9_24_links/MCs-11-and-12/2026-03-05/bumblebox-19_2026-03-05_06_00_04.mp4,base_hourly,original hourly round-robin selection
146,7,pre,true,MCs-13-and-14,13;14,2026-03-02,2026-03-01,pre_dose_d_minus_1,06,00,exact_hh00,full_24_hours,bumblebox-18_2026-03-01_06_00_04,bumblebox-18,/media/august/Expansion/Behavioral-Entropy-Pesticide-Dosing-Exps/MCs-13-and-14/2026-03-01/bumblebox-18_2026-03-01_06_00_04.mp4,/tmp/bumblebox_hourly_primary_mc9_24_links/MCs-13-and-14/2026-03-01/bumblebox-18_2026-03-01_06_00_04.mp4,base_hourly,original hourly round-robin selection
147,7,pre,true,MCs-13-and-14,13;14,,2026-03-01,augmented_pre_exposure,06,30,augmented_extra,augmented,bumblebox-18_2026-03-01_06_30_04,bumblebox-18,/media/august/Expansion/Behavioral-Entropy-Pesticide-Dosing-Exps/MCs-13-and-14/2026-03-01/bumblebox-18_2026-03-01_06_30_04.mp4,,blur_compensation_0.5ppb,extra pre videos for MC14 to compensate blurry MC1 0.5ppb
148,7,post,true,MCs-13-and-14,13;14,2026-03-02,2026-03-05,post_dose_d_plus_3,06,00,exact_hh00,full_24_hours,bumblebox-18_2026-03-05_06_00_04,bumblebox-18,/media/august/Expansion/Behavioral-Entropy-Pesticide-Dosing-Exps/MCs-13-and-14/2026-03-05/bumblebox-18_2026-03-05_06_00_04.mp4,/tmp/bumblebox_hourly_primary_mc9_24_links/MCs-13-and-14/2026-03-05/bumblebox-18_2026-03-05_06_00_04.mp4,base_hourly,original hourly round-robin selection
149,7,post,true,MCs-15-and-16,15;16,2026-03-02,2026-03-05,post_dose_d_plus_3,06,00,exact_hh00,full_24_hours,bumblebox-15_2026-03-05_06_00_04,bumblebox-15,/media/august/Expansion/Behavioral-Entropy-Pesticide-Dosing-Exps/MCs-15-and-16/2026-03-05/bumblebox-15_2026-03-05_06_00_04.mp4,/tmp/bumblebox_hourly_primary_mc9_24_links/MCs-15-and-16/2026-03-05/bumblebox-15_2026-03-05_06_00_04.mp4,base_hourly,original hourly round-robin selection
150,7,pre,true,MCs-17-and-18,17;18,2026-03-16,2026-03-15,pre_dose_d_minus_1,06,00,exact_hh00,full_24_hours,bumblebox-9_2026-03-15_06_00_03,bumblebox-9,/media/august/Expansion/Behavioral-Entropy-Pesticide-Dosing-Exps/MCs-17-and-18/2026-03-15/bumblebox-9_2026-03-15_06_00_03.mp4,/tmp/bumblebox_hourly_primary_mc9_24_links/MCs-17-and-18/2026-03-15/bumblebox-9_2026-03-15_06_00_03.mp4,base_hourly,original hourly round-robin selection
151,7,pre,true,MCs-17-and-18,17;18,,2026-03-15,augmented_pre_exposure,06,30,augmented_extra,augmented,bumblebox-9_2026-03-15_06_30_03,bumblebox-9,/media/august/Expansion/Behavioral-Entropy-Pesticide-Dosing-Exps/MCs-17-and-18/2026-03-15/bumblebox-9_2026-03-15_06_30_03.mp4,,blur_compensation_10ppb,all available extra pre videos for MC17 to compensate blurry MC2 10ppb; MC16 has no pre source videos
152,7,post,true,MCs-17-and-18,17;18,2026-03-16,2026-03-19,post_dose_d_plus_3,06,00,exact_hh00,full_24_hours,bumblebox-9_2026-03-19_06_00_03,bumblebox-9,/media/august/Expansion/Behavioral-Entropy-Pesticide-Dosing-Exps/MCs-17-and-18/2026-03-19/bumblebox-9_2026-03-19_06_00_03.mp4,/tmp/bumblebox_hourly_primary_mc9_24_links/MCs-17-and-18/2026-03-19/bumblebox-9_2026-03-19_06_00_03.mp4,base_hourly,original hourly round-robin selection
153,7,pre,true,MCs-19-and-20,19;20,2026-03-16,2026-03-15,pre_dose_d_minus_1,06,00,exact_hh00,full_24_hours,bumblebox-19_2026-03-15_06_00_04,bumblebox-19,/media/august/Expansion/Behavioral-Entropy-Pesticide-Dosing-Exps/MCs-19-and-20/2026-03-15/bumblebox-19_2026-03-15_06_00_04.mp4,/tmp/bumblebox_hourly_primary_mc9_24_links/MCs-19-and-20/2026-03-15/bumblebox-19_2026-03-15_06_00_04.mp4,base_hourly,original hourly round-robin selection
154,7,post,true,MCs-19-and-20,19;20,2026-03-16,2026-03-19,post_dose_d_plus_3,06,00,exact_hh00,full_24_hours,bumblebox-19_2026-03-19_06_00_05,bumblebox-19,/media/august/Expansion/Behavioral-Entropy-Pesticide-Dosing-Exps/MCs-19-and-20/2026-03-19/bumblebox-19_2026-03-19_06_00_05.mp4,/tmp/bumblebox_hourly_primary_mc9_24_links/MCs-19-and-20/2026-03-19/bumblebox-19_2026-03-19_06_00_05.mp4,base_hourly,original hourly round-robin selection
155,7,pre,true,MCs-21-and-22,21;22,2026-03-16,2026-03-15,pre_dose_d_minus_1,06,00,exact_hh00,full_24_hours,bumblebox-18_2026-03-15_06_00_04,bumblebox-18,/media/august/Expansion/Behavioral-Entropy-Pesticide-Dosing-Exps/MCs-21-and-22/2026-03-15/bumblebox-18_2026-03-15_06_00_04.mp4,/tmp/bumblebox_hourly_primary_mc9_24_links/MCs-21-and-22/2026-03-15/bumblebox-18_2026-03-15_06_00_04.mp4,base_hourly,original hourly round-robin selection
156,7,pre,true,MCs-21-and-22,21;22,,2026-03-15,augmented_pre_exposure,06,30,augmented_extra,augmented,bumblebox-18_2026-03-15_06_30_04,bumblebox-18,/media/august/Expansion/Behavioral-Entropy-Pesticide-Dosing-Exps/MCs-21-and-22/2026-03-15/bumblebox-18_2026-03-15_06_30_04.mp4,,blur_compensation_0.5ppb,extra pre videos for MC21 to compensate blurry MC1 0.5ppb
157,7,post,true,MCs-21-and-22,21;22,2026-03-16,2026-03-18,post_dose_d_plus_2_substitute,06,00,exact_hh00,full_24_hours,bumblebox-18_2026-03-18_06_00_03,bumblebox-18,/media/august/Expansion/Behavioral-Entropy-Pesticide-Dosing-Exps/MCs-21-and-22/2026-03-18/bumblebox-18_2026-03-18_06_00_03.mp4,/tmp/bumblebox_hourly_primary_mc9_24_links/MCs-21-and-22/2026-03-18/bumblebox-18_2026-03-18_06_00_03.mp4,base_hourly,original hourly round-robin selection
158,7,pre,true,MCs-23-and-24,23;24,2026-03-16,2026-03-15,pre_dose_d_minus_1,06,00,exact_hh00,full_24_hours,bumblebox-15_2026-03-15_06_00_04,bumblebox-15,/media/august/Expansion/Behavioral-Entropy-Pesticide-Dosing-Exps/MCs-23-and-24/2026-03-15/bumblebox-15_2026-03-15_06_00_04.mp4,/tmp/bumblebox_hourly_primary_mc9_24_links/MCs-23-and-24/2026-03-15/bumblebox-15_2026-03-15_06_00_04.mp4,base_hourly,original hourly round-robin selection
159,7,post,true,MCs-23-and-24,23;24,2026-03-16,2026-03-19,post_dose_d_plus_3,06,00,exact_hh00,full_24_hours,bumblebox-15_2026-03-19_06_00_04,bumblebox-15,/media/august/Expansion/Behavioral-Entropy-Pesticide-Dosing-Exps/MCs-23-and-24/2026-03-19/bumblebox-15_2026-03-19_06_00_04.mp4,/tmp/bumblebox_hourly_primary_mc9_24_links/MCs-23-and-24/2026-03-19/bumblebox-15_2026-03-19_06_00_04.mp4,base_hourly,original hourly round-robin selection
160,8,pre,true,MCs-1-and-2,1;2,2026-02-23,2026-02-23,pre_exposure_folder,07,00,exact_hh00,partial_day,bumblebox-19_2026-02-23_07_00_03,bumblebox-19,/media/august/AutoPolls9/dose-curve-pesticide-data/MCs-1-and-2/pre-exposure/bumblebox-19_2026-02-23_07_00_03.mp4,/tmp/bumblebox_hourly_primary_mc1_8_explicit_links/MCs-1-and-2/pre/2026-02-23/bumblebox-19_2026-02-23_07_00_03.mp4,base_hourly,original hourly round-robin selection
161,8,post,true,MCs-1-and-2,1;2,2026-02-23,2026-02-26,post_exposure_folder,07,00,exact_hh00,full_24_hours,bumblebox-19_2026-02-26_07_00_04,bumblebox-19,/media/august/AutoPolls9/dose-curve-pesticide-data/MCs-1-and-2/post-exposure/bumblebox-19_2026-02-26_07_00_04.mp4,/tmp/bumblebox_hourly_primary_mc1_8_explicit_links/MCs-1-and-2/post/2026-02-26/bumblebox-19_2026-02-26_07_00_04.mp4,base_hourly,original hourly round-robin selection
162,8,pre,true,MCs-3-and-4,3;4,2026-02-23,2026-02-22,pre_exposure_folder,07,00,exact_hh00,full_24_hours,bumblebox-07_2026-02-22_07_00_03,bumblebox-07,/media/august/AutoPolls9/dose-curve-pesticide-data/MCs-3-and-4/pre-exposure/bumblebox-07_2026-02-22_07_00_03.mp4,/tmp/bumblebox_hourly_primary_mc1_8_explicit_links/MCs-3-and-4/pre/2026-02-22/bumblebox-07_2026-02-22_07_00_03.mp4,base_hourly,original hourly round-robin selection
163,8,post,true,MCs-3-and-4,3;4,2026-02-23,2026-02-26,post_exposure_folder,07,00,exact_hh00,full_24_hours,bumblebox-07_2026-02-26_07_00_03,bumblebox-07,/media/august/AutoPolls9/dose-curve-pesticide-data/MCs-3-and-4/post-exposure/bumblebox-07_2026-02-26_07_00_03.mp4,/tmp/bumblebox_hourly_primary_mc1_8_explicit_links/MCs-3-and-4/post/2026-02-26/bumblebox-07_2026-02-26_07_00_03.mp4,base_hourly,original hourly round-robin selection
164,8,post,true,MCs-5-and-6,5;6,2026-02-23,2026-02-26,post_exposure_folder,07,00,exact_hh00,full_24_hours,bumblebox-18_2026-02-26_07_00_03,bumblebox-18,/media/august/AutoPolls9/dose-curve-pesticide-data/MCs-5-and-6/post-exposure/bumblebox-18_2026-02-26_07_00_03.mp4,/tmp/bumblebox_hourly_primary_mc1_8_explicit_links/MCs-5-and-6/post/2026-02-26/bumblebox-18_2026-02-26_07_00_03.mp4,base_hourly,original hourly round-robin selection
165,8,post,true,MCs-7-and-8,7;8,2026-02-23,2026-02-26,post_exposure_folder,07,00,exact_hh00,full_24_hours,bumblebox-15_2026-02-26_07_00_03,bumblebox-15,/media/august/AutoPolls9/dose-curve-pesticide-data/MCs-7-and-8/post-exposure/bumblebox-15_2026-02-26_07_00_03.mp4,/tmp/bumblebox_hourly_primary_mc1_8_explicit_links/MCs-7-and-8/post/2026-02-26/bumblebox-15_2026-02-26_07_00_03.mp4,base_hourly,original hourly round-robin selection
166,8,pre,true,MCs-9-and-10,9;10,2026-03-02,2026-03-01,pre_dose_d_minus_1,07,00,exact_hh00,full_24_hours,bumblebox-07_2026-03-01_07_00_03,bumblebox-07,/media/august/Expansion/Behavioral-Entropy-Pesticide-Dosing-Exps/MCs-9-and-10/2026-03-01/bumblebox-07_2026-03-01_07_00_03.mp4,/tmp/bumblebox_hourly_primary_mc9_24_links/MCs-9-and-10/2026-03-01/bumblebox-07_2026-03-01_07_00_03.mp4,base_hourly,original hourly round-robin selection
167,8,post,true,MCs-9-and-10,9;10,2026-03-02,2026-03-05,post_dose_d_plus_3,07,00,exact_hh00,full_24_hours,bumblebox-07_2026-03-05_07_00_03,bumblebox-07,/media/august/Expansion/Behavioral-Entropy-Pesticide-Dosing-Exps/MCs-9-and-10/2026-03-05/bumblebox-07_2026-03-05_07_00_03.mp4,/tmp/bumblebox_hourly_primary_mc9_24_links/MCs-9-and-10/2026-03-05/bumblebox-07_2026-03-05_07_00_03.mp4,base_hourly,original hourly round-robin selection
168,8,post,true,MCs-11-and-12,11;12,2026-03-02,2026-03-05,post_dose_d_plus_3,07,00,exact_hh00,partial_day,bumblebox-19_2026-03-05_07_00_04,bumblebox-19,/media/august/Expansion/Behavioral-Entropy-Pesticide-Dosing-Exps/MCs-11-and-12/2026-03-05/bumblebox-19_2026-03-05_07_00_04.mp4,/tmp/bumblebox_hourly_primary_mc9_24_links/MCs-11-and-12/2026-03-05/bumblebox-19_2026-03-05_07_00_04.mp4,base_hourly,original hourly round-robin selection
169,8,pre,true,MCs-13-and-14,13;14,2026-03-02,2026-03-01,pre_dose_d_minus_1,07,00,exact_hh00,full_24_hours,bumblebox-18_2026-03-01_07_00_05,bumblebox-18,/media/august/Expansion/Behavioral-Entropy-Pesticide-Dosing-Exps/MCs-13-and-14/2026-03-01/bumblebox-18_2026-03-01_07_00_05.mp4,/tmp/bumblebox_hourly_primary_mc9_24_links/MCs-13-and-14/2026-03-01/bumblebox-18_2026-03-01_07_00_05.mp4,base_hourly,original hourly round-robin selection
170,8,post,true,MCs-13-and-14,13;14,2026-03-02,2026-03-05,post_dose_d_plus_3,07,00,exact_hh00,full_24_hours,bumblebox-18_2026-03-05_07_00_03,bumblebox-18,/media/august/Expansion/Behavioral-Entropy-Pesticide-Dosing-Exps/MCs-13-and-14/2026-03-05/bumblebox-18_2026-03-05_07_00_03.mp4,/tmp/bumblebox_hourly_primary_mc9_24_links/MCs-13-and-14/2026-03-05/bumblebox-18_2026-03-05_07_00_03.mp4,base_hourly,original hourly round-robin selection
171,8,post,true,MCs-15-and-16,15;16,2026-03-02,2026-03-05,post_dose_d_plus_3,07,00,exact_hh00,full_24_hours,bumblebox-15_2026-03-05_07_00_04,bumblebox-15,/media/august/Expansion/Behavioral-Entropy-Pesticide-Dosing-Exps/MCs-15-and-16/2026-03-05/bumblebox-15_2026-03-05_07_00_04.mp4,/tmp/bumblebox_hourly_primary_mc9_24_links/MCs-15-and-16/2026-03-05/bumblebox-15_2026-03-05_07_00_04.mp4,base_hourly,original hourly round-robin selection
172,8,pre,true,MCs-17-and-18,17;18,2026-03-16,2026-03-15,pre_dose_d_minus_1,07,00,exact_hh00,full_24_hours,bumblebox-9_2026-03-15_07_00_03,bumblebox-9,/media/august/Expansion/Behavioral-Entropy-Pesticide-Dosing-Exps/MCs-17-and-18/2026-03-15/bumblebox-9_2026-03-15_07_00_03.mp4,/tmp/bumblebox_hourly_primary_mc9_24_links/MCs-17-and-18/2026-03-15/bumblebox-9_2026-03-15_07_00_03.mp4,base_hourly,original hourly round-robin selection
173,8,pre,true,MCs-17-and-18,17;18,,2026-03-15,augmented_pre_exposure,07,30,augmented_extra,augmented,bumblebox-9_2026-03-15_07_30_03,bumblebox-9,/media/august/Expansion/Behavioral-Entropy-Pesticide-Dosing-Exps/MCs-17-and-18/2026-03-15/bumblebox-9_2026-03-15_07_30_03.mp4,,blur_compensation_10ppb,all available extra pre videos for MC17 to compensate blurry MC2 10ppb; MC16 has no pre source videos
174,8,post,true,MCs-17-and-18,17;18,2026-03-16,2026-03-19,post_dose_d_plus_3,07,00,exact_hh00,full_24_hours,bumblebox-9_2026-03-19_07_00_03,bumblebox-9,/media/august/Expansion/Behavioral-Entropy-Pesticide-Dosing-Exps/MCs-17-and-18/2026-03-19/bumblebox-9_2026-03-19_07_00_03.mp4,/tmp/bumblebox_hourly_primary_mc9_24_links/MCs-17-and-18/2026-03-19/bumblebox-9_2026-03-19_07_00_03.mp4,base_hourly,original hourly round-robin selection
175,8,pre,true,MCs-19-and-20,19;20,2026-03-16,2026-03-15,pre_dose_d_minus_1,07,00,exact_hh00,full_24_hours,bumblebox-19_2026-03-15_07_00_02,bumblebox-19,/media/august/Expansion/Behavioral-Entropy-Pesticide-Dosing-Exps/MCs-19-and-20/2026-03-15/bumblebox-19_2026-03-15_07_00_02.mp4,/tmp/bumblebox_hourly_primary_mc9_24_links/MCs-19-and-20/2026-03-15/bumblebox-19_2026-03-15_07_00_02.mp4,base_hourly,original hourly round-robin selection
176,8,post,true,MCs-19-and-20,19;20,2026-03-16,2026-03-19,post_dose_d_plus_3,07,00,exact_hh00,full_24_hours,bumblebox-19_2026-03-19_07_00_04,bumblebox-19,/media/august/Expansion/Behavioral-Entropy-Pesticide-Dosing-Exps/MCs-19-and-20/2026-03-19/bumblebox-19_2026-03-19_07_00_04.mp4,/tmp/bumblebox_hourly_primary_mc9_24_links/MCs-19-and-20/2026-03-19/bumblebox-19_2026-03-19_07_00_04.mp4,base_hourly,original hourly round-robin selection
177,8,pre,true,MCs-21-and-22,21;22,2026-03-16,2026-03-15,pre_dose_d_minus_1,07,00,exact_hh00,full_24_hours,bumblebox-18_2026-03-15_07_00_04,bumblebox-18,/media/august/Expansion/Behavioral-Entropy-Pesticide-Dosing-Exps/MCs-21-and-22/2026-03-15/bumblebox-18_2026-03-15_07_00_04.mp4,/tmp/bumblebox_hourly_primary_mc9_24_links/MCs-21-and-22/2026-03-15/bumblebox-18_2026-03-15_07_00_04.mp4,base_hourly,original hourly round-robin selection
178,8,post,true,MCs-21-and-22,21;22,2026-03-16,2026-03-18,post_dose_d_plus_2_substitute,07,00,exact_hh00,full_24_hours,bumblebox-18_2026-03-18_07_00_03,bumblebox-18,/media/august/Expansion/Behavioral-Entropy-Pesticide-Dosing-Exps/MCs-21-and-22/2026-03-18/bumblebox-18_2026-03-18_07_00_03.mp4,/tmp/bumblebox_hourly_primary_mc9_24_links/MCs-21-and-22/2026-03-18/bumblebox-18_2026-03-18_07_00_03.mp4,base_hourly,original hourly round-robin selection
179,8,pre,true,MCs-23-and-24,23;24,2026-03-16,2026-03-15,pre_dose_d_minus_1,07,00,exact_hh00,full_24_hours,bumblebox-15_2026-03-15_07_00_02,bumblebox-15,/media/august/Expansion/Behavioral-Entropy-Pesticide-Dosing-Exps/MCs-23-and-24/2026-03-15/bumblebox-15_2026-03-15_07_00_02.mp4,/tmp/bumblebox_hourly_primary_mc9_24_links/MCs-23-and-24/2026-03-15/bumblebox-15_2026-03-15_07_00_02.mp4,base_hourly,original hourly round-robin selection
180,8,post,true,MCs-23-and-24,23;24,2026-03-16,2026-03-19,post_dose_d_plus_3,07,00,exact_hh00,full_24_hours,bumblebox-15_2026-03-19_07_00_03,bumblebox-15,/media/august/Expansion/Behavioral-Entropy-Pesticide-Dosing-Exps/MCs-23-and-24/2026-03-19/bumblebox-15_2026-03-19_07_00_03.mp4,/tmp/bumblebox_hourly_primary_mc9_24_links/MCs-23-and-24/2026-03-19/bumblebox-15_2026-03-19_07_00_03.mp4,base_hourly,original hourly round-robin selection
181,9,pre,true,MCs-1-and-2,1;2,2026-02-23,2026-02-23,pre_exposure_folder,08,00,exact_hh00,partial_day,bumblebox-19_2026-02-23_08_00_06,bumblebox-19,/media/august/AutoPolls9/dose-curve-pesticide-data/MCs-1-and-2/pre-exposure/bumblebox-19_2026-02-23_08_00_06.mp4,/tmp/bumblebox_hourly_primary_mc1_8_explicit_links/MCs-1-and-2/pre/2026-02-23/bumblebox-19_2026-02-23_08_00_06.mp4,base_hourly,original hourly round-robin selection
182,9,pre,true,MCs-1-and-2,1;2,,2026-02-23,augmented_pre_exposure,08,50,augmented_extra,augmented,bumblebox-19_2026-02-23_08_50_03,bumblebox-19,/media/august/AutoPolls9/dose-curve-pesticide-data/MCs-1-and-2/pre-exposure/bumblebox-19_2026-02-23_08_50_03.mp4,,pre_fill_to_24_if_possible,fill MCs-1-and-2 pre from 16 toward 24 using non-hourly pre videos
183,9,post,true,MCs-1-and-2,1;2,2026-02-23,2026-02-26,post_exposure_folder,08,00,exact_hh00,full_24_hours,bumblebox-19_2026-02-26_08_00_03,bumblebox-19,/media/august/AutoPolls9/dose-curve-pesticide-data/MCs-1-and-2/post-exposure/bumblebox-19_2026-02-26_08_00_03.mp4,/tmp/bumblebox_hourly_primary_mc1_8_explicit_links/MCs-1-and-2/post/2026-02-26/bumblebox-19_2026-02-26_08_00_03.mp4,base_hourly,original hourly round-robin selection
184,9,pre,true,MCs-3-and-4,3;4,2026-02-23,2026-02-22,pre_exposure_folder,08,00,exact_hh00,full_24_hours,bumblebox-07_2026-02-22_08_00_03,bumblebox-07,/media/august/AutoPolls9/dose-curve-pesticide-data/MCs-3-and-4/pre-exposure/bumblebox-07_2026-02-22_08_00_03.mp4,/tmp/bumblebox_hourly_primary_mc1_8_explicit_links/MCs-3-and-4/pre/2026-02-22/bumblebox-07_2026-02-22_08_00_03.mp4,base_hourly,original hourly round-robin selection
185,9,post,true,MCs-3-and-4,3;4,2026-02-23,2026-02-26,post_exposure_folder,08,00,exact_hh00,full_24_hours,bumblebox-07_2026-02-26_08_00_03,bumblebox-07,/media/august/AutoPolls9/dose-curve-pesticide-data/MCs-3-and-4/post-exposure/bumblebox-07_2026-02-26_08_00_03.mp4,/tmp/bumblebox_hourly_primary_mc1_8_explicit_links/MCs-3-and-4/post/2026-02-26/bumblebox-07_2026-02-26_08_00_03.mp4,base_hourly,original hourly round-robin selection
186,9,post,true,MCs-5-and-6,5;6,2026-02-23,2026-02-26,post_exposure_folder,08,00,exact_hh00,full_24_hours,bumblebox-18_2026-02-26_08_00_04,bumblebox-18,/media/august/AutoPolls9/dose-curve-pesticide-data/MCs-5-and-6/post-exposure/bumblebox-18_2026-02-26_08_00_04.mp4,/tmp/bumblebox_hourly_primary_mc1_8_explicit_links/MCs-5-and-6/post/2026-02-26/bumblebox-18_2026-02-26_08_00_04.mp4,base_hourly,original hourly round-robin selection
187,9,post,true,MCs-7-and-8,7;8,2026-02-23,2026-02-26,post_exposure_folder,08,00,exact_hh00,full_24_hours,bumblebox-15_2026-02-26_08_00_03,bumblebox-15,/media/august/AutoPolls9/dose-curve-pesticide-data/MCs-7-and-8/post-exposure/bumblebox-15_2026-02-26_08_00_03.mp4,/tmp/bumblebox_hourly_primary_mc1_8_explicit_links/MCs-7-and-8/post/2026-02-26/bumblebox-15_2026-02-26_08_00_03.mp4,base_hourly,original hourly round-robin selection
188,9,pre,true,MCs-9-and-10,9;10,2026-03-02,2026-03-01,pre_dose_d_minus_1,08,00,exact_hh00,full_24_hours,bumblebox-07_2026-03-01_08_00_03,bumblebox-07,/media/august/Expansion/Behavioral-Entropy-Pesticide-Dosing-Exps/MCs-9-and-10/2026-03-01/bumblebox-07_2026-03-01_08_00_03.mp4,/tmp/bumblebox_hourly_primary_mc9_24_links/MCs-9-and-10/2026-03-01/bumblebox-07_2026-03-01_08_00_03.mp4,base_hourly,original hourly round-robin selection
189,9,post,true,MCs-9-and-10,9;10,2026-03-02,2026-03-05,post_dose_d_plus_3,08,00,exact_hh00,full_24_hours,bumblebox-07_2026-03-05_08_00_03,bumblebox-07,/media/august/Expansion/Behavioral-Entropy-Pesticide-Dosing-Exps/MCs-9-and-10/2026-03-05/bumblebox-07_2026-03-05_08_00_03.mp4,/tmp/bumblebox_hourly_primary_mc9_24_links/MCs-9-and-10/2026-03-05/bumblebox-07_2026-03-05_08_00_03.mp4,base_hourly,original hourly round-robin selection
190,9,post,true,MCs-11-and-12,11;12,2026-03-02,2026-03-05,post_dose_d_plus_3,08,00,exact_hh00,partial_day,bumblebox-19_2026-03-05_08_00_03,bumblebox-19,/media/august/Expansion/Behavioral-Entropy-Pesticide-Dosing-Exps/MCs-11-and-12/2026-03-05/bumblebox-19_2026-03-05_08_00_03.mp4,/tmp/bumblebox_hourly_primary_mc9_24_links/MCs-11-and-12/2026-03-05/bumblebox-19_2026-03-05_08_00_03.mp4,base_hourly,original hourly round-robin selection
191,9,pre,true,MCs-13-and-14,13;14,2026-03-02,2026-03-01,pre_dose_d_minus_1,08,00,exact_hh00,full_24_hours,bumblebox-18_2026-03-01_08_00_04,bumblebox-18,/media/august/Expansion/Behavioral-Entropy-Pesticide-Dosing-Exps/MCs-13-and-14/2026-03-01/bumblebox-18_2026-03-01_08_00_04.mp4,/tmp/bumblebox_hourly_primary_mc9_24_links/MCs-13-and-14/2026-03-01/bumblebox-18_2026-03-01_08_00_04.mp4,base_hourly,original hourly round-robin selection
192,9,pre,true,MCs-13-and-14,13;14,,2026-03-01,augmented_pre_exposure,08,30,augmented_extra,augmented,bumblebox-18_2026-03-01_08_30_04,bumblebox-18,/media/august/Expansion/Behavioral-Entropy-Pesticide-Dosing-Exps/MCs-13-and-14/2026-03-01/bumblebox-18_2026-03-01_08_30_04.mp4,,blur_compensation_0.5ppb,extra pre videos for MC14 to compensate blurry MC1 0.5ppb
193,9,post,true,MCs-13-and-14,13;14,2026-03-02,2026-03-05,post_dose_d_plus_3,08,00,exact_hh00,full_24_hours,bumblebox-18_2026-03-05_08_00_04,bumblebox-18,/media/august/Expansion/Behavioral-Entropy-Pesticide-Dosing-Exps/MCs-13-and-14/2026-03-05/bumblebox-18_2026-03-05_08_00_04.mp4,/tmp/bumblebox_hourly_primary_mc9_24_links/MCs-13-and-14/2026-03-05/bumblebox-18_2026-03-05_08_00_04.mp4,base_hourly,original hourly round-robin selection
194,9,post,true,MCs-15-and-16,15;16,2026-03-02,2026-03-05,post_dose_d_plus_3,08,00,exact_hh00,full_24_hours,bumblebox-15_2026-03-05_08_00_03,bumblebox-15,/media/august/Expansion/Behavioral-Entropy-Pesticide-Dosing-Exps/MCs-15-and-16/2026-03-05/bumblebox-15_2026-03-05_08_00_03.mp4,/tmp/bumblebox_hourly_primary_mc9_24_links/MCs-15-and-16/2026-03-05/bumblebox-15_2026-03-05_08_00_03.mp4,base_hourly,original hourly round-robin selection
195,9,pre,true,MCs-17-and-18,17;18,2026-03-16,2026-03-15,pre_dose_d_minus_1,08,00,exact_hh00,full_24_hours,bumblebox-9_2026-03-15_08_00_03,bumblebox-9,/media/august/Expansion/Behavioral-Entropy-Pesticide-Dosing-Exps/MCs-17-and-18/2026-03-15/bumblebox-9_2026-03-15_08_00_03.mp4,/tmp/bumblebox_hourly_primary_mc9_24_links/MCs-17-and-18/2026-03-15/bumblebox-9_2026-03-15_08_00_03.mp4,base_hourly,original hourly round-robin selection
196,9,pre,true,MCs-17-and-18,17;18,,2026-03-15,augmented_pre_exposure,08,30,augmented_extra,augmented,bumblebox-9_2026-03-15_08_30_03,bumblebox-9,/media/august/Expansion/Behavioral-Entropy-Pesticide-Dosing-Exps/MCs-17-and-18/2026-03-15/bumblebox-9_2026-03-15_08_30_03.mp4,,blur_compensation_10ppb,all available extra pre videos for MC17 to compensate blurry MC2 10ppb; MC16 has no pre source videos
197,9,post,true,MCs-17-and-18,17;18,2026-03-16,2026-03-19,post_dose_d_plus_3,08,00,exact_hh00,full_24_hours,bumblebox-9_2026-03-19_08_00_03,bumblebox-9,/media/august/Expansion/Behavioral-Entropy-Pesticide-Dosing-Exps/MCs-17-and-18/2026-03-19/bumblebox-9_2026-03-19_08_00_03.mp4,/tmp/bumblebox_hourly_primary_mc9_24_links/MCs-17-and-18/2026-03-19/bumblebox-9_2026-03-19_08_00_03.mp4,base_hourly,original hourly round-robin selection
198,9,pre,true,MCs-19-and-20,19;20,2026-03-16,2026-03-15,pre_dose_d_minus_1,08,00,exact_hh00,full_24_hours,bumblebox-19_2026-03-15_08_00_03,bumblebox-19,/media/august/Expansion/Behavioral-Entropy-Pesticide-Dosing-Exps/MCs-19-and-20/2026-03-15/bumblebox-19_2026-03-15_08_00_03.mp4,/tmp/bumblebox_hourly_primary_mc9_24_links/MCs-19-and-20/2026-03-15/bumblebox-19_2026-03-15_08_00_03.mp4,base_hourly,original hourly round-robin selection
199,9,post,true,MCs-19-and-20,19;20,2026-03-16,2026-03-19,post_dose_d_plus_3,08,00,exact_hh00,full_24_hours,bumblebox-19_2026-03-19_08_00_04,bumblebox-19,/media/august/Expansion/Behavioral-Entropy-Pesticide-Dosing-Exps/MCs-19-and-20/2026-03-19/bumblebox-19_2026-03-19_08_00_04.mp4,/tmp/bumblebox_hourly_primary_mc9_24_links/MCs-19-and-20/2026-03-19/bumblebox-19_2026-03-19_08_00_04.mp4,base_hourly,original hourly round-robin selection
200,9,pre,true,MCs-21-and-22,21;22,2026-03-16,2026-03-15,pre_dose_d_minus_1,08,00,exact_hh00,full_24_hours,bumblebox-18_2026-03-15_08_00_04,bumblebox-18,/media/august/Expansion/Behavioral-Entropy-Pesticide-Dosing-Exps/MCs-21-and-22/2026-03-15/bumblebox-18_2026-03-15_08_00_04.mp4,/tmp/bumblebox_hourly_primary_mc9_24_links/MCs-21-and-22/2026-03-15/bumblebox-18_2026-03-15_08_00_04.mp4,base_hourly,original hourly round-robin selection
201,9,pre,true,MCs-21-and-22,21;22,,2026-03-15,augmented_pre_exposure,08,30,augmented_extra,augmented,bumblebox-18_2026-03-15_08_30_04,bumblebox-18,/media/august/Expansion/Behavioral-Entropy-Pesticide-Dosing-Exps/MCs-21-and-22/2026-03-15/bumblebox-18_2026-03-15_08_30_04.mp4,,blur_compensation_0.5ppb,extra pre videos for MC21 to compensate blurry MC1 0.5ppb
202,9,post,true,MCs-21-and-22,21;22,2026-03-16,2026-03-18,post_dose_d_plus_2_substitute,08,00,exact_hh00,full_24_hours,bumblebox-18_2026-03-18_08_00_03,bumblebox-18,/media/august/Expansion/Behavioral-Entropy-Pesticide-Dosing-Exps/MCs-21-and-22/2026-03-18/bumblebox-18_2026-03-18_08_00_03.mp4,/tmp/bumblebox_hourly_primary_mc9_24_links/MCs-21-and-22/2026-03-18/bumblebox-18_2026-03-18_08_00_03.mp4,base_hourly,original hourly round-robin selection
203,9,pre,true,MCs-23-and-24,23;24,2026-03-16,2026-03-15,pre_dose_d_minus_1,08,00,exact_hh00,full_24_hours,bumblebox-15_2026-03-15_08_00_03,bumblebox-15,/media/august/Expansion/Behavioral-Entropy-Pesticide-Dosing-Exps/MCs-23-and-24/2026-03-15/bumblebox-15_2026-03-15_08_00_03.mp4,/tmp/bumblebox_hourly_primary_mc9_24_links/MCs-23-and-24/2026-03-15/bumblebox-15_2026-03-15_08_00_03.mp4,base_hourly,original hourly round-robin selection
204,9,post,true,MCs-23-and-24,23;24,2026-03-16,2026-03-19,post_dose_d_plus_3,08,00,exact_hh00,full_24_hours,bumblebox-15_2026-03-19_08_00_04,bumblebox-15,/media/august/Expansion/Behavioral-Entropy-Pesticide-Dosing-Exps/MCs-23-and-24/2026-03-19/bumblebox-15_2026-03-19_08_00_04.mp4,/tmp/bumblebox_hourly_primary_mc9_24_links/MCs-23-and-24/2026-03-19/bumblebox-15_2026-03-19_08_00_04.mp4,base_hourly,original hourly round-robin selection
205,10,post,true,MCs-1-and-2,1;2,2026-02-23,2026-02-26,post_exposure_folder,09,00,exact_hh00,full_24_hours,bumblebox-19_2026-02-26_09_00_04,bumblebox-19,/media/august/AutoPolls9/dose-curve-pesticide-data/MCs-1-and-2/post-exposure/bumblebox-19_2026-02-26_09_00_04.mp4,/tmp/bumblebox_hourly_primary_mc1_8_explicit_links/MCs-1-and-2/post/2026-02-26/bumblebox-19_2026-02-26_09_00_04.mp4,base_hourly,original hourly round-robin selection
206,10,pre,true,MCs-3-and-4,3;4,2026-02-23,2026-02-22,pre_exposure_folder,09,00,exact_hh00,full_24_hours,bumblebox-07_2026-02-22_09_00_03,bumblebox-07,/media/august/AutoPolls9/dose-curve-pesticide-data/MCs-3-and-4/pre-exposure/bumblebox-07_2026-02-22_09_00_03.mp4,/tmp/bumblebox_hourly_primary_mc1_8_explicit_links/MCs-3-and-4/pre/2026-02-22/bumblebox-07_2026-02-22_09_00_03.mp4,base_hourly,original hourly round-robin selection
207,10,post,true,MCs-3-and-4,3;4,2026-02-23,2026-02-26,post_exposure_folder,09,00,exact_hh00,full_24_hours,bumblebox-07_2026-02-26_09_00_03,bumblebox-07,/media/august/AutoPolls9/dose-curve-pesticide-data/MCs-3-and-4/post-exposure/bumblebox-07_2026-02-26_09_00_03.mp4,/tmp/bumblebox_hourly_primary_mc1_8_explicit_links/MCs-3-and-4/post/2026-02-26/bumblebox-07_2026-02-26_09_00_03.mp4,base_hourly,original hourly round-robin selection
208,10,post,true,MCs-5-and-6,5;6,2026-02-23,2026-02-26,post_exposure_folder,09,00,exact_hh00,full_24_hours,bumblebox-18_2026-02-26_09_00_04,bumblebox-18,/media/august/AutoPolls9/dose-curve-pesticide-data/MCs-5-and-6/post-exposure/bumblebox-18_2026-02-26_09_00_04.mp4,/tmp/bumblebox_hourly_primary_mc1_8_explicit_links/MCs-5-and-6/post/2026-02-26/bumblebox-18_2026-02-26_09_00_04.mp4,base_hourly,original hourly round-robin selection
209,10,post,true,MCs-7-and-8,7;8,2026-02-23,2026-02-26,post_exposure_folder,09,00,exact_hh00,full_24_hours,bumblebox-15_2026-02-26_09_00_03,bumblebox-15,/media/august/AutoPolls9/dose-curve-pesticide-data/MCs-7-and-8/post-exposure/bumblebox-15_2026-02-26_09_00_03.mp4,/tmp/bumblebox_hourly_primary_mc1_8_explicit_links/MCs-7-and-8/post/2026-02-26/bumblebox-15_2026-02-26_09_00_03.mp4,base_hourly,original hourly round-robin selection
210,10,pre,true,MCs-9-and-10,9;10,2026-03-02,2026-03-01,pre_dose_d_minus_1,09,00,exact_hh00,full_24_hours,bumblebox-07_2026-03-01_09_00_03,bumblebox-07,/media/august/Expansion/Behavioral-Entropy-Pesticide-Dosing-Exps/MCs-9-and-10/2026-03-01/bumblebox-07_2026-03-01_09_00_03.mp4,/tmp/bumblebox_hourly_primary_mc9_24_links/MCs-9-and-10/2026-03-01/bumblebox-07_2026-03-01_09_00_03.mp4,base_hourly,original hourly round-robin selection
211,10,post,true,MCs-9-and-10,9;10,2026-03-02,2026-03-05,post_dose_d_plus_3,09,00,exact_hh00,full_24_hours,bumblebox-07_2026-03-05_09_00_03,bumblebox-07,/media/august/Expansion/Behavioral-Entropy-Pesticide-Dosing-Exps/MCs-9-and-10/2026-03-05/bumblebox-07_2026-03-05_09_00_03.mp4,/tmp/bumblebox_hourly_primary_mc9_24_links/MCs-9-and-10/2026-03-05/bumblebox-07_2026-03-05_09_00_03.mp4,base_hourly,original hourly round-robin selection
212,10,post,true,MCs-11-and-12,11;12,2026-03-02,2026-03-05,post_dose_d_plus_3,09,00,exact_hh00,partial_day,bumblebox-19_2026-03-05_09_00_05,bumblebox-19,/media/august/Expansion/Behavioral-Entropy-Pesticide-Dosing-Exps/MCs-11-and-12/2026-03-05/bumblebox-19_2026-03-05_09_00_05.mp4,/tmp/bumblebox_hourly_primary_mc9_24_links/MCs-11-and-12/2026-03-05/bumblebox-19_2026-03-05_09_00_05.mp4,base_hourly,original hourly round-robin selection
213,10,pre,true,MCs-13-and-14,13;14,2026-03-02,2026-03-01,pre_dose_d_minus_1,09,00,exact_hh00,full_24_hours,bumblebox-18_2026-03-01_09_00_05,bumblebox-18,/media/august/Expansion/Behavioral-Entropy-Pesticide-Dosing-Exps/MCs-13-and-14/2026-03-01/bumblebox-18_2026-03-01_09_00_05.mp4,/tmp/bumblebox_hourly_primary_mc9_24_links/MCs-13-and-14/2026-03-01/bumblebox-18_2026-03-01_09_00_05.mp4,base_hourly,original hourly round-robin selection
214,10,post,true,MCs-13-and-14,13;14,2026-03-02,2026-03-05,post_dose_d_plus_3,09,00,exact_hh00,full_24_hours,bumblebox-18_2026-03-05_09_00_04,bumblebox-18,/media/august/Expansion/Behavioral-Entropy-Pesticide-Dosing-Exps/MCs-13-and-14/2026-03-05/bumblebox-18_2026-03-05_09_00_04.mp4,/tmp/bumblebox_hourly_primary_mc9_24_links/MCs-13-and-14/2026-03-05/bumblebox-18_2026-03-05_09_00_04.mp4,base_hourly,original hourly round-robin selection
215,10,post,true,MCs-15-and-16,15;16,2026-03-02,2026-03-05,post_dose_d_plus_3,09,00,exact_hh00,full_24_hours,bumblebox-15_2026-03-05_09_00_03,bumblebox-15,/media/august/Expansion/Behavioral-Entropy-Pesticide-Dosing-Exps/MCs-15-and-16/2026-03-05/bumblebox-15_2026-03-05_09_00_03.mp4,/tmp/bumblebox_hourly_primary_mc9_24_links/MCs-15-and-16/2026-03-05/bumblebox-15_2026-03-05_09_00_03.mp4,base_hourly,original hourly round-robin selection
216,10,pre,true,MCs-17-and-18,17;18,2026-03-16,2026-03-15,pre_dose_d_minus_1,09,00,exact_hh00,full_24_hours,bumblebox-9_2026-03-15_09_00_03,bumblebox-9,/media/august/Expansion/Behavioral-Entropy-Pesticide-Dosing-Exps/MCs-17-and-18/2026-03-15/bumblebox-9_2026-03-15_09_00_03.mp4,/tmp/bumblebox_hourly_primary_mc9_24_links/MCs-17-and-18/2026-03-15/bumblebox-9_2026-03-15_09_00_03.mp4,base_hourly,original hourly round-robin selection
217,10,pre,true,MCs-17-and-18,17;18,,2026-03-15,augmented_pre_exposure,09,30,augmented_extra,augmented,bumblebox-9_2026-03-15_09_30_03,bumblebox-9,/media/august/Expansion/Behavioral-Entropy-Pesticide-Dosing-Exps/MCs-17-and-18/2026-03-15/bumblebox-9_2026-03-15_09_30_03.mp4,,blur_compensation_10ppb,all available extra pre videos for MC17 to compensate blurry MC2 10ppb; MC16 has no pre source videos
218,10,post,true,MCs-17-and-18,17;18,2026-03-16,2026-03-19,post_dose_d_plus_3,09,00,exact_hh00,full_24_hours,bumblebox-9_2026-03-19_09_00_03,bumblebox-9,/media/august/Expansion/Behavioral-Entropy-Pesticide-Dosing-Exps/MCs-17-and-18/2026-03-19/bumblebox-9_2026-03-19_09_00_03.mp4,/tmp/bumblebox_hourly_primary_mc9_24_links/MCs-17-and-18/2026-03-19/bumblebox-9_2026-03-19_09_00_03.mp4,base_hourly,original hourly round-robin selection
219,10,pre,true,MCs-19-and-20,19;20,2026-03-16,2026-03-15,pre_dose_d_minus_1,09,00,exact_hh00,full_24_hours,bumblebox-19_2026-03-15_09_00_05,bumblebox-19,/media/august/Expansion/Behavioral-Entropy-Pesticide-Dosing-Exps/MCs-19-and-20/2026-03-15/bumblebox-19_2026-03-15_09_00_05.mp4,/tmp/bumblebox_hourly_primary_mc9_24_links/MCs-19-and-20/2026-03-15/bumblebox-19_2026-03-15_09_00_05.mp4,base_hourly,original hourly round-robin selection
220,10,post,true,MCs-19-and-20,19;20,2026-03-16,2026-03-19,post_dose_d_plus_3,09,00,exact_hh00,full_24_hours,bumblebox-19_2026-03-19_09_00_03,bumblebox-19,/media/august/Expansion/Behavioral-Entropy-Pesticide-Dosing-Exps/MCs-19-and-20/2026-03-19/bumblebox-19_2026-03-19_09_00_03.mp4,/tmp/bumblebox_hourly_primary_mc9_24_links/MCs-19-and-20/2026-03-19/bumblebox-19_2026-03-19_09_00_03.mp4,base_hourly,original hourly round-robin selection
221,10,pre,true,MCs-21-and-22,21;22,2026-03-16,2026-03-15,pre_dose_d_minus_1,09,00,exact_hh00,full_24_hours,bumblebox-18_2026-03-15_09_00_04,bumblebox-18,/media/august/Expansion/Behavioral-Entropy-Pesticide-Dosing-Exps/MCs-21-and-22/2026-03-15/bumblebox-18_2026-03-15_09_00_04.mp4,/tmp/bumblebox_hourly_primary_mc9_24_links/MCs-21-and-22/2026-03-15/bumblebox-18_2026-03-15_09_00_04.mp4,base_hourly,original hourly round-robin selection
222,10,post,true,MCs-21-and-22,21;22,2026-03-16,2026-03-18,post_dose_d_plus_2_substitute,09,00,exact_hh00,full_24_hours,bumblebox-18_2026-03-18_09_00_03,bumblebox-18,/media/august/Expansion/Behavioral-Entropy-Pesticide-Dosing-Exps/MCs-21-and-22/2026-03-18/bumblebox-18_2026-03-18_09_00_03.mp4,/tmp/bumblebox_hourly_primary_mc9_24_links/MCs-21-and-22/2026-03-18/bumblebox-18_2026-03-18_09_00_03.mp4,base_hourly,original hourly round-robin selection
223,10,pre,true,MCs-23-and-24,23;24,2026-03-16,2026-03-15,pre_dose_d_minus_1,09,00,exact_hh00,full_24_hours,bumblebox-15_2026-03-15_09_00_04,bumblebox-15,/media/august/Expansion/Behavioral-Entropy-Pesticide-Dosing-Exps/MCs-23-and-24/2026-03-15/bumblebox-15_2026-03-15_09_00_04.mp4,/tmp/bumblebox_hourly_primary_mc9_24_links/MCs-23-and-24/2026-03-15/bumblebox-15_2026-03-15_09_00_04.mp4,base_hourly,original hourly round-robin selection
224,10,post,true,MCs-23-and-24,23;24,2026-03-16,2026-03-19,post_dose_d_plus_3,09,00,exact_hh00,full_24_hours,bumblebox-15_2026-03-19_09_00_04,bumblebox-15,/media/august/Expansion/Behavioral-Entropy-Pesticide-Dosing-Exps/MCs-23-and-24/2026-03-19/bumblebox-15_2026-03-19_09_00_04.mp4,/tmp/bumblebox_hourly_primary_mc9_24_links/MCs-23-and-24/2026-03-19/bumblebox-15_2026-03-19_09_00_04.mp4,base_hourly,original hourly round-robin selection
225,11,post,true,MCs-1-and-2,1;2,2026-02-23,2026-02-26,post_exposure_folder,10,00,exact_hh00,full_24_hours,bumblebox-19_2026-02-26_10_00_04,bumblebox-19,/media/august/AutoPolls9/dose-curve-pesticide-data/MCs-1-and-2/post-exposure/bumblebox-19_2026-02-26_10_00_04.mp4,/tmp/bumblebox_hourly_primary_mc1_8_explicit_links/MCs-1-and-2/post/2026-02-26/bumblebox-19_2026-02-26_10_00_04.mp4,base_hourly,original hourly round-robin selection
226,11,pre,true,MCs-3-and-4,3;4,2026-02-23,2026-02-22,pre_exposure_folder,10,00,exact_hh00,full_24_hours,bumblebox-07_2026-02-22_10_00_03,bumblebox-07,/media/august/AutoPolls9/dose-curve-pesticide-data/MCs-3-and-4/pre-exposure/bumblebox-07_2026-02-22_10_00_03.mp4,/tmp/bumblebox_hourly_primary_mc1_8_explicit_links/MCs-3-and-4/pre/2026-02-22/bumblebox-07_2026-02-22_10_00_03.mp4,base_hourly,original hourly round-robin selection
227,11,post,true,MCs-3-and-4,3;4,2026-02-23,2026-02-26,post_exposure_folder,10,00,exact_hh00,full_24_hours,bumblebox-07_2026-02-26_10_00_03,bumblebox-07,/media/august/AutoPolls9/dose-curve-pesticide-data/MCs-3-and-4/post-exposure/bumblebox-07_2026-02-26_10_00_03.mp4,/tmp/bumblebox_hourly_primary_mc1_8_explicit_links/MCs-3-and-4/post/2026-02-26/bumblebox-07_2026-02-26_10_00_03.mp4,base_hourly,original hourly round-robin selection
228,11,post,true,MCs-5-and-6,5;6,2026-02-23,2026-02-26,post_exposure_folder,10,00,exact_hh00,full_24_hours,bumblebox-18_2026-02-26_10_00_04,bumblebox-18,/media/august/AutoPolls9/dose-curve-pesticide-data/MCs-5-and-6/post-exposure/bumblebox-18_2026-02-26_10_00_04.mp4,/tmp/bumblebox_hourly_primary_mc1_8_explicit_links/MCs-5-and-6/post/2026-02-26/bumblebox-18_2026-02-26_10_00_04.mp4,base_hourly,original hourly round-robin selection
229,11,post,true,MCs-7-and-8,7;8,2026-02-23,2026-02-26,post_exposure_folder,10,00,exact_hh00,full_24_hours,bumblebox-15_2026-02-26_10_00_03,bumblebox-15,/media/august/AutoPolls9/dose-curve-pesticide-data/MCs-7-and-8/post-exposure/bumblebox-15_2026-02-26_10_00_03.mp4,/tmp/bumblebox_hourly_primary_mc1_8_explicit_links/MCs-7-and-8/post/2026-02-26/bumblebox-15_2026-02-26_10_00_03.mp4,base_hourly,original hourly round-robin selection
230,11,pre,true,MCs-9-and-10,9;10,2026-03-02,2026-03-01,pre_dose_d_minus_1,10,00,exact_hh00,full_24_hours,bumblebox-07_2026-03-01_10_00_03,bumblebox-07,/media/august/Expansion/Behavioral-Entropy-Pesticide-Dosing-Exps/MCs-9-and-10/2026-03-01/bumblebox-07_2026-03-01_10_00_03.mp4,/tmp/bumblebox_hourly_primary_mc9_24_links/MCs-9-and-10/2026-03-01/bumblebox-07_2026-03-01_10_00_03.mp4,base_hourly,original hourly round-robin selection
231,11,post,true,MCs-9-and-10,9;10,2026-03-02,2026-03-05,post_dose_d_plus_3,10,00,exact_hh00,full_24_hours,bumblebox-07_2026-03-05_10_00_03,bumblebox-07,/media/august/Expansion/Behavioral-Entropy-Pesticide-Dosing-Exps/MCs-9-and-10/2026-03-05/bumblebox-07_2026-03-05_10_00_03.mp4,/tmp/bumblebox_hourly_primary_mc9_24_links/MCs-9-and-10/2026-03-05/bumblebox-07_2026-03-05_10_00_03.mp4,base_hourly,original hourly round-robin selection
232,11,post,true,MCs-11-and-12,11;12,2026-03-02,2026-03-05,post_dose_d_plus_3,10,00,exact_hh00,partial_day,bumblebox-19_2026-03-05_10_00_03,bumblebox-19,/media/august/Expansion/Behavioral-Entropy-Pesticide-Dosing-Exps/MCs-11-and-12/2026-03-05/bumblebox-19_2026-03-05_10_00_03.mp4,/tmp/bumblebox_hourly_primary_mc9_24_links/MCs-11-and-12/2026-03-05/bumblebox-19_2026-03-05_10_00_03.mp4,base_hourly,original hourly round-robin selection
233,11,pre,true,MCs-13-and-14,13;14,2026-03-02,2026-03-01,pre_dose_d_minus_1,10,00,exact_hh00,full_24_hours,bumblebox-18_2026-03-01_10_00_04,bumblebox-18,/media/august/Expansion/Behavioral-Entropy-Pesticide-Dosing-Exps/MCs-13-and-14/2026-03-01/bumblebox-18_2026-03-01_10_00_04.mp4,/tmp/bumblebox_hourly_primary_mc9_24_links/MCs-13-and-14/2026-03-01/bumblebox-18_2026-03-01_10_00_04.mp4,base_hourly,original hourly round-robin selection
234,11,pre,true,MCs-13-and-14,13;14,,2026-03-01,augmented_pre_exposure,10,30,augmented_extra,augmented,bumblebox-18_2026-03-01_10_30_04,bumblebox-18,/media/august/Expansion/Behavioral-Entropy-Pesticide-Dosing-Exps/MCs-13-and-14/2026-03-01/bumblebox-18_2026-03-01_10_30_04.mp4,,blur_compensation_0.5ppb,extra pre videos for MC14 to compensate blurry MC1 0.5ppb
235,11,post,true,MCs-13-and-14,13;14,2026-03-02,2026-03-05,post_dose_d_plus_3,10,00,exact_hh00,full_24_hours,bumblebox-18_2026-03-05_10_00_03,bumblebox-18,/media/august/Expansion/Behavioral-Entropy-Pesticide-Dosing-Exps/MCs-13-and-14/2026-03-05/bumblebox-18_2026-03-05_10_00_03.mp4,/tmp/bumblebox_hourly_primary_mc9_24_links/MCs-13-and-14/2026-03-05/bumblebox-18_2026-03-05_10_00_03.mp4,base_hourly,original hourly round-robin selection
236,11,post,true,MCs-15-and-16,15;16,2026-03-02,2026-03-05,post_dose_d_plus_3,10,00,exact_hh00,full_24_hours,bumblebox-15_2026-03-05_10_00_03,bumblebox-15,/media/august/Expansion/Behavioral-Entropy-Pesticide-Dosing-Exps/MCs-15-and-16/2026-03-05/bumblebox-15_2026-03-05_10_00_03.mp4,/tmp/bumblebox_hourly_primary_mc9_24_links/MCs-15-and-16/2026-03-05/bumblebox-15_2026-03-05_10_00_03.mp4,base_hourly,original hourly round-robin selection
237,11,pre,true,MCs-17-and-18,17;18,2026-03-16,2026-03-15,pre_dose_d_minus_1,10,00,exact_hh00,full_24_hours,bumblebox-9_2026-03-15_10_00_04,bumblebox-9,/media/august/Expansion/Behavioral-Entropy-Pesticide-Dosing-Exps/MCs-17-and-18/2026-03-15/bumblebox-9_2026-03-15_10_00_04.mp4,/tmp/bumblebox_hourly_primary_mc9_24_links/MCs-17-and-18/2026-03-15/bumblebox-9_2026-03-15_10_00_04.mp4,base_hourly,original hourly round-robin selection
238,11,pre,true,MCs-17-and-18,17;18,,2026-03-15,augmented_pre_exposure,10,30,augmented_extra,augmented,bumblebox-9_2026-03-15_10_30_04,bumblebox-9,/media/august/Expansion/Behavioral-Entropy-Pesticide-Dosing-Exps/MCs-17-and-18/2026-03-15/bumblebox-9_2026-03-15_10_30_04.mp4,,blur_compensation_10ppb,all available extra pre videos for MC17 to compensate blurry MC2 10ppb; MC16 has no pre source videos
239,11,post,true,MCs-17-and-18,17;18,2026-03-16,2026-03-19,post_dose_d_plus_3,10,00,exact_hh00,full_24_hours,bumblebox-9_2026-03-19_10_00_03,bumblebox-9,/media/august/Expansion/Behavioral-Entropy-Pesticide-Dosing-Exps/MCs-17-and-18/2026-03-19/bumblebox-9_2026-03-19_10_00_03.mp4,/tmp/bumblebox_hourly_primary_mc9_24_links/MCs-17-and-18/2026-03-19/bumblebox-9_2026-03-19_10_00_03.mp4,base_hourly,original hourly round-robin selection
240,11,pre,true,MCs-19-and-20,19;20,2026-03-16,2026-03-15,pre_dose_d_minus_1,10,00,exact_hh00,full_24_hours,bumblebox-19_2026-03-15_10_00_05,bumblebox-19,/media/august/Expansion/Behavioral-Entropy-Pesticide-Dosing-Exps/MCs-19-and-20/2026-03-15/bumblebox-19_2026-03-15_10_00_05.mp4,/tmp/bumblebox_hourly_primary_mc9_24_links/MCs-19-and-20/2026-03-15/bumblebox-19_2026-03-15_10_00_05.mp4,base_hourly,original hourly round-robin selection
241,11,post,true,MCs-19-and-20,19;20,2026-03-16,2026-03-19,post_dose_d_plus_3,10,00,exact_hh00,full_24_hours,bumblebox-19_2026-03-19_10_00_04,bumblebox-19,/media/august/Expansion/Behavioral-Entropy-Pesticide-Dosing-Exps/MCs-19-and-20/2026-03-19/bumblebox-19_2026-03-19_10_00_04.mp4,/tmp/bumblebox_hourly_primary_mc9_24_links/MCs-19-and-20/2026-03-19/bumblebox-19_2026-03-19_10_00_04.mp4,base_hourly,original hourly round-robin selection
242,11,pre,true,MCs-21-and-22,21;22,2026-03-16,2026-03-15,pre_dose_d_minus_1,10,00,exact_hh00,full_24_hours,bumblebox-18_2026-03-15_10_00_04,bumblebox-18,/media/august/Expansion/Behavioral-Entropy-Pesticide-Dosing-Exps/MCs-21-and-22/2026-03-15/bumblebox-18_2026-03-15_10_00_04.mp4,/tmp/bumblebox_hourly_primary_mc9_24_links/MCs-21-and-22/2026-03-15/bumblebox-18_2026-03-15_10_00_04.mp4,base_hourly,original hourly round-robin selection
243,11,pre,true,MCs-21-and-22,21;22,,2026-03-15,augmented_pre_exposure,10,30,augmented_extra,augmented,bumblebox-18_2026-03-15_10_30_04,bumblebox-18,/media/august/Expansion/Behavioral-Entropy-Pesticide-Dosing-Exps/MCs-21-and-22/2026-03-15/bumblebox-18_2026-03-15_10_30_04.mp4,,blur_compensation_0.5ppb,extra pre videos for MC21 to compensate blurry MC1 0.5ppb
244,11,post,true,MCs-21-and-22,21;22,2026-03-16,2026-03-18,post_dose_d_plus_2_substitute,10,00,exact_hh00,full_24_hours,bumblebox-18_2026-03-18_10_00_03,bumblebox-18,/media/august/Expansion/Behavioral-Entropy-Pesticide-Dosing-Exps/MCs-21-and-22/2026-03-18/bumblebox-18_2026-03-18_10_00_03.mp4,/tmp/bumblebox_hourly_primary_mc9_24_links/MCs-21-and-22/2026-03-18/bumblebox-18_2026-03-18_10_00_03.mp4,base_hourly,original hourly round-robin selection
245,11,pre,true,MCs-23-and-24,23;24,2026-03-16,2026-03-15,pre_dose_d_minus_1,10,00,exact_hh00,full_24_hours,bumblebox-15_2026-03-15_10_00_04,bumblebox-15,/media/august/Expansion/Behavioral-Entropy-Pesticide-Dosing-Exps/MCs-23-and-24/2026-03-15/bumblebox-15_2026-03-15_10_00_04.mp4,/tmp/bumblebox_hourly_primary_mc9_24_links/MCs-23-and-24/2026-03-15/bumblebox-15_2026-03-15_10_00_04.mp4,base_hourly,original hourly round-robin selection
246,11,post,true,MCs-23-and-24,23;24,2026-03-16,2026-03-19,post_dose_d_plus_3,10,00,exact_hh00,full_24_hours,bumblebox-15_2026-03-19_10_00_04,bumblebox-15,/media/august/Expansion/Behavioral-Entropy-Pesticide-Dosing-Exps/MCs-23-and-24/2026-03-19/bumblebox-15_2026-03-19_10_00_04.mp4,/tmp/bumblebox_hourly_primary_mc9_24_links/MCs-23-and-24/2026-03-19/bumblebox-15_2026-03-19_10_00_04.mp4,base_hourly,original hourly round-robin selection
247,12,post,true,MCs-1-and-2,1;2,2026-02-23,2026-02-26,post_exposure_folder,11,00,exact_hh00,full_24_hours,bumblebox-19_2026-02-26_11_00_05,bumblebox-19,/media/august/AutoPolls9/dose-curve-pesticide-data/MCs-1-and-2/post-exposure/bumblebox-19_2026-02-26_11_00_05.mp4,/tmp/bumblebox_hourly_primary_mc1_8_explicit_links/MCs-1-and-2/post/2026-02-26/bumblebox-19_2026-02-26_11_00_05.mp4,base_hourly,original hourly round-robin selection
248,12,pre,true,MCs-3-and-4,3;4,2026-02-23,2026-02-22,pre_exposure_folder,11,00,exact_hh00,full_24_hours,bumblebox-07_2026-02-22_11_00_03,bumblebox-07,/media/august/AutoPolls9/dose-curve-pesticide-data/MCs-3-and-4/pre-exposure/bumblebox-07_2026-02-22_11_00_03.mp4,/tmp/bumblebox_hourly_primary_mc1_8_explicit_links/MCs-3-and-4/pre/2026-02-22/bumblebox-07_2026-02-22_11_00_03.mp4,base_hourly,original hourly round-robin selection
249,12,post,true,MCs-3-and-4,3;4,2026-02-23,2026-02-26,post_exposure_folder,11,00,exact_hh00,full_24_hours,bumblebox-07_2026-02-26_11_00_03,bumblebox-07,/media/august/AutoPolls9/dose-curve-pesticide-data/MCs-3-and-4/post-exposure/bumblebox-07_2026-02-26_11_00_03.mp4,/tmp/bumblebox_hourly_primary_mc1_8_explicit_links/MCs-3-and-4/post/2026-02-26/bumblebox-07_2026-02-26_11_00_03.mp4,base_hourly,original hourly round-robin selection
250,12,post,true,MCs-5-and-6,5;6,2026-02-23,2026-02-26,post_exposure_folder,11,00,exact_hh00,full_24_hours,bumblebox-18_2026-02-26_11_00_03,bumblebox-18,/media/august/AutoPolls9/dose-curve-pesticide-data/MCs-5-and-6/post-exposure/bumblebox-18_2026-02-26_11_00_03.mp4,/tmp/bumblebox_hourly_primary_mc1_8_explicit_links/MCs-5-and-6/post/2026-02-26/bumblebox-18_2026-02-26_11_00_03.mp4,base_hourly,original hourly round-robin selection
251,12,post,true,MCs-7-and-8,7;8,2026-02-23,2026-02-26,post_exposure_folder,11,00,exact_hh00,full_24_hours,bumblebox-15_2026-02-26_11_00_03,bumblebox-15,/media/august/AutoPolls9/dose-curve-pesticide-data/MCs-7-and-8/post-exposure/bumblebox-15_2026-02-26_11_00_03.mp4,/tmp/bumblebox_hourly_primary_mc1_8_explicit_links/MCs-7-and-8/post/2026-02-26/bumblebox-15_2026-02-26_11_00_03.mp4,base_hourly,original hourly round-robin selection
252,12,pre,true,MCs-9-and-10,9;10,2026-03-02,2026-03-01,pre_dose_d_minus_1,11,00,exact_hh00,full_24_hours,bumblebox-07_2026-03-01_11_00_03,bumblebox-07,/media/august/Expansion/Behavioral-Entropy-Pesticide-Dosing-Exps/MCs-9-and-10/2026-03-01/bumblebox-07_2026-03-01_11_00_03.mp4,/tmp/bumblebox_hourly_primary_mc9_24_links/MCs-9-and-10/2026-03-01/bumblebox-07_2026-03-01_11_00_03.mp4,base_hourly,original hourly round-robin selection
253,12,post,true,MCs-9-and-10,9;10,2026-03-02,2026-03-05,post_dose_d_plus_3,11,00,exact_hh00,full_24_hours,bumblebox-07_2026-03-05_11_00_03,bumblebox-07,/media/august/Expansion/Behavioral-Entropy-Pesticide-Dosing-Exps/MCs-9-and-10/2026-03-05/bumblebox-07_2026-03-05_11_00_03.mp4,/tmp/bumblebox_hourly_primary_mc9_24_links/MCs-9-and-10/2026-03-05/bumblebox-07_2026-03-05_11_00_03.mp4,base_hourly,original hourly round-robin selection
254,12,post,true,MCs-11-and-12,11;12,2026-03-02,2026-03-05,post_dose_d_plus_3,11,00,exact_hh00,partial_day,bumblebox-19_2026-03-05_11_00_04,bumblebox-19,/media/august/Expansion/Behavioral-Entropy-Pesticide-Dosing-Exps/MCs-11-and-12/2026-03-05/bumblebox-19_2026-03-05_11_00_04.mp4,/tmp/bumblebox_hourly_primary_mc9_24_links/MCs-11-and-12/2026-03-05/bumblebox-19_2026-03-05_11_00_04.mp4,base_hourly,original hourly round-robin selection
255,12,pre,true,MCs-13-and-14,13;14,2026-03-02,2026-03-01,pre_dose_d_minus_1,11,00,exact_hh00,full_24_hours,bumblebox-18_2026-03-01_11_00_04,bumblebox-18,/media/august/Expansion/Behavioral-Entropy-Pesticide-Dosing-Exps/MCs-13-and-14/2026-03-01/bumblebox-18_2026-03-01_11_00_04.mp4,/tmp/bumblebox_hourly_primary_mc9_24_links/MCs-13-and-14/2026-03-01/bumblebox-18_2026-03-01_11_00_04.mp4,base_hourly,original hourly round-robin selection
256,12,post,true,MCs-13-and-14,13;14,2026-03-02,2026-03-05,post_dose_d_plus_3,11,00,exact_hh00,full_24_hours,bumblebox-18_2026-03-05_11_00_04,bumblebox-18,/media/august/Expansion/Behavioral-Entropy-Pesticide-Dosing-Exps/MCs-13-and-14/2026-03-05/bumblebox-18_2026-03-05_11_00_04.mp4,/tmp/bumblebox_hourly_primary_mc9_24_links/MCs-13-and-14/2026-03-05/bumblebox-18_2026-03-05_11_00_04.mp4,base_hourly,original hourly round-robin selection
257,12,post,true,MCs-15-and-16,15;16,2026-03-02,2026-03-05,post_dose_d_plus_3,11,00,exact_hh00,full_24_hours,bumblebox-15_2026-03-05_11_00_04,bumblebox-15,/media/august/Expansion/Behavioral-Entropy-Pesticide-Dosing-Exps/MCs-15-and-16/2026-03-05/bumblebox-15_2026-03-05_11_00_04.mp4,/tmp/bumblebox_hourly_primary_mc9_24_links/MCs-15-and-16/2026-03-05/bumblebox-15_2026-03-05_11_00_04.mp4,base_hourly,original hourly round-robin selection
258,12,pre,true,MCs-17-and-18,17;18,2026-03-16,2026-03-15,pre_dose_d_minus_1,11,00,exact_hh00,full_24_hours,bumblebox-9_2026-03-15_11_00_03,bumblebox-9,/media/august/Expansion/Behavioral-Entropy-Pesticide-Dosing-Exps/MCs-17-and-18/2026-03-15/bumblebox-9_2026-03-15_11_00_03.mp4,/tmp/bumblebox_hourly_primary_mc9_24_links/MCs-17-and-18/2026-03-15/bumblebox-9_2026-03-15_11_00_03.mp4,base_hourly,original hourly round-robin selection
259,12,pre,true,MCs-17-and-18,17;18,,2026-03-15,augmented_pre_exposure,11,30,augmented_extra,augmented,bumblebox-9_2026-03-15_11_30_03,bumblebox-9,/media/august/Expansion/Behavioral-Entropy-Pesticide-Dosing-Exps/MCs-17-and-18/2026-03-15/bumblebox-9_2026-03-15_11_30_03.mp4,,blur_compensation_10ppb,all available extra pre videos for MC17 to compensate blurry MC2 10ppb; MC16 has no pre source videos
260,12,post,true,MCs-17-and-18,17;18,2026-03-16,2026-03-19,post_dose_d_plus_3,11,00,exact_hh00,full_24_hours,bumblebox-9_2026-03-19_11_00_03,bumblebox-9,/media/august/Expansion/Behavioral-Entropy-Pesticide-Dosing-Exps/MCs-17-and-18/2026-03-19/bumblebox-9_2026-03-19_11_00_03.mp4,/tmp/bumblebox_hourly_primary_mc9_24_links/MCs-17-and-18/2026-03-19/bumblebox-9_2026-03-19_11_00_03.mp4,base_hourly,original hourly round-robin selection
261,12,pre,true,MCs-19-and-20,19;20,2026-03-16,2026-03-15,pre_dose_d_minus_1,11,00,exact_hh00,full_24_hours,bumblebox-19_2026-03-15_11_00_02,bumblebox-19,/media/august/Expansion/Behavioral-Entropy-Pesticide-Dosing-Exps/MCs-19-and-20/2026-03-15/bumblebox-19_2026-03-15_11_00_02.mp4,/tmp/bumblebox_hourly_primary_mc9_24_links/MCs-19-and-20/2026-03-15/bumblebox-19_2026-03-15_11_00_02.mp4,base_hourly,original hourly round-robin selection
262,12,post,true,MCs-19-and-20,19;20,2026-03-16,2026-03-19,post_dose_d_plus_3,11,00,exact_hh00,full_24_hours,bumblebox-19_2026-03-19_11_00_04,bumblebox-19,/media/august/Expansion/Behavioral-Entropy-Pesticide-Dosing-Exps/MCs-19-and-20/2026-03-19/bumblebox-19_2026-03-19_11_00_04.mp4,/tmp/bumblebox_hourly_primary_mc9_24_links/MCs-19-and-20/2026-03-19/bumblebox-19_2026-03-19_11_00_04.mp4,base_hourly,original hourly round-robin selection
263,12,pre,true,MCs-21-and-22,21;22,2026-03-16,2026-03-15,pre_dose_d_minus_1,11,00,exact_hh00,full_24_hours,bumblebox-18_2026-03-15_11_00_04,bumblebox-18,/media/august/Expansion/Behavioral-Entropy-Pesticide-Dosing-Exps/MCs-21-and-22/2026-03-15/bumblebox-18_2026-03-15_11_00_04.mp4,/tmp/bumblebox_hourly_primary_mc9_24_links/MCs-21-and-22/2026-03-15/bumblebox-18_2026-03-15_11_00_04.mp4,base_hourly,original hourly round-robin selection
264,12,post,true,MCs-21-and-22,21;22,2026-03-16,2026-03-18,post_dose_d_plus_2_substitute,11,00,exact_hh00,full_24_hours,bumblebox-18_2026-03-18_11_00_04,bumblebox-18,/media/august/Expansion/Behavioral-Entropy-Pesticide-Dosing-Exps/MCs-21-and-22/2026-03-18/bumblebox-18_2026-03-18_11_00_04.mp4,/tmp/bumblebox_hourly_primary_mc9_24_links/MCs-21-and-22/2026-03-18/bumblebox-18_2026-03-18_11_00_04.mp4,base_hourly,original hourly round-robin selection
265,12,pre,true,MCs-23-and-24,23;24,2026-03-16,2026-03-15,pre_dose_d_minus_1,11,00,exact_hh00,full_24_hours,bumblebox-15_2026-03-15_11_00_03,bumblebox-15,/media/august/Expansion/Behavioral-Entropy-Pesticide-Dosing-Exps/MCs-23-and-24/2026-03-15/bumblebox-15_2026-03-15_11_00_03.mp4,/tmp/bumblebox_hourly_primary_mc9_24_links/MCs-23-and-24/2026-03-15/bumblebox-15_2026-03-15_11_00_03.mp4,base_hourly,original hourly round-robin selection
266,12,post,true,MCs-23-and-24,23;24,2026-03-16,2026-03-19,post_dose_d_plus_3,11,00,exact_hh00,full_24_hours,bumblebox-15_2026-03-19_11_00_04,bumblebox-15,/media/august/Expansion/Behavioral-Entropy-Pesticide-Dosing-Exps/MCs-23-and-24/2026-03-19/bumblebox-15_2026-03-19_11_00_04.mp4,/tmp/bumblebox_hourly_primary_mc9_24_links/MCs-23-and-24/2026-03-19/bumblebox-15_2026-03-19_11_00_04.mp4,base_hourly,original hourly round-robin selection
267,13,post,true,MCs-1-and-2,1;2,2026-02-23,2026-02-26,post_exposure_folder,12,00,exact_hh00,full_24_hours,bumblebox-19_2026-02-26_12_00_05,bumblebox-19,/media/august/AutoPolls9/dose-curve-pesticide-data/MCs-1-and-2/post-exposure/bumblebox-19_2026-02-26_12_00_05.mp4,/tmp/bumblebox_hourly_primary_mc1_8_explicit_links/MCs-1-and-2/post/2026-02-26/bumblebox-19_2026-02-26_12_00_05.mp4,base_hourly,original hourly round-robin selection
268,13,pre,true,MCs-3-and-4,3;4,2026-02-23,2026-02-22,pre_exposure_folder,12,00,exact_hh00,full_24_hours,bumblebox-07_2026-02-22_12_00_03,bumblebox-07,/media/august/AutoPolls9/dose-curve-pesticide-data/MCs-3-and-4/pre-exposure/bumblebox-07_2026-02-22_12_00_03.mp4,/tmp/bumblebox_hourly_primary_mc1_8_explicit_links/MCs-3-and-4/pre/2026-02-22/bumblebox-07_2026-02-22_12_00_03.mp4,base_hourly,original hourly round-robin selection
269,13,post,true,MCs-3-and-4,3;4,2026-02-23,2026-02-26,post_exposure_folder,12,00,exact_hh00,full_24_hours,bumblebox-07_2026-02-26_12_00_03,bumblebox-07,/media/august/AutoPolls9/dose-curve-pesticide-data/MCs-3-and-4/post-exposure/bumblebox-07_2026-02-26_12_00_03.mp4,/tmp/bumblebox_hourly_primary_mc1_8_explicit_links/MCs-3-and-4/post/2026-02-26/bumblebox-07_2026-02-26_12_00_03.mp4,base_hourly,original hourly round-robin selection
270,13,post,true,MCs-5-and-6,5;6,2026-02-23,2026-02-26,post_exposure_folder,12,00,exact_hh00,full_24_hours,bumblebox-18_2026-02-26_12_00_05,bumblebox-18,/media/august/AutoPolls9/dose-curve-pesticide-data/MCs-5-and-6/post-exposure/bumblebox-18_2026-02-26_12_00_05.mp4,/tmp/bumblebox_hourly_primary_mc1_8_explicit_links/MCs-5-and-6/post/2026-02-26/bumblebox-18_2026-02-26_12_00_05.mp4,base_hourly,original hourly round-robin selection
271,13,post,true,MCs-7-and-8,7;8,2026-02-23,2026-02-26,post_exposure_folder,12,00,exact_hh00,full_24_hours,bumblebox-15_2026-02-26_12_00_03,bumblebox-15,/media/august/AutoPolls9/dose-curve-pesticide-data/MCs-7-and-8/post-exposure/bumblebox-15_2026-02-26_12_00_03.mp4,/tmp/bumblebox_hourly_primary_mc1_8_explicit_links/MCs-7-and-8/post/2026-02-26/bumblebox-15_2026-02-26_12_00_03.mp4,base_hourly,original hourly round-robin selection
272,13,pre,true,MCs-9-and-10,9;10,2026-03-02,2026-03-01,pre_dose_d_minus_1,12,00,exact_hh00,full_24_hours,bumblebox-07_2026-03-01_12_00_03,bumblebox-07,/media/august/Expansion/Behavioral-Entropy-Pesticide-Dosing-Exps/MCs-9-and-10/2026-03-01/bumblebox-07_2026-03-01_12_00_03.mp4,/tmp/bumblebox_hourly_primary_mc9_24_links/MCs-9-and-10/2026-03-01/bumblebox-07_2026-03-01_12_00_03.mp4,base_hourly,original hourly round-robin selection
273,13,post,true,MCs-9-and-10,9;10,2026-03-02,2026-03-05,post_dose_d_plus_3,12,00,exact_hh00,full_24_hours,bumblebox-07_2026-03-05_12_00_03,bumblebox-07,/media/august/Expansion/Behavioral-Entropy-Pesticide-Dosing-Exps/MCs-9-and-10/2026-03-05/bumblebox-07_2026-03-05_12_00_03.mp4,/tmp/bumblebox_hourly_primary_mc9_24_links/MCs-9-and-10/2026-03-05/bumblebox-07_2026-03-05_12_00_03.mp4,base_hourly,original hourly round-robin selection
274,13,post,true,MCs-11-and-12,11;12,2026-03-02,2026-03-05,post_dose_d_plus_3,12,00,exact_hh00,partial_day,bumblebox-19_2026-03-05_12_00_04,bumblebox-19,/media/august/Expansion/Behavioral-Entropy-Pesticide-Dosing-Exps/MCs-11-and-12/2026-03-05/bumblebox-19_2026-03-05_12_00_04.mp4,/tmp/bumblebox_hourly_primary_mc9_24_links/MCs-11-and-12/2026-03-05/bumblebox-19_2026-03-05_12_00_04.mp4,base_hourly,original hourly round-robin selection
275,13,pre,true,MCs-13-and-14,13;14,2026-03-02,2026-03-01,pre_dose_d_minus_1,12,00,exact_hh00,full_24_hours,bumblebox-18_2026-03-01_12_00_04,bumblebox-18,/media/august/Expansion/Behavioral-Entropy-Pesticide-Dosing-Exps/MCs-13-and-14/2026-03-01/bumblebox-18_2026-03-01_12_00_04.mp4,/tmp/bumblebox_hourly_primary_mc9_24_links/MCs-13-and-14/2026-03-01/bumblebox-18_2026-03-01_12_00_04.mp4,base_hourly,original hourly round-robin selection
276,13,pre,true,MCs-13-and-14,13;14,,2026-03-01,augmented_pre_exposure,12,30,augmented_extra,augmented,bumblebox-18_2026-03-01_12_30_04,bumblebox-18,/media/august/Expansion/Behavioral-Entropy-Pesticide-Dosing-Exps/MCs-13-and-14/2026-03-01/bumblebox-18_2026-03-01_12_30_04.mp4,,blur_compensation_0.5ppb,extra pre videos for MC14 to compensate blurry MC1 0.5ppb
277,13,post,true,MCs-13-and-14,13;14,2026-03-02,2026-03-05,post_dose_d_plus_3,12,00,exact_hh00,full_24_hours,bumblebox-18_2026-03-05_12_00_04,bumblebox-18,/media/august/Expansion/Behavioral-Entropy-Pesticide-Dosing-Exps/MCs-13-and-14/2026-03-05/bumblebox-18_2026-03-05_12_00_04.mp4,/tmp/bumblebox_hourly_primary_mc9_24_links/MCs-13-and-14/2026-03-05/bumblebox-18_2026-03-05_12_00_04.mp4,base_hourly,original hourly round-robin selection
278,13,post,true,MCs-15-and-16,15;16,2026-03-02,2026-03-05,post_dose_d_plus_3,12,00,exact_hh00,full_24_hours,bumblebox-15_2026-03-05_12_00_04,bumblebox-15,/media/august/Expansion/Behavioral-Entropy-Pesticide-Dosing-Exps/MCs-15-and-16/2026-03-05/bumblebox-15_2026-03-05_12_00_04.mp4,/tmp/bumblebox_hourly_primary_mc9_24_links/MCs-15-and-16/2026-03-05/bumblebox-15_2026-03-05_12_00_04.mp4,base_hourly,original hourly round-robin selection
279,13,pre,true,MCs-17-and-18,17;18,2026-03-16,2026-03-15,pre_dose_d_minus_1,12,00,exact_hh00,full_24_hours,bumblebox-9_2026-03-15_12_00_03,bumblebox-9,/media/august/Expansion/Behavioral-Entropy-Pesticide-Dosing-Exps/MCs-17-and-18/2026-03-15/bumblebox-9_2026-03-15_12_00_03.mp4,/tmp/bumblebox_hourly_primary_mc9_24_links/MCs-17-and-18/2026-03-15/bumblebox-9_2026-03-15_12_00_03.mp4,base_hourly,original hourly round-robin selection
280,13,pre,true,MCs-17-and-18,17;18,,2026-03-15,augmented_pre_exposure,12,30,augmented_extra,augmented,bumblebox-9_2026-03-15_12_30_03,bumblebox-9,/media/august/Expansion/Behavioral-Entropy-Pesticide-Dosing-Exps/MCs-17-and-18/2026-03-15/bumblebox-9_2026-03-15_12_30_03.mp4,,blur_compensation_10ppb,all available extra pre videos for MC17 to compensate blurry MC2 10ppb; MC16 has no pre source videos
281,13,post,true,MCs-17-and-18,17;18,2026-03-16,2026-03-19,post_dose_d_plus_3,12,00,exact_hh00,full_24_hours,bumblebox-9_2026-03-19_12_00_04,bumblebox-9,/media/august/Expansion/Behavioral-Entropy-Pesticide-Dosing-Exps/MCs-17-and-18/2026-03-19/bumblebox-9_2026-03-19_12_00_04.mp4,/tmp/bumblebox_hourly_primary_mc9_24_links/MCs-17-and-18/2026-03-19/bumblebox-9_2026-03-19_12_00_04.mp4,base_hourly,original hourly round-robin selection
282,13,pre,true,MCs-19-and-20,19;20,2026-03-16,2026-03-15,pre_dose_d_minus_1,12,00,exact_hh00,full_24_hours,bumblebox-19_2026-03-15_12_00_04,bumblebox-19,/media/august/Expansion/Behavioral-Entropy-Pesticide-Dosing-Exps/MCs-19-and-20/2026-03-15/bumblebox-19_2026-03-15_12_00_04.mp4,/tmp/bumblebox_hourly_primary_mc9_24_links/MCs-19-and-20/2026-03-15/bumblebox-19_2026-03-15_12_00_04.mp4,base_hourly,original hourly round-robin selection
283,13,post,true,MCs-19-and-20,19;20,2026-03-16,2026-03-19,post_dose_d_plus_3,12,00,exact_hh00,full_24_hours,bumblebox-19_2026-03-19_12_00_04,bumblebox-19,/media/august/Expansion/Behavioral-Entropy-Pesticide-Dosing-Exps/MCs-19-and-20/2026-03-19/bumblebox-19_2026-03-19_12_00_04.mp4,/tmp/bumblebox_hourly_primary_mc9_24_links/MCs-19-and-20/2026-03-19/bumblebox-19_2026-03-19_12_00_04.mp4,base_hourly,original hourly round-robin selection
284,13,pre,true,MCs-21-and-22,21;22,2026-03-16,2026-03-15,pre_dose_d_minus_1,12,00,exact_hh00,full_24_hours,bumblebox-18_2026-03-15_12_00_04,bumblebox-18,/media/august/Expansion/Behavioral-Entropy-Pesticide-Dosing-Exps/MCs-21-and-22/2026-03-15/bumblebox-18_2026-03-15_12_00_04.mp4,/tmp/bumblebox_hourly_primary_mc9_24_links/MCs-21-and-22/2026-03-15/bumblebox-18_2026-03-15_12_00_04.mp4,base_hourly,original hourly round-robin selection
285,13,pre,true,MCs-21-and-22,21;22,,2026-03-15,augmented_pre_exposure,12,30,augmented_extra,augmented,bumblebox-18_2026-03-15_12_30_04,bumblebox-18,/media/august/Expansion/Behavioral-Entropy-Pesticide-Dosing-Exps/MCs-21-and-22/2026-03-15/bumblebox-18_2026-03-15_12_30_04.mp4,,blur_compensation_0.5ppb,extra pre videos for MC21 to compensate blurry MC1 0.5ppb
286,13,post,true,MCs-21-and-22,21;22,2026-03-16,2026-03-18,post_dose_d_plus_2_substitute,12,00,exact_hh00,full_24_hours,bumblebox-18_2026-03-18_12_00_04,bumblebox-18,/media/august/Expansion/Behavioral-Entropy-Pesticide-Dosing-Exps/MCs-21-and-22/2026-03-18/bumblebox-18_2026-03-18_12_00_04.mp4,/tmp/bumblebox_hourly_primary_mc9_24_links/MCs-21-and-22/2026-03-18/bumblebox-18_2026-03-18_12_00_04.mp4,base_hourly,original hourly round-robin selection
287,13,pre,true,MCs-23-and-24,23;24,2026-03-16,2026-03-15,pre_dose_d_minus_1,12,00,exact_hh00,full_24_hours,bumblebox-15_2026-03-15_12_00_04,bumblebox-15,/media/august/Expansion/Behavioral-Entropy-Pesticide-Dosing-Exps/MCs-23-and-24/2026-03-15/bumblebox-15_2026-03-15_12_00_04.mp4,/tmp/bumblebox_hourly_primary_mc9_24_links/MCs-23-and-24/2026-03-15/bumblebox-15_2026-03-15_12_00_04.mp4,base_hourly,original hourly round-robin selection
288,13,post,true,MCs-23-and-24,23;24,2026-03-16,2026-03-19,post_dose_d_plus_3,12,00,exact_hh00,full_24_hours,bumblebox-15_2026-03-19_12_00_03,bumblebox-15,/media/august/Expansion/Behavioral-Entropy-Pesticide-Dosing-Exps/MCs-23-and-24/2026-03-19/bumblebox-15_2026-03-19_12_00_03.mp4,/tmp/bumblebox_hourly_primary_mc9_24_links/MCs-23-and-24/2026-03-19/bumblebox-15_2026-03-19_12_00_03.mp4,base_hourly,original hourly round-robin selection
289,14,post,true,MCs-1-and-2,1;2,2026-02-23,2026-02-26,post_exposure_folder,13,00,exact_hh00,full_24_hours,bumblebox-19_2026-02-26_13_00_03,bumblebox-19,/media/august/AutoPolls9/dose-curve-pesticide-data/MCs-1-and-2/post-exposure/bumblebox-19_2026-02-26_13_00_03.mp4,/tmp/bumblebox_hourly_primary_mc1_8_explicit_links/MCs-1-and-2/post/2026-02-26/bumblebox-19_2026-02-26_13_00_03.mp4,base_hourly,original hourly round-robin selection
290,14,pre,true,MCs-3-and-4,3;4,2026-02-23,2026-02-22,pre_exposure_folder,13,00,exact_hh00,full_24_hours,bumblebox-07_2026-02-22_13_00_03,bumblebox-07,/media/august/AutoPolls9/dose-curve-pesticide-data/MCs-3-and-4/pre-exposure/bumblebox-07_2026-02-22_13_00_03.mp4,/tmp/bumblebox_hourly_primary_mc1_8_explicit_links/MCs-3-and-4/pre/2026-02-22/bumblebox-07_2026-02-22_13_00_03.mp4,base_hourly,original hourly round-robin selection
291,14,post,true,MCs-3-and-4,3;4,2026-02-23,2026-02-26,post_exposure_folder,13,00,exact_hh00,full_24_hours,bumblebox-07_2026-02-26_13_00_03,bumblebox-07,/media/august/AutoPolls9/dose-curve-pesticide-data/MCs-3-and-4/post-exposure/bumblebox-07_2026-02-26_13_00_03.mp4,/tmp/bumblebox_hourly_primary_mc1_8_explicit_links/MCs-3-and-4/post/2026-02-26/bumblebox-07_2026-02-26_13_00_03.mp4,base_hourly,original hourly round-robin selection
292,14,post,true,MCs-5-and-6,5;6,2026-02-23,2026-02-26,post_exposure_folder,13,00,exact_hh00,full_24_hours,bumblebox-18_2026-02-26_13_00_04,bumblebox-18,/media/august/AutoPolls9/dose-curve-pesticide-data/MCs-5-and-6/post-exposure/bumblebox-18_2026-02-26_13_00_04.mp4,/tmp/bumblebox_hourly_primary_mc1_8_explicit_links/MCs-5-and-6/post/2026-02-26/bumblebox-18_2026-02-26_13_00_04.mp4,base_hourly,original hourly round-robin selection
293,14,post,true,MCs-7-and-8,7;8,2026-02-23,2026-02-26,post_exposure_folder,13,00,exact_hh00,full_24_hours,bumblebox-15_2026-02-26_13_00_03,bumblebox-15,/media/august/AutoPolls9/dose-curve-pesticide-data/MCs-7-and-8/post-exposure/bumblebox-15_2026-02-26_13_00_03.mp4,/tmp/bumblebox_hourly_primary_mc1_8_explicit_links/MCs-7-and-8/post/2026-02-26/bumblebox-15_2026-02-26_13_00_03.mp4,base_hourly,original hourly round-robin selection
294,14,pre,true,MCs-9-and-10,9;10,2026-03-02,2026-03-01,pre_dose_d_minus_1,13,00,exact_hh00,full_24_hours,bumblebox-07_2026-03-01_13_00_03,bumblebox-07,/media/august/Expansion/Behavioral-Entropy-Pesticide-Dosing-Exps/MCs-9-and-10/2026-03-01/bumblebox-07_2026-03-01_13_00_03.mp4,/tmp/bumblebox_hourly_primary_mc9_24_links/MCs-9-and-10/2026-03-01/bumblebox-07_2026-03-01_13_00_03.mp4,base_hourly,original hourly round-robin selection
295,14,post,true,MCs-9-and-10,9;10,2026-03-02,2026-03-05,post_dose_d_plus_3,13,00,exact_hh00,full_24_hours,bumblebox-07_2026-03-05_13_00_03,bumblebox-07,/media/august/Expansion/Behavioral-Entropy-Pesticide-Dosing-Exps/MCs-9-and-10/2026-03-05/bumblebox-07_2026-03-05_13_00_03.mp4,/tmp/bumblebox_hourly_primary_mc9_24_links/MCs-9-and-10/2026-03-05/bumblebox-07_2026-03-05_13_00_03.mp4,base_hourly,original hourly round-robin selection
296,14,post,true,MCs-11-and-12,11;12,2026-03-02,2026-03-05,post_dose_d_plus_3,13,00,exact_hh00,partial_day,bumblebox-19_2026-03-05_13_00_04,bumblebox-19,/media/august/Expansion/Behavioral-Entropy-Pesticide-Dosing-Exps/MCs-11-and-12/2026-03-05/bumblebox-19_2026-03-05_13_00_04.mp4,/tmp/bumblebox_hourly_primary_mc9_24_links/MCs-11-and-12/2026-03-05/bumblebox-19_2026-03-05_13_00_04.mp4,base_hourly,original hourly round-robin selection
297,14,pre,true,MCs-13-and-14,13;14,2026-03-02,2026-03-01,pre_dose_d_minus_1,13,00,exact_hh00,full_24_hours,bumblebox-18_2026-03-01_13_00_04,bumblebox-18,/media/august/Expansion/Behavioral-Entropy-Pesticide-Dosing-Exps/MCs-13-and-14/2026-03-01/bumblebox-18_2026-03-01_13_00_04.mp4,/tmp/bumblebox_hourly_primary_mc9_24_links/MCs-13-and-14/2026-03-01/bumblebox-18_2026-03-01_13_00_04.mp4,base_hourly,original hourly round-robin selection
298,14,post,true,MCs-13-and-14,13;14,2026-03-02,2026-03-05,post_dose_d_plus_3,13,00,exact_hh00,full_24_hours,bumblebox-18_2026-03-05_13_00_04,bumblebox-18,/media/august/Expansion/Behavioral-Entropy-Pesticide-Dosing-Exps/MCs-13-and-14/2026-03-05/bumblebox-18_2026-03-05_13_00_04.mp4,/tmp/bumblebox_hourly_primary_mc9_24_links/MCs-13-and-14/2026-03-05/bumblebox-18_2026-03-05_13_00_04.mp4,base_hourly,original hourly round-robin selection
299,14,post,true,MCs-15-and-16,15;16,2026-03-02,2026-03-05,post_dose_d_plus_3,13,00,exact_hh00,full_24_hours,bumblebox-15_2026-03-05_13_00_04,bumblebox-15,/media/august/Expansion/Behavioral-Entropy-Pesticide-Dosing-Exps/MCs-15-and-16/2026-03-05/bumblebox-15_2026-03-05_13_00_04.mp4,/tmp/bumblebox_hourly_primary_mc9_24_links/MCs-15-and-16/2026-03-05/bumblebox-15_2026-03-05_13_00_04.mp4,base_hourly,original hourly round-robin selection
300,14,pre,true,MCs-17-and-18,17;18,2026-03-16,2026-03-15,pre_dose_d_minus_1,13,00,exact_hh00,full_24_hours,bumblebox-9_2026-03-15_13_00_04,bumblebox-9,/media/august/Expansion/Behavioral-Entropy-Pesticide-Dosing-Exps/MCs-17-and-18/2026-03-15/bumblebox-9_2026-03-15_13_00_04.mp4,/tmp/bumblebox_hourly_primary_mc9_24_links/MCs-17-and-18/2026-03-15/bumblebox-9_2026-03-15_13_00_04.mp4,base_hourly,original hourly round-robin selection
301,14,pre,true,MCs-17-and-18,17;18,,2026-03-15,augmented_pre_exposure,13,30,augmented_extra,augmented,bumblebox-9_2026-03-15_13_30_03,bumblebox-9,/media/august/Expansion/Behavioral-Entropy-Pesticide-Dosing-Exps/MCs-17-and-18/2026-03-15/bumblebox-9_2026-03-15_13_30_03.mp4,,blur_compensation_10ppb,all available extra pre videos for MC17 to compensate blurry MC2 10ppb; MC16 has no pre source videos
302,14,post,true,MCs-17-and-18,17;18,2026-03-16,2026-03-19,post_dose_d_plus_3,13,00,exact_hh00,full_24_hours,bumblebox-9_2026-03-19_13_00_03,bumblebox-9,/media/august/Expansion/Behavioral-Entropy-Pesticide-Dosing-Exps/MCs-17-and-18/2026-03-19/bumblebox-9_2026-03-19_13_00_03.mp4,/tmp/bumblebox_hourly_primary_mc9_24_links/MCs-17-and-18/2026-03-19/bumblebox-9_2026-03-19_13_00_03.mp4,base_hourly,original hourly round-robin selection
303,14,pre,true,MCs-19-and-20,19;20,2026-03-16,2026-03-15,pre_dose_d_minus_1,13,00,exact_hh00,full_24_hours,bumblebox-19_2026-03-15_13_00_05,bumblebox-19,/media/august/Expansion/Behavioral-Entropy-Pesticide-Dosing-Exps/MCs-19-and-20/2026-03-15/bumblebox-19_2026-03-15_13_00_05.mp4,/tmp/bumblebox_hourly_primary_mc9_24_links/MCs-19-and-20/2026-03-15/bumblebox-19_2026-03-15_13_00_05.mp4,base_hourly,original hourly round-robin selection
304,14,post,true,MCs-19-and-20,19;20,2026-03-16,2026-03-19,post_dose_d_plus_3,13,00,exact_hh00,full_24_hours,bumblebox-19_2026-03-19_13_00_04,bumblebox-19,/media/august/Expansion/Behavioral-Entropy-Pesticide-Dosing-Exps/MCs-19-and-20/2026-03-19/bumblebox-19_2026-03-19_13_00_04.mp4,/tmp/bumblebox_hourly_primary_mc9_24_links/MCs-19-and-20/2026-03-19/bumblebox-19_2026-03-19_13_00_04.mp4,base_hourly,original hourly round-robin selection
305,14,pre,true,MCs-21-and-22,21;22,2026-03-16,2026-03-15,pre_dose_d_minus_1,13,00,exact_hh00,full_24_hours,bumblebox-18_2026-03-15_13_00_04,bumblebox-18,/media/august/Expansion/Behavioral-Entropy-Pesticide-Dosing-Exps/MCs-21-and-22/2026-03-15/bumblebox-18_2026-03-15_13_00_04.mp4,/tmp/bumblebox_hourly_primary_mc9_24_links/MCs-21-and-22/2026-03-15/bumblebox-18_2026-03-15_13_00_04.mp4,base_hourly,original hourly round-robin selection
306,14,post,true,MCs-21-and-22,21;22,2026-03-16,2026-03-18,post_dose_d_plus_2_substitute,13,00,exact_hh00,full_24_hours,bumblebox-18_2026-03-18_13_00_05,bumblebox-18,/media/august/Expansion/Behavioral-Entropy-Pesticide-Dosing-Exps/MCs-21-and-22/2026-03-18/bumblebox-18_2026-03-18_13_00_05.mp4,/tmp/bumblebox_hourly_primary_mc9_24_links/MCs-21-and-22/2026-03-18/bumblebox-18_2026-03-18_13_00_05.mp4,base_hourly,original hourly round-robin selection
307,14,pre,true,MCs-23-and-24,23;24,2026-03-16,2026-03-15,pre_dose_d_minus_1,13,00,exact_hh00,full_24_hours,bumblebox-15_2026-03-15_13_00_04,bumblebox-15,/media/august/Expansion/Behavioral-Entropy-Pesticide-Dosing-Exps/MCs-23-and-24/2026-03-15/bumblebox-15_2026-03-15_13_00_04.mp4,/tmp/bumblebox_hourly_primary_mc9_24_links/MCs-23-and-24/2026-03-15/bumblebox-15_2026-03-15_13_00_04.mp4,base_hourly,original hourly round-robin selection
308,14,post,true,MCs-23-and-24,23;24,2026-03-16,2026-03-19,post_dose_d_plus_3,13,00,exact_hh00,full_24_hours,bumblebox-15_2026-03-19_13_00_04,bumblebox-15,/media/august/Expansion/Behavioral-Entropy-Pesticide-Dosing-Exps/MCs-23-and-24/2026-03-19/bumblebox-15_2026-03-19_13_00_04.mp4,/tmp/bumblebox_hourly_primary_mc9_24_links/MCs-23-and-24/2026-03-19/bumblebox-15_2026-03-19_13_00_04.mp4,base_hourly,original hourly round-robin selection
309,15,post,true,MCs-1-and-2,1;2,2026-02-23,2026-02-26,post_exposure_folder,14,00,exact_hh00,full_24_hours,bumblebox-19_2026-02-26_14_00_05,bumblebox-19,/media/august/AutoPolls9/dose-curve-pesticide-data/MCs-1-and-2/post-exposure/bumblebox-19_2026-02-26_14_00_05.mp4,/tmp/bumblebox_hourly_primary_mc1_8_explicit_links/MCs-1-and-2/post/2026-02-26/bumblebox-19_2026-02-26_14_00_05.mp4,base_hourly,original hourly round-robin selection
310,15,pre,true,MCs-3-and-4,3;4,2026-02-23,2026-02-22,pre_exposure_folder,14,00,exact_hh00,full_24_hours,bumblebox-07_2026-02-22_14_00_03,bumblebox-07,/media/august/AutoPolls9/dose-curve-pesticide-data/MCs-3-and-4/pre-exposure/bumblebox-07_2026-02-22_14_00_03.mp4,/tmp/bumblebox_hourly_primary_mc1_8_explicit_links/MCs-3-and-4/pre/2026-02-22/bumblebox-07_2026-02-22_14_00_03.mp4,base_hourly,original hourly round-robin selection
311,15,post,true,MCs-3-and-4,3;4,2026-02-23,2026-02-26,post_exposure_folder,14,00,exact_hh00,full_24_hours,bumblebox-07_2026-02-26_14_00_03,bumblebox-07,/media/august/AutoPolls9/dose-curve-pesticide-data/MCs-3-and-4/post-exposure/bumblebox-07_2026-02-26_14_00_03.mp4,/tmp/bumblebox_hourly_primary_mc1_8_explicit_links/MCs-3-and-4/post/2026-02-26/bumblebox-07_2026-02-26_14_00_03.mp4,base_hourly,original hourly round-robin selection
312,15,post,true,MCs-5-and-6,5;6,2026-02-23,2026-02-26,post_exposure_folder,14,00,exact_hh00,full_24_hours,bumblebox-18_2026-02-26_14_00_04,bumblebox-18,/media/august/AutoPolls9/dose-curve-pesticide-data/MCs-5-and-6/post-exposure/bumblebox-18_2026-02-26_14_00_04.mp4,/tmp/bumblebox_hourly_primary_mc1_8_explicit_links/MCs-5-and-6/post/2026-02-26/bumblebox-18_2026-02-26_14_00_04.mp4,base_hourly,original hourly round-robin selection
313,15,post,true,MCs-7-and-8,7;8,2026-02-23,2026-02-26,post_exposure_folder,14,00,exact_hh00,full_24_hours,bumblebox-15_2026-02-26_14_00_02,bumblebox-15,/media/august/AutoPolls9/dose-curve-pesticide-data/MCs-7-and-8/post-exposure/bumblebox-15_2026-02-26_14_00_02.mp4,/tmp/bumblebox_hourly_primary_mc1_8_explicit_links/MCs-7-and-8/post/2026-02-26/bumblebox-15_2026-02-26_14_00_02.mp4,base_hourly,original hourly round-robin selection
314,15,pre,true,MCs-9-and-10,9;10,2026-03-02,2026-03-01,pre_dose_d_minus_1,14,00,exact_hh00,full_24_hours,bumblebox-07_2026-03-01_14_00_03,bumblebox-07,/media/august/Expansion/Behavioral-Entropy-Pesticide-Dosing-Exps/MCs-9-and-10/2026-03-01/bumblebox-07_2026-03-01_14_00_03.mp4,/tmp/bumblebox_hourly_primary_mc9_24_links/MCs-9-and-10/2026-03-01/bumblebox-07_2026-03-01_14_00_03.mp4,base_hourly,original hourly round-robin selection
315,15,post,true,MCs-9-and-10,9;10,2026-03-02,2026-03-05,post_dose_d_plus_3,14,00,exact_hh00,full_24_hours,bumblebox-07_2026-03-05_14_00_03,bumblebox-07,/media/august/Expansion/Behavioral-Entropy-Pesticide-Dosing-Exps/MCs-9-and-10/2026-03-05/bumblebox-07_2026-03-05_14_00_03.mp4,/tmp/bumblebox_hourly_primary_mc9_24_links/MCs-9-and-10/2026-03-05/bumblebox-07_2026-03-05_14_00_03.mp4,base_hourly,original hourly round-robin selection
316,15,post,true,MCs-11-and-12,11;12,2026-03-02,2026-03-05,post_dose_d_plus_3,14,00,exact_hh00,partial_day,bumblebox-19_2026-03-05_14_00_02,bumblebox-19,/media/august/Expansion/Behavioral-Entropy-Pesticide-Dosing-Exps/MCs-11-and-12/2026-03-05/bumblebox-19_2026-03-05_14_00_02.mp4,/tmp/bumblebox_hourly_primary_mc9_24_links/MCs-11-and-12/2026-03-05/bumblebox-19_2026-03-05_14_00_02.mp4,base_hourly,original hourly round-robin selection
317,15,pre,true,MCs-13-and-14,13;14,2026-03-02,2026-03-01,pre_dose_d_minus_1,14,00,exact_hh00,full_24_hours,bumblebox-18_2026-03-01_14_00_04,bumblebox-18,/media/august/Expansion/Behavioral-Entropy-Pesticide-Dosing-Exps/MCs-13-and-14/2026-03-01/bumblebox-18_2026-03-01_14_00_04.mp4,/tmp/bumblebox_hourly_primary_mc9_24_links/MCs-13-and-14/2026-03-01/bumblebox-18_2026-03-01_14_00_04.mp4,base_hourly,original hourly round-robin selection
318,15,pre,true,MCs-13-and-14,13;14,,2026-03-01,augmented_pre_exposure,14,30,augmented_extra,augmented,bumblebox-18_2026-03-01_14_30_03,bumblebox-18,/media/august/Expansion/Behavioral-Entropy-Pesticide-Dosing-Exps/MCs-13-and-14/2026-03-01/bumblebox-18_2026-03-01_14_30_03.mp4,,blur_compensation_0.5ppb,extra pre videos for MC14 to compensate blurry MC1 0.5ppb
319,15,post,true,MCs-13-and-14,13;14,2026-03-02,2026-03-05,post_dose_d_plus_3,14,00,exact_hh00,full_24_hours,bumblebox-18_2026-03-05_14_00_04,bumblebox-18,/media/august/Expansion/Behavioral-Entropy-Pesticide-Dosing-Exps/MCs-13-and-14/2026-03-05/bumblebox-18_2026-03-05_14_00_04.mp4,/tmp/bumblebox_hourly_primary_mc9_24_links/MCs-13-and-14/2026-03-05/bumblebox-18_2026-03-05_14_00_04.mp4,base_hourly,original hourly round-robin selection
320,15,post,true,MCs-15-and-16,15;16,2026-03-02,2026-03-05,post_dose_d_plus_3,14,00,exact_hh00,full_24_hours,bumblebox-15_2026-03-05_14_00_04,bumblebox-15,/media/august/Expansion/Behavioral-Entropy-Pesticide-Dosing-Exps/MCs-15-and-16/2026-03-05/bumblebox-15_2026-03-05_14_00_04.mp4,/tmp/bumblebox_hourly_primary_mc9_24_links/MCs-15-and-16/2026-03-05/bumblebox-15_2026-03-05_14_00_04.mp4,base_hourly,original hourly round-robin selection
321,15,pre,true,MCs-17-and-18,17;18,2026-03-16,2026-03-15,pre_dose_d_minus_1,14,00,exact_hh00,full_24_hours,bumblebox-9_2026-03-15_14_00_03,bumblebox-9,/media/august/Expansion/Behavioral-Entropy-Pesticide-Dosing-Exps/MCs-17-and-18/2026-03-15/bumblebox-9_2026-03-15_14_00_03.mp4,/tmp/bumblebox_hourly_primary_mc9_24_links/MCs-17-and-18/2026-03-15/bumblebox-9_2026-03-15_14_00_03.mp4,base_hourly,original hourly round-robin selection
322,15,pre,true,MCs-17-and-18,17;18,,2026-03-15,augmented_pre_exposure,14,30,augmented_extra,augmented,bumblebox-9_2026-03-15_14_30_02,bumblebox-9,/media/august/Expansion/Behavioral-Entropy-Pesticide-Dosing-Exps/MCs-17-and-18/2026-03-15/bumblebox-9_2026-03-15_14_30_02.mp4,,blur_compensation_10ppb,all available extra pre videos for MC17 to compensate blurry MC2 10ppb; MC16 has no pre source videos
323,15,post,true,MCs-17-and-18,17;18,2026-03-16,2026-03-19,post_dose_d_plus_3,14,00,exact_hh00,full_24_hours,bumblebox-9_2026-03-19_14_00_03,bumblebox-9,/media/august/Expansion/Behavioral-Entropy-Pesticide-Dosing-Exps/MCs-17-and-18/2026-03-19/bumblebox-9_2026-03-19_14_00_03.mp4,/tmp/bumblebox_hourly_primary_mc9_24_links/MCs-17-and-18/2026-03-19/bumblebox-9_2026-03-19_14_00_03.mp4,base_hourly,original hourly round-robin selection
324,15,pre,true,MCs-19-and-20,19;20,2026-03-16,2026-03-15,pre_dose_d_minus_1,14,00,exact_hh00,full_24_hours,bumblebox-19_2026-03-15_14_00_05,bumblebox-19,/media/august/Expansion/Behavioral-Entropy-Pesticide-Dosing-Exps/MCs-19-and-20/2026-03-15/bumblebox-19_2026-03-15_14_00_05.mp4,/tmp/bumblebox_hourly_primary_mc9_24_links/MCs-19-and-20/2026-03-15/bumblebox-19_2026-03-15_14_00_05.mp4,base_hourly,original hourly round-robin selection
325,15,post,true,MCs-19-and-20,19;20,2026-03-16,2026-03-19,post_dose_d_plus_3,14,00,exact_hh00,full_24_hours,bumblebox-19_2026-03-19_14_00_04,bumblebox-19,/media/august/Expansion/Behavioral-Entropy-Pesticide-Dosing-Exps/MCs-19-and-20/2026-03-19/bumblebox-19_2026-03-19_14_00_04.mp4,/tmp/bumblebox_hourly_primary_mc9_24_links/MCs-19-and-20/2026-03-19/bumblebox-19_2026-03-19_14_00_04.mp4,base_hourly,original hourly round-robin selection
326,15,pre,true,MCs-21-and-22,21;22,2026-03-16,2026-03-15,pre_dose_d_minus_1,14,00,exact_hh00,full_24_hours,bumblebox-18_2026-03-15_14_00_04,bumblebox-18,/media/august/Expansion/Behavioral-Entropy-Pesticide-Dosing-Exps/MCs-21-and-22/2026-03-15/bumblebox-18_2026-03-15_14_00_04.mp4,/tmp/bumblebox_hourly_primary_mc9_24_links/MCs-21-and-22/2026-03-15/bumblebox-18_2026-03-15_14_00_04.mp4,base_hourly,original hourly round-robin selection
327,15,pre,true,MCs-21-and-22,21;22,,2026-03-15,augmented_pre_exposure,14,30,augmented_extra,augmented,bumblebox-18_2026-03-15_14_30_04,bumblebox-18,/media/august/Expansion/Behavioral-Entropy-Pesticide-Dosing-Exps/MCs-21-and-22/2026-03-15/bumblebox-18_2026-03-15_14_30_04.mp4,,blur_compensation_0.5ppb,extra pre videos for MC21 to compensate blurry MC1 0.5ppb
328,15,post,true,MCs-21-and-22,21;22,2026-03-16,2026-03-18,post_dose_d_plus_2_substitute,14,00,exact_hh00,full_24_hours,bumblebox-18_2026-03-18_14_00_03,bumblebox-18,/media/august/Expansion/Behavioral-Entropy-Pesticide-Dosing-Exps/MCs-21-and-22/2026-03-18/bumblebox-18_2026-03-18_14_00_03.mp4,/tmp/bumblebox_hourly_primary_mc9_24_links/MCs-21-and-22/2026-03-18/bumblebox-18_2026-03-18_14_00_03.mp4,base_hourly,original hourly round-robin selection
329,15,pre,true,MCs-23-and-24,23;24,2026-03-16,2026-03-15,pre_dose_d_minus_1,14,00,exact_hh00,full_24_hours,bumblebox-15_2026-03-15_14_00_04,bumblebox-15,/media/august/Expansion/Behavioral-Entropy-Pesticide-Dosing-Exps/MCs-23-and-24/2026-03-15/bumblebox-15_2026-03-15_14_00_04.mp4,/tmp/bumblebox_hourly_primary_mc9_24_links/MCs-23-and-24/2026-03-15/bumblebox-15_2026-03-15_14_00_04.mp4,base_hourly,original hourly round-robin selection
330,15,post,true,MCs-23-and-24,23;24,2026-03-16,2026-03-19,post_dose_d_plus_3,14,00,exact_hh00,full_24_hours,bumblebox-15_2026-03-19_14_00_04,bumblebox-15,/media/august/Expansion/Behavioral-Entropy-Pesticide-Dosing-Exps/MCs-23-and-24/2026-03-19/bumblebox-15_2026-03-19_14_00_04.mp4,/tmp/bumblebox_hourly_primary_mc9_24_links/MCs-23-and-24/2026-03-19/bumblebox-15_2026-03-19_14_00_04.mp4,base_hourly,original hourly round-robin selection
331,16,post,true,MCs-1-and-2,1;2,2026-02-23,2026-02-26,post_exposure_folder,15,00,exact_hh00,full_24_hours,bumblebox-19_2026-02-26_15_00_04,bumblebox-19,/media/august/AutoPolls9/dose-curve-pesticide-data/MCs-1-and-2/post-exposure/bumblebox-19_2026-02-26_15_00_04.mp4,/tmp/bumblebox_hourly_primary_mc1_8_explicit_links/MCs-1-and-2/post/2026-02-26/bumblebox-19_2026-02-26_15_00_04.mp4,base_hourly,original hourly round-robin selection
332,16,pre,true,MCs-3-and-4,3;4,2026-02-23,2026-02-22,pre_exposure_folder,15,00,exact_hh00,full_24_hours,bumblebox-07_2026-02-22_15_00_03,bumblebox-07,/media/august/AutoPolls9/dose-curve-pesticide-data/MCs-3-and-4/pre-exposure/bumblebox-07_2026-02-22_15_00_03.mp4,/tmp/bumblebox_hourly_primary_mc1_8_explicit_links/MCs-3-and-4/pre/2026-02-22/bumblebox-07_2026-02-22_15_00_03.mp4,base_hourly,original hourly round-robin selection
333,16,post,true,MCs-3-and-4,3;4,2026-02-23,2026-02-26,post_exposure_folder,15,00,exact_hh00,full_24_hours,bumblebox-07_2026-02-26_15_00_03,bumblebox-07,/media/august/AutoPolls9/dose-curve-pesticide-data/MCs-3-and-4/post-exposure/bumblebox-07_2026-02-26_15_00_03.mp4,/tmp/bumblebox_hourly_primary_mc1_8_explicit_links/MCs-3-and-4/post/2026-02-26/bumblebox-07_2026-02-26_15_00_03.mp4,base_hourly,original hourly round-robin selection
334,16,post,true,MCs-5-and-6,5;6,2026-02-23,2026-02-26,post_exposure_folder,15,00,exact_hh00,full_24_hours,bumblebox-18_2026-02-26_15_00_04,bumblebox-18,/media/august/AutoPolls9/dose-curve-pesticide-data/MCs-5-and-6/post-exposure/bumblebox-18_2026-02-26_15_00_04.mp4,/tmp/bumblebox_hourly_primary_mc1_8_explicit_links/MCs-5-and-6/post/2026-02-26/bumblebox-18_2026-02-26_15_00_04.mp4,base_hourly,original hourly round-robin selection
335,16,post,true,MCs-7-and-8,7;8,2026-02-23,2026-02-26,post_exposure_folder,15,00,exact_hh00,full_24_hours,bumblebox-15_2026-02-26_15_00_03,bumblebox-15,/media/august/AutoPolls9/dose-curve-pesticide-data/MCs-7-and-8/post-exposure/bumblebox-15_2026-02-26_15_00_03.mp4,/tmp/bumblebox_hourly_primary_mc1_8_explicit_links/MCs-7-and-8/post/2026-02-26/bumblebox-15_2026-02-26_15_00_03.mp4,base_hourly,original hourly round-robin selection
336,16,pre,true,MCs-9-and-10,9;10,2026-03-02,2026-03-01,pre_dose_d_minus_1,15,00,exact_hh00,full_24_hours,bumblebox-07_2026-03-01_15_00_03,bumblebox-07,/media/august/Expansion/Behavioral-Entropy-Pesticide-Dosing-Exps/MCs-9-and-10/2026-03-01/bumblebox-07_2026-03-01_15_00_03.mp4,/tmp/bumblebox_hourly_primary_mc9_24_links/MCs-9-and-10/2026-03-01/bumblebox-07_2026-03-01_15_00_03.mp4,base_hourly,original hourly round-robin selection
337,16,post,true,MCs-9-and-10,9;10,2026-03-02,2026-03-05,post_dose_d_plus_3,15,00,exact_hh00,full_24_hours,bumblebox-07_2026-03-05_15_00_03,bumblebox-07,/media/august/Expansion/Behavioral-Entropy-Pesticide-Dosing-Exps/MCs-9-and-10/2026-03-05/bumblebox-07_2026-03-05_15_00_03.mp4,/tmp/bumblebox_hourly_primary_mc9_24_links/MCs-9-and-10/2026-03-05/bumblebox-07_2026-03-05_15_00_03.mp4,base_hourly,original hourly round-robin selection
338,16,post,true,MCs-11-and-12,11;12,2026-03-02,2026-03-05,post_dose_d_plus_3,15,00,exact_hh00,partial_day,bumblebox-19_2026-03-05_15_00_05,bumblebox-19,/media/august/Expansion/Behavioral-Entropy-Pesticide-Dosing-Exps/MCs-11-and-12/2026-03-05/bumblebox-19_2026-03-05_15_00_05.mp4,/tmp/bumblebox_hourly_primary_mc9_24_links/MCs-11-and-12/2026-03-05/bumblebox-19_2026-03-05_15_00_05.mp4,base_hourly,original hourly round-robin selection
339,16,pre,true,MCs-13-and-14,13;14,2026-03-02,2026-03-01,pre_dose_d_minus_1,15,00,exact_hh00,full_24_hours,bumblebox-18_2026-03-01_15_00_04,bumblebox-18,/media/august/Expansion/Behavioral-Entropy-Pesticide-Dosing-Exps/MCs-13-and-14/2026-03-01/bumblebox-18_2026-03-01_15_00_04.mp4,/tmp/bumblebox_hourly_primary_mc9_24_links/MCs-13-and-14/2026-03-01/bumblebox-18_2026-03-01_15_00_04.mp4,base_hourly,original hourly round-robin selection
340,16,post,true,MCs-13-and-14,13;14,2026-03-02,2026-03-05,post_dose_d_plus_3,15,00,exact_hh00,full_24_hours,bumblebox-18_2026-03-05_15_00_03,bumblebox-18,/media/august/Expansion/Behavioral-Entropy-Pesticide-Dosing-Exps/MCs-13-and-14/2026-03-05/bumblebox-18_2026-03-05_15_00_03.mp4,/tmp/bumblebox_hourly_primary_mc9_24_links/MCs-13-and-14/2026-03-05/bumblebox-18_2026-03-05_15_00_03.mp4,base_hourly,original hourly round-robin selection
341,16,post,true,MCs-15-and-16,15;16,2026-03-02,2026-03-05,post_dose_d_plus_3,15,00,exact_hh00,full_24_hours,bumblebox-15_2026-03-05_15_00_04,bumblebox-15,/media/august/Expansion/Behavioral-Entropy-Pesticide-Dosing-Exps/MCs-15-and-16/2026-03-05/bumblebox-15_2026-03-05_15_00_04.mp4,/tmp/bumblebox_hourly_primary_mc9_24_links/MCs-15-and-16/2026-03-05/bumblebox-15_2026-03-05_15_00_04.mp4,base_hourly,original hourly round-robin selection
342,16,pre,true,MCs-17-and-18,17;18,2026-03-16,2026-03-15,pre_dose_d_minus_1,15,00,exact_hh00,full_24_hours,bumblebox-9_2026-03-15_15_00_03,bumblebox-9,/media/august/Expansion/Behavioral-Entropy-Pesticide-Dosing-Exps/MCs-17-and-18/2026-03-15/bumblebox-9_2026-03-15_15_00_03.mp4,/tmp/bumblebox_hourly_primary_mc9_24_links/MCs-17-and-18/2026-03-15/bumblebox-9_2026-03-15_15_00_03.mp4,base_hourly,original hourly round-robin selection
343,16,pre,true,MCs-17-and-18,17;18,,2026-03-15,augmented_pre_exposure,15,30,augmented_extra,augmented,bumblebox-9_2026-03-15_15_30_03,bumblebox-9,/media/august/Expansion/Behavioral-Entropy-Pesticide-Dosing-Exps/MCs-17-and-18/2026-03-15/bumblebox-9_2026-03-15_15_30_03.mp4,,blur_compensation_10ppb,all available extra pre videos for MC17 to compensate blurry MC2 10ppb; MC16 has no pre source videos
344,16,post,true,MCs-17-and-18,17;18,2026-03-16,2026-03-19,post_dose_d_plus_3,15,00,exact_hh00,full_24_hours,bumblebox-9_2026-03-19_15_00_04,bumblebox-9,/media/august/Expansion/Behavioral-Entropy-Pesticide-Dosing-Exps/MCs-17-and-18/2026-03-19/bumblebox-9_2026-03-19_15_00_04.mp4,/tmp/bumblebox_hourly_primary_mc9_24_links/MCs-17-and-18/2026-03-19/bumblebox-9_2026-03-19_15_00_04.mp4,base_hourly,original hourly round-robin selection
345,16,pre,true,MCs-19-and-20,19;20,2026-03-16,2026-03-15,pre_dose_d_minus_1,15,00,exact_hh00,full_24_hours,bumblebox-19_2026-03-15_15_00_03,bumblebox-19,/media/august/Expansion/Behavioral-Entropy-Pesticide-Dosing-Exps/MCs-19-and-20/2026-03-15/bumblebox-19_2026-03-15_15_00_03.mp4,/tmp/bumblebox_hourly_primary_mc9_24_links/MCs-19-and-20/2026-03-15/bumblebox-19_2026-03-15_15_00_03.mp4,base_hourly,original hourly round-robin selection
346,16,post,true,MCs-19-and-20,19;20,2026-03-16,2026-03-19,post_dose_d_plus_3,15,00,exact_hh00,full_24_hours,bumblebox-19_2026-03-19_15_00_05,bumblebox-19,/media/august/Expansion/Behavioral-Entropy-Pesticide-Dosing-Exps/MCs-19-and-20/2026-03-19/bumblebox-19_2026-03-19_15_00_05.mp4,/tmp/bumblebox_hourly_primary_mc9_24_links/MCs-19-and-20/2026-03-19/bumblebox-19_2026-03-19_15_00_05.mp4,base_hourly,original hourly round-robin selection
347,16,pre,true,MCs-21-and-22,21;22,2026-03-16,2026-03-15,pre_dose_d_minus_1,15,00,exact_hh00,full_24_hours,bumblebox-18_2026-03-15_15_00_04,bumblebox-18,/media/august/Expansion/Behavioral-Entropy-Pesticide-Dosing-Exps/MCs-21-and-22/2026-03-15/bumblebox-18_2026-03-15_15_00_04.mp4,/tmp/bumblebox_hourly_primary_mc9_24_links/MCs-21-and-22/2026-03-15/bumblebox-18_2026-03-15_15_00_04.mp4,base_hourly,original hourly round-robin selection
348,16,post,true,MCs-21-and-22,21;22,2026-03-16,2026-03-18,post_dose_d_plus_2_substitute,15,00,exact_hh00,full_24_hours,bumblebox-18_2026-03-18_15_00_03,bumblebox-18,/media/august/Expansion/Behavioral-Entropy-Pesticide-Dosing-Exps/MCs-21-and-22/2026-03-18/bumblebox-18_2026-03-18_15_00_03.mp4,/tmp/bumblebox_hourly_primary_mc9_24_links/MCs-21-and-22/2026-03-18/bumblebox-18_2026-03-18_15_00_03.mp4,base_hourly,original hourly round-robin selection
349,16,pre,true,MCs-23-and-24,23;24,2026-03-16,2026-03-15,pre_dose_d_minus_1,15,00,exact_hh00,full_24_hours,bumblebox-15_2026-03-15_15_00_04,bumblebox-15,/media/august/Expansion/Behavioral-Entropy-Pesticide-Dosing-Exps/MCs-23-and-24/2026-03-15/bumblebox-15_2026-03-15_15_00_04.mp4,/tmp/bumblebox_hourly_primary_mc9_24_links/MCs-23-and-24/2026-03-15/bumblebox-15_2026-03-15_15_00_04.mp4,base_hourly,original hourly round-robin selection
350,16,post,true,MCs-23-and-24,23;24,2026-03-16,2026-03-19,post_dose_d_plus_3,15,00,exact_hh00,full_24_hours,bumblebox-15_2026-03-19_15_00_04,bumblebox-15,/media/august/Expansion/Behavioral-Entropy-Pesticide-Dosing-Exps/MCs-23-and-24/2026-03-19/bumblebox-15_2026-03-19_15_00_04.mp4,/tmp/bumblebox_hourly_primary_mc9_24_links/MCs-23-and-24/2026-03-19/bumblebox-15_2026-03-19_15_00_04.mp4,base_hourly,original hourly round-robin selection
351,17,post,true,MCs-1-and-2,1;2,2026-02-23,2026-02-26,post_exposure_folder,16,00,exact_hh00,full_24_hours,bumblebox-19_2026-02-26_16_00_05,bumblebox-19,/media/august/AutoPolls9/dose-curve-pesticide-data/MCs-1-and-2/post-exposure/bumblebox-19_2026-02-26_16_00_05.mp4,/tmp/bumblebox_hourly_primary_mc1_8_explicit_links/MCs-1-and-2/post/2026-02-26/bumblebox-19_2026-02-26_16_00_05.mp4,base_hourly,original hourly round-robin selection
352,17,pre,true,MCs-3-and-4,3;4,2026-02-23,2026-02-22,pre_exposure_folder,16,00,exact_hh00,full_24_hours,bumblebox-07_2026-02-22_16_00_02,bumblebox-07,/media/august/AutoPolls9/dose-curve-pesticide-data/MCs-3-and-4/pre-exposure/bumblebox-07_2026-02-22_16_00_02.mp4,/tmp/bumblebox_hourly_primary_mc1_8_explicit_links/MCs-3-and-4/pre/2026-02-22/bumblebox-07_2026-02-22_16_00_02.mp4,base_hourly,original hourly round-robin selection
353,17,post,true,MCs-3-and-4,3;4,2026-02-23,2026-02-26,post_exposure_folder,16,00,exact_hh00,full_24_hours,bumblebox-07_2026-02-26_16_00_03,bumblebox-07,/media/august/AutoPolls9/dose-curve-pesticide-data/MCs-3-and-4/post-exposure/bumblebox-07_2026-02-26_16_00_03.mp4,/tmp/bumblebox_hourly_primary_mc1_8_explicit_links/MCs-3-and-4/post/2026-02-26/bumblebox-07_2026-02-26_16_00_03.mp4,base_hourly,original hourly round-robin selection
354,17,pre,true,MCs-5-and-6,5;6,,2026-02-22,augmented_pre_exposure,16,50,augmented_extra,augmented,bumblebox-18_2026-02-22_16_50_07,bumblebox-18,/media/august/AutoPolls9/dose-curve-pesticide-data/MCs-5-and-6/pre-exposure/bumblebox-18_2026-02-22_16_50_07.mp4,,pre_fill_to_24_if_possible,fill MCs-5-and-6 pre from 4 toward 22 using non-hourly pre videos
355,17,post,true,MCs-5-and-6,5;6,2026-02-23,2026-02-26,post_exposure_folder,16,00,exact_hh00,full_24_hours,bumblebox-18_2026-02-26_16_00_03,bumblebox-18,/media/august/AutoPolls9/dose-curve-pesticide-data/MCs-5-and-6/post-exposure/bumblebox-18_2026-02-26_16_00_03.mp4,/tmp/bumblebox_hourly_primary_mc1_8_explicit_links/MCs-5-and-6/post/2026-02-26/bumblebox-18_2026-02-26_16_00_03.mp4,base_hourly,original hourly round-robin selection
356,17,post,true,MCs-7-and-8,7;8,2026-02-23,2026-02-26,post_exposure_folder,16,00,exact_hh00,full_24_hours,bumblebox-15_2026-02-26_16_00_03,bumblebox-15,/media/august/AutoPolls9/dose-curve-pesticide-data/MCs-7-and-8/post-exposure/bumblebox-15_2026-02-26_16_00_03.mp4,/tmp/bumblebox_hourly_primary_mc1_8_explicit_links/MCs-7-and-8/post/2026-02-26/bumblebox-15_2026-02-26_16_00_03.mp4,base_hourly,original hourly round-robin selection
357,17,pre,true,MCs-9-and-10,9;10,2026-03-02,2026-03-01,pre_dose_d_minus_1,16,00,exact_hh00,full_24_hours,bumblebox-07_2026-03-01_16_00_03,bumblebox-07,/media/august/Expansion/Behavioral-Entropy-Pesticide-Dosing-Exps/MCs-9-and-10/2026-03-01/bumblebox-07_2026-03-01_16_00_03.mp4,/tmp/bumblebox_hourly_primary_mc9_24_links/MCs-9-and-10/2026-03-01/bumblebox-07_2026-03-01_16_00_03.mp4,base_hourly,original hourly round-robin selection
358,17,post,true,MCs-9-and-10,9;10,2026-03-02,2026-03-05,post_dose_d_plus_3,16,00,exact_hh00,full_24_hours,bumblebox-07_2026-03-05_16_00_03,bumblebox-07,/media/august/Expansion/Behavioral-Entropy-Pesticide-Dosing-Exps/MCs-9-and-10/2026-03-05/bumblebox-07_2026-03-05_16_00_03.mp4,/tmp/bumblebox_hourly_primary_mc9_24_links/MCs-9-and-10/2026-03-05/bumblebox-07_2026-03-05_16_00_03.mp4,base_hourly,original hourly round-robin selection
359,17,post,true,MCs-11-and-12,11;12,2026-03-02,2026-03-05,post_dose_d_plus_3,16,00,exact_hh00,partial_day,bumblebox-19_2026-03-05_16_00_04,bumblebox-19,/media/august/Expansion/Behavioral-Entropy-Pesticide-Dosing-Exps/MCs-11-and-12/2026-03-05/bumblebox-19_2026-03-05_16_00_04.mp4,/tmp/bumblebox_hourly_primary_mc9_24_links/MCs-11-and-12/2026-03-05/bumblebox-19_2026-03-05_16_00_04.mp4,base_hourly,original hourly round-robin selection
360,17,pre,true,MCs-13-and-14,13;14,2026-03-02,2026-03-01,pre_dose_d_minus_1,16,00,exact_hh00,full_24_hours,bumblebox-18_2026-03-01_16_00_04,bumblebox-18,/media/august/Expansion/Behavioral-Entropy-Pesticide-Dosing-Exps/MCs-13-and-14/2026-03-01/bumblebox-18_2026-03-01_16_00_04.mp4,/tmp/bumblebox_hourly_primary_mc9_24_links/MCs-13-and-14/2026-03-01/bumblebox-18_2026-03-01_16_00_04.mp4,base_hourly,original hourly round-robin selection
361,17,pre,true,MCs-13-and-14,13;14,,2026-03-01,augmented_pre_exposure,16,30,augmented_extra,augmented,bumblebox-18_2026-03-01_16_30_03,bumblebox-18,/media/august/Expansion/Behavioral-Entropy-Pesticide-Dosing-Exps/MCs-13-and-14/2026-03-01/bumblebox-18_2026-03-01_16_30_03.mp4,,blur_compensation_0.5ppb,extra pre videos for MC14 to compensate blurry MC1 0.5ppb
362,17,post,true,MCs-13-and-14,13;14,2026-03-02,2026-03-05,post_dose_d_plus_3,16,00,exact_hh00,full_24_hours,bumblebox-18_2026-03-05_16_00_04,bumblebox-18,/media/august/Expansion/Behavioral-Entropy-Pesticide-Dosing-Exps/MCs-13-and-14/2026-03-05/bumblebox-18_2026-03-05_16_00_04.mp4,/tmp/bumblebox_hourly_primary_mc9_24_links/MCs-13-and-14/2026-03-05/bumblebox-18_2026-03-05_16_00_04.mp4,base_hourly,original hourly round-robin selection
363,17,post,true,MCs-15-and-16,15;16,2026-03-02,2026-03-05,post_dose_d_plus_3,16,00,exact_hh00,full_24_hours,bumblebox-15_2026-03-05_16_00_03,bumblebox-15,/media/august/Expansion/Behavioral-Entropy-Pesticide-Dosing-Exps/MCs-15-and-16/2026-03-05/bumblebox-15_2026-03-05_16_00_03.mp4,/tmp/bumblebox_hourly_primary_mc9_24_links/MCs-15-and-16/2026-03-05/bumblebox-15_2026-03-05_16_00_03.mp4,base_hourly,original hourly round-robin selection
364,17,pre,true,MCs-17-and-18,17;18,2026-03-16,2026-03-15,pre_dose_d_minus_1,16,00,exact_hh00,full_24_hours,bumblebox-9_2026-03-15_16_00_03,bumblebox-9,/media/august/Expansion/Behavioral-Entropy-Pesticide-Dosing-Exps/MCs-17-and-18/2026-03-15/bumblebox-9_2026-03-15_16_00_03.mp4,/tmp/bumblebox_hourly_primary_mc9_24_links/MCs-17-and-18/2026-03-15/bumblebox-9_2026-03-15_16_00_03.mp4,base_hourly,original hourly round-robin selection
365,17,pre,true,MCs-17-and-18,17;18,,2026-03-15,augmented_pre_exposure,16,30,augmented_extra,augmented,bumblebox-9_2026-03-15_16_30_03,bumblebox-9,/media/august/Expansion/Behavioral-Entropy-Pesticide-Dosing-Exps/MCs-17-and-18/2026-03-15/bumblebox-9_2026-03-15_16_30_03.mp4,,blur_compensation_10ppb,all available extra pre videos for MC17 to compensate blurry MC2 10ppb; MC16 has no pre source videos
366,17,post,true,MCs-17-and-18,17;18,2026-03-16,2026-03-19,post_dose_d_plus_3,16,00,exact_hh00,full_24_hours,bumblebox-9_2026-03-19_16_00_04,bumblebox-9,/media/august/Expansion/Behavioral-Entropy-Pesticide-Dosing-Exps/MCs-17-and-18/2026-03-19/bumblebox-9_2026-03-19_16_00_04.mp4,/tmp/bumblebox_hourly_primary_mc9_24_links/MCs-17-and-18/2026-03-19/bumblebox-9_2026-03-19_16_00_04.mp4,base_hourly,original hourly round-robin selection
367,17,pre,true,MCs-19-and-20,19;20,2026-03-16,2026-03-15,pre_dose_d_minus_1,16,00,exact_hh00,full_24_hours,bumblebox-19_2026-03-15_16_00_05,bumblebox-19,/media/august/Expansion/Behavioral-Entropy-Pesticide-Dosing-Exps/MCs-19-and-20/2026-03-15/bumblebox-19_2026-03-15_16_00_05.mp4,/tmp/bumblebox_hourly_primary_mc9_24_links/MCs-19-and-20/2026-03-15/bumblebox-19_2026-03-15_16_00_05.mp4,base_hourly,original hourly round-robin selection
368,17,post,true,MCs-19-and-20,19;20,2026-03-16,2026-03-19,post_dose_d_plus_3,16,00,exact_hh00,full_24_hours,bumblebox-19_2026-03-19_16_00_05,bumblebox-19,/media/august/Expansion/Behavioral-Entropy-Pesticide-Dosing-Exps/MCs-19-and-20/2026-03-19/bumblebox-19_2026-03-19_16_00_05.mp4,/tmp/bumblebox_hourly_primary_mc9_24_links/MCs-19-and-20/2026-03-19/bumblebox-19_2026-03-19_16_00_05.mp4,base_hourly,original hourly round-robin selection
369,17,pre,true,MCs-21-and-22,21;22,2026-03-16,2026-03-15,pre_dose_d_minus_1,16,00,exact_hh00,full_24_hours,bumblebox-18_2026-03-15_16_00_04,bumblebox-18,/media/august/Expansion/Behavioral-Entropy-Pesticide-Dosing-Exps/MCs-21-and-22/2026-03-15/bumblebox-18_2026-03-15_16_00_04.mp4,/tmp/bumblebox_hourly_primary_mc9_24_links/MCs-21-and-22/2026-03-15/bumblebox-18_2026-03-15_16_00_04.mp4,base_hourly,original hourly round-robin selection
370,17,pre,true,MCs-21-and-22,21;22,,2026-03-15,augmented_pre_exposure,16,30,augmented_extra,augmented,bumblebox-18_2026-03-15_16_30_04,bumblebox-18,/media/august/Expansion/Behavioral-Entropy-Pesticide-Dosing-Exps/MCs-21-and-22/2026-03-15/bumblebox-18_2026-03-15_16_30_04.mp4,,blur_compensation_0.5ppb,extra pre videos for MC21 to compensate blurry MC1 0.5ppb
371,17,post,true,MCs-21-and-22,21;22,2026-03-16,2026-03-18,post_dose_d_plus_2_substitute,16,00,exact_hh00,full_24_hours,bumblebox-18_2026-03-18_16_00_04,bumblebox-18,/media/august/Expansion/Behavioral-Entropy-Pesticide-Dosing-Exps/MCs-21-and-22/2026-03-18/bumblebox-18_2026-03-18_16_00_04.mp4,/tmp/bumblebox_hourly_primary_mc9_24_links/MCs-21-and-22/2026-03-18/bumblebox-18_2026-03-18_16_00_04.mp4,base_hourly,original hourly round-robin selection
372,17,pre,true,MCs-23-and-24,23;24,2026-03-16,2026-03-15,pre_dose_d_minus_1,16,00,exact_hh00,full_24_hours,bumblebox-15_2026-03-15_16_00_03,bumblebox-15,/media/august/Expansion/Behavioral-Entropy-Pesticide-Dosing-Exps/MCs-23-and-24/2026-03-15/bumblebox-15_2026-03-15_16_00_03.mp4,/tmp/bumblebox_hourly_primary_mc9_24_links/MCs-23-and-24/2026-03-15/bumblebox-15_2026-03-15_16_00_03.mp4,base_hourly,original hourly round-robin selection
373,17,post,true,MCs-23-and-24,23;24,2026-03-16,2026-03-19,post_dose_d_plus_3,16,00,exact_hh00,full_24_hours,bumblebox-15_2026-03-19_16_00_04,bumblebox-15,/media/august/Expansion/Behavioral-Entropy-Pesticide-Dosing-Exps/MCs-23-and-24/2026-03-19/bumblebox-15_2026-03-19_16_00_04.mp4,/tmp/bumblebox_hourly_primary_mc9_24_links/MCs-23-and-24/2026-03-19/bumblebox-15_2026-03-19_16_00_04.mp4,base_hourly,original hourly round-robin selection
374,18,pre,true,MCs-1-and-2,1;2,,2026-02-22,augmented_pre_exposure,17,10,augmented_extra,augmented,bumblebox-19_2026-02-22_17_10_06,bumblebox-19,/media/august/AutoPolls9/dose-curve-pesticide-data/MCs-1-and-2/pre-exposure/bumblebox-19_2026-02-22_17_10_06.mp4,,pre_fill_to_24_if_possible,fill MCs-1-and-2 pre from 16 toward 24 using non-hourly pre videos
375,18,pre,true,MCs-1-and-2,1;2,2026-02-23,2026-02-22,pre_exposure_folder,17,30,fallback_hh30_missing_hh00,partial_day,bumblebox-19_2026-02-22_17_30_04,bumblebox-19,/media/august/AutoPolls9/dose-curve-pesticide-data/MCs-1-and-2/pre-exposure/bumblebox-19_2026-02-22_17_30_04.mp4,/tmp/bumblebox_hourly_primary_mc1_8_explicit_links/MCs-1-and-2/pre/2026-02-22/bumblebox-19_2026-02-22_17_30_04.mp4,base_hourly,original hourly round-robin selection
376,18,post,true,MCs-1-and-2,1;2,2026-02-23,2026-02-26,post_exposure_folder,17,00,exact_hh00,full_24_hours,bumblebox-19_2026-02-26_17_00_04,bumblebox-19,/media/august/AutoPolls9/dose-curve-pesticide-data/MCs-1-and-2/post-exposure/bumblebox-19_2026-02-26_17_00_04.mp4,/tmp/bumblebox_hourly_primary_mc1_8_explicit_links/MCs-1-and-2/post/2026-02-26/bumblebox-19_2026-02-26_17_00_04.mp4,base_hourly,original hourly round-robin selection
377,18,pre,true,MCs-3-and-4,3;4,2026-02-23,2026-02-22,pre_exposure_folder,17,00,exact_hh00,full_24_hours,bumblebox-07_2026-02-22_17_00_03,bumblebox-07,/media/august/AutoPolls9/dose-curve-pesticide-data/MCs-3-and-4/pre-exposure/bumblebox-07_2026-02-22_17_00_03.mp4,/tmp/bumblebox_hourly_primary_mc1_8_explicit_links/MCs-3-and-4/pre/2026-02-22/bumblebox-07_2026-02-22_17_00_03.mp4,base_hourly,original hourly round-robin selection
378,18,post,true,MCs-3-and-4,3;4,2026-02-23,2026-02-26,post_exposure_folder,17,00,exact_hh00,full_24_hours,bumblebox-07_2026-02-26_17_00_03,bumblebox-07,/media/august/AutoPolls9/dose-curve-pesticide-data/MCs-3-and-4/post-exposure/bumblebox-07_2026-02-26_17_00_03.mp4,/tmp/bumblebox_hourly_primary_mc1_8_explicit_links/MCs-3-and-4/post/2026-02-26/bumblebox-07_2026-02-26_17_00_03.mp4,base_hourly,original hourly round-robin selection
379,18,pre,true,MCs-5-and-6,5;6,2026-02-23,2026-02-22,pre_exposure_folder,17,00,exact_hh00,partial_day,bumblebox-18_2026-02-22_17_00_05,bumblebox-18,/media/august/AutoPolls9/dose-curve-pesticide-data/MCs-5-and-6/pre-exposure/bumblebox-18_2026-02-22_17_00_05.mp4,/tmp/bumblebox_hourly_primary_mc1_8_explicit_links/MCs-5-and-6/pre/2026-02-22/bumblebox-18_2026-02-22_17_00_05.mp4,base_hourly,original hourly round-robin selection
380,18,pre,true,MCs-5-and-6,5;6,,2026-02-22,augmented_pre_exposure,17,10,augmented_extra,augmented,bumblebox-18_2026-02-22_17_10_03,bumblebox-18,/media/august/AutoPolls9/dose-curve-pesticide-data/MCs-5-and-6/pre-exposure/bumblebox-18_2026-02-22_17_10_03.mp4,,pre_fill_to_24_if_possible,fill MCs-5-and-6 pre from 4 toward 22 using non-hourly pre videos
381,18,pre,true,MCs-5-and-6,5;6,,2026-02-22,augmented_pre_exposure,17,20,augmented_extra,augmented,bumblebox-18_2026-02-22_17_20_03,bumblebox-18,/media/august/AutoPolls9/dose-curve-pesticide-data/MCs-5-and-6/pre-exposure/bumblebox-18_2026-02-22_17_20_03.mp4,,pre_fill_to_24_if_possible,fill MCs-5-and-6 pre from 4 toward 22 using non-hourly pre videos
382,18,pre,true,MCs-5-and-6,5;6,,2026-02-22,augmented_pre_exposure,17,30,augmented_extra,augmented,bumblebox-18_2026-02-22_17_30_03,bumblebox-18,/media/august/AutoPolls9/dose-curve-pesticide-data/MCs-5-and-6/pre-exposure/bumblebox-18_2026-02-22_17_30_03.mp4,,pre_fill_to_24_if_possible,fill MCs-5-and-6 pre from 4 toward 22 using non-hourly pre videos
383,18,pre,true,MCs-5-and-6,5;6,,2026-02-22,augmented_pre_exposure,17,40,augmented_extra,augmented,bumblebox-18_2026-02-22_17_40_03,bumblebox-18,/media/august/AutoPolls9/dose-curve-pesticide-data/MCs-5-and-6/pre-exposure/bumblebox-18_2026-02-22_17_40_03.mp4,,pre_fill_to_24_if_possible,fill MCs-5-and-6 pre from 4 toward 22 using non-hourly pre videos
384,18,pre,true,MCs-5-and-6,5;6,,2026-02-22,augmented_pre_exposure,17,50,augmented_extra,augmented,bumblebox-18_2026-02-22_17_50_03,bumblebox-18,/media/august/AutoPolls9/dose-curve-pesticide-data/MCs-5-and-6/pre-exposure/bumblebox-18_2026-02-22_17_50_03.mp4,,pre_fill_to_24_if_possible,fill MCs-5-and-6 pre from 4 toward 22 using non-hourly pre videos
385,18,post,true,MCs-5-and-6,5;6,2026-02-23,2026-02-26,post_exposure_folder,17,00,exact_hh00,full_24_hours,bumblebox-18_2026-02-26_17_00_04,bumblebox-18,/media/august/AutoPolls9/dose-curve-pesticide-data/MCs-5-and-6/post-exposure/bumblebox-18_2026-02-26_17_00_04.mp4,/tmp/bumblebox_hourly_primary_mc1_8_explicit_links/MCs-5-and-6/post/2026-02-26/bumblebox-18_2026-02-26_17_00_04.mp4,base_hourly,original hourly round-robin selection
386,18,pre,true,MCs-7-and-8,7;8,2026-02-23,2026-02-22,pre_exposure_folder,17,00,exact_hh00,partial_day,bumblebox-15_2026-02-22_17_00_07,bumblebox-15,/media/august/AutoPolls9/dose-curve-pesticide-data/MCs-7-and-8/pre-exposure/bumblebox-15_2026-02-22_17_00_07.mp4,/tmp/bumblebox_hourly_primary_mc1_8_explicit_links/MCs-7-and-8/pre/2026-02-22/bumblebox-15_2026-02-22_17_00_07.mp4,base_hourly,original hourly round-robin selection
387,18,pre,true,MCs-7-and-8,7;8,,2026-02-22,augmented_pre_exposure,17,10,augmented_extra,augmented,bumblebox-15_2026-02-22_17_10_03,bumblebox-15,/media/august/AutoPolls9/dose-curve-pesticide-data/MCs-7-and-8/pre-exposure/bumblebox-15_2026-02-22_17_10_03.mp4,,pre_fill_to_24_if_possible,fill MCs-7-and-8 pre from 7 toward 24 using non-hourly pre videos
388,18,pre,true,MCs-7-and-8,7;8,,2026-02-22,augmented_pre_exposure,17,30,augmented_extra,augmented,bumblebox-15_2026-02-22_17_30_03,bumblebox-15,/media/august/AutoPolls9/dose-curve-pesticide-data/MCs-7-and-8/pre-exposure/bumblebox-15_2026-02-22_17_30_03.mp4,,pre_fill_to_24_if_possible,fill MCs-7-and-8 pre from 7 toward 24 using non-hourly pre videos
389,18,pre,true,MCs-7-and-8,7;8,,2026-02-22,augmented_pre_exposure,17,50,augmented_extra,augmented,bumblebox-15_2026-02-22_17_50_03,bumblebox-15,/media/august/AutoPolls9/dose-curve-pesticide-data/MCs-7-and-8/pre-exposure/bumblebox-15_2026-02-22_17_50_03.mp4,,pre_fill_to_24_if_possible,fill MCs-7-and-8 pre from 7 toward 24 using non-hourly pre videos
390,18,post,true,MCs-7-and-8,7;8,2026-02-23,2026-02-26,post_exposure_folder,17,00,exact_hh00,full_24_hours,bumblebox-15_2026-02-26_17_00_02,bumblebox-15,/media/august/AutoPolls9/dose-curve-pesticide-data/MCs-7-and-8/post-exposure/bumblebox-15_2026-02-26_17_00_02.mp4,/tmp/bumblebox_hourly_primary_mc1_8_explicit_links/MCs-7-and-8/post/2026-02-26/bumblebox-15_2026-02-26_17_00_02.mp4,base_hourly,original hourly round-robin selection
391,18,pre,true,MCs-9-and-10,9;10,2026-03-02,2026-03-01,pre_dose_d_minus_1,17,00,exact_hh00,full_24_hours,bumblebox-07_2026-03-01_17_00_03,bumblebox-07,/media/august/Expansion/Behavioral-Entropy-Pesticide-Dosing-Exps/MCs-9-and-10/2026-03-01/bumblebox-07_2026-03-01_17_00_03.mp4,/tmp/bumblebox_hourly_primary_mc9_24_links/MCs-9-and-10/2026-03-01/bumblebox-07_2026-03-01_17_00_03.mp4,base_hourly,original hourly round-robin selection
392,18,post,true,MCs-9-and-10,9;10,2026-03-02,2026-03-05,post_dose_d_plus_3,17,00,exact_hh00,full_24_hours,bumblebox-07_2026-03-05_17_00_03,bumblebox-07,/media/august/Expansion/Behavioral-Entropy-Pesticide-Dosing-Exps/MCs-9-and-10/2026-03-05/bumblebox-07_2026-03-05_17_00_03.mp4,/tmp/bumblebox_hourly_primary_mc9_24_links/MCs-9-and-10/2026-03-05/bumblebox-07_2026-03-05_17_00_03.mp4,base_hourly,original hourly round-robin selection
393,18,post,true,MCs-11-and-12,11;12,2026-03-02,2026-03-05,post_dose_d_plus_3,17,00,exact_hh00,partial_day,bumblebox-19_2026-03-05_17_00_04,bumblebox-19,/media/august/Expansion/Behavioral-Entropy-Pesticide-Dosing-Exps/MCs-11-and-12/2026-03-05/bumblebox-19_2026-03-05_17_00_04.mp4,/tmp/bumblebox_hourly_primary_mc9_24_links/MCs-11-and-12/2026-03-05/bumblebox-19_2026-03-05_17_00_04.mp4,base_hourly,original hourly round-robin selection
394,18,pre,true,MCs-13-and-14,13;14,2026-03-02,2026-03-01,pre_dose_d_minus_1,17,00,exact_hh00,full_24_hours,bumblebox-18_2026-03-01_17_00_04,bumblebox-18,/media/august/Expansion/Behavioral-Entropy-Pesticide-Dosing-Exps/MCs-13-and-14/2026-03-01/bumblebox-18_2026-03-01_17_00_04.mp4,/tmp/bumblebox_hourly_primary_mc9_24_links/MCs-13-and-14/2026-03-01/bumblebox-18_2026-03-01_17_00_04.mp4,base_hourly,original hourly round-robin selection
395,18,post,true,MCs-13-and-14,13;14,2026-03-02,2026-03-05,post_dose_d_plus_3,17,00,exact_hh00,full_24_hours,bumblebox-18_2026-03-05_17_00_04,bumblebox-18,/media/august/Expansion/Behavioral-Entropy-Pesticide-Dosing-Exps/MCs-13-and-14/2026-03-05/bumblebox-18_2026-03-05_17_00_04.mp4,/tmp/bumblebox_hourly_primary_mc9_24_links/MCs-13-and-14/2026-03-05/bumblebox-18_2026-03-05_17_00_04.mp4,base_hourly,original hourly round-robin selection
396,18,post,true,MCs-15-and-16,15;16,2026-03-02,2026-03-05,post_dose_d_plus_3,17,00,exact_hh00,full_24_hours,bumblebox-15_2026-03-05_17_00_04,bumblebox-15,/media/august/Expansion/Behavioral-Entropy-Pesticide-Dosing-Exps/MCs-15-and-16/2026-03-05/bumblebox-15_2026-03-05_17_00_04.mp4,/tmp/bumblebox_hourly_primary_mc9_24_links/MCs-15-and-16/2026-03-05/bumblebox-15_2026-03-05_17_00_04.mp4,base_hourly,original hourly round-robin selection
397,18,pre,true,MCs-17-and-18,17;18,2026-03-16,2026-03-15,pre_dose_d_minus_1,17,00,exact_hh00,full_24_hours,bumblebox-9_2026-03-15_17_00_02,bumblebox-9,/media/august/Expansion/Behavioral-Entropy-Pesticide-Dosing-Exps/MCs-17-and-18/2026-03-15/bumblebox-9_2026-03-15_17_00_02.mp4,/tmp/bumblebox_hourly_primary_mc9_24_links/MCs-17-and-18/2026-03-15/bumblebox-9_2026-03-15_17_00_02.mp4,base_hourly,original hourly round-robin selection
398,18,pre,true,MCs-17-and-18,17;18,,2026-03-15,augmented_pre_exposure,17,30,augmented_extra,augmented,bumblebox-9_2026-03-15_17_30_03,bumblebox-9,/media/august/Expansion/Behavioral-Entropy-Pesticide-Dosing-Exps/MCs-17-and-18/2026-03-15/bumblebox-9_2026-03-15_17_30_03.mp4,,blur_compensation_10ppb,all available extra pre videos for MC17 to compensate blurry MC2 10ppb; MC16 has no pre source videos
399,18,post,true,MCs-17-and-18,17;18,2026-03-16,2026-03-19,post_dose_d_plus_3,17,00,exact_hh00,full_24_hours,bumblebox-9_2026-03-19_17_00_03,bumblebox-9,/media/august/Expansion/Behavioral-Entropy-Pesticide-Dosing-Exps/MCs-17-and-18/2026-03-19/bumblebox-9_2026-03-19_17_00_03.mp4,/tmp/bumblebox_hourly_primary_mc9_24_links/MCs-17-and-18/2026-03-19/bumblebox-9_2026-03-19_17_00_03.mp4,base_hourly,original hourly round-robin selection
400,18,pre,true,MCs-19-and-20,19;20,2026-03-16,2026-03-15,pre_dose_d_minus_1,17,00,exact_hh00,full_24_hours,bumblebox-19_2026-03-15_17_00_04,bumblebox-19,/media/august/Expansion/Behavioral-Entropy-Pesticide-Dosing-Exps/MCs-19-and-20/2026-03-15/bumblebox-19_2026-03-15_17_00_04.mp4,/tmp/bumblebox_hourly_primary_mc9_24_links/MCs-19-and-20/2026-03-15/bumblebox-19_2026-03-15_17_00_04.mp4,base_hourly,original hourly round-robin selection
401,18,post,true,MCs-19-and-20,19;20,2026-03-16,2026-03-19,post_dose_d_plus_3,17,00,exact_hh00,full_24_hours,bumblebox-19_2026-03-19_17_00_05,bumblebox-19,/media/august/Expansion/Behavioral-Entropy-Pesticide-Dosing-Exps/MCs-19-and-20/2026-03-19/bumblebox-19_2026-03-19_17_00_05.mp4,/tmp/bumblebox_hourly_primary_mc9_24_links/MCs-19-and-20/2026-03-19/bumblebox-19_2026-03-19_17_00_05.mp4,base_hourly,original hourly round-robin selection
402,18,pre,true,MCs-21-and-22,21;22,2026-03-16,2026-03-15,pre_dose_d_minus_1,17,00,exact_hh00,full_24_hours,bumblebox-18_2026-03-15_17_00_04,bumblebox-18,/media/august/Expansion/Behavioral-Entropy-Pesticide-Dosing-Exps/MCs-21-and-22/2026-03-15/bumblebox-18_2026-03-15_17_00_04.mp4,/tmp/bumblebox_hourly_primary_mc9_24_links/MCs-21-and-22/2026-03-15/bumblebox-18_2026-03-15_17_00_04.mp4,base_hourly,original hourly round-robin selection
403,18,post,true,MCs-21-and-22,21;22,2026-03-16,2026-03-18,post_dose_d_plus_2_substitute,17,00,exact_hh00,full_24_hours,bumblebox-18_2026-03-18_17_00_03,bumblebox-18,/media/august/Expansion/Behavioral-Entropy-Pesticide-Dosing-Exps/MCs-21-and-22/2026-03-18/bumblebox-18_2026-03-18_17_00_03.mp4,/tmp/bumblebox_hourly_primary_mc9_24_links/MCs-21-and-22/2026-03-18/bumblebox-18_2026-03-18_17_00_03.mp4,base_hourly,original hourly round-robin selection
404,18,pre,true,MCs-23-and-24,23;24,2026-03-16,2026-03-15,pre_dose_d_minus_1,17,00,exact_hh00,full_24_hours,bumblebox-15_2026-03-15_17_00_04,bumblebox-15,/media/august/Expansion/Behavioral-Entropy-Pesticide-Dosing-Exps/MCs-23-and-24/2026-03-15/bumblebox-15_2026-03-15_17_00_04.mp4,/tmp/bumblebox_hourly_primary_mc9_24_links/MCs-23-and-24/2026-03-15/bumblebox-15_2026-03-15_17_00_04.mp4,base_hourly,original hourly round-robin selection
405,18,post,true,MCs-23-and-24,23;24,2026-03-16,2026-03-19,post_dose_d_plus_3,17,00,exact_hh00,full_24_hours,bumblebox-15_2026-03-19_17_00_04,bumblebox-15,/media/august/Expansion/Behavioral-Entropy-Pesticide-Dosing-Exps/MCs-23-and-24/2026-03-19/bumblebox-15_2026-03-19_17_00_04.mp4,/tmp/bumblebox_hourly_primary_mc9_24_links/MCs-23-and-24/2026-03-19/bumblebox-15_2026-03-19_17_00_04.mp4,base_hourly,original hourly round-robin selection
406,19,pre,true,MCs-1-and-2,1;2,2026-02-23,2026-02-22,pre_exposure_folder,18,00,exact_hh00,partial_day,bumblebox-19_2026-02-22_18_00_03,bumblebox-19,/media/august/AutoPolls9/dose-curve-pesticide-data/MCs-1-and-2/pre-exposure/bumblebox-19_2026-02-22_18_00_03.mp4,/tmp/bumblebox_hourly_primary_mc1_8_explicit_links/MCs-1-and-2/pre/2026-02-22/bumblebox-19_2026-02-22_18_00_03.mp4,base_hourly,original hourly round-robin selection
407,19,post,true,MCs-1-and-2,1;2,2026-02-23,2026-02-26,post_exposure_folder,18,00,exact_hh00,full_24_hours,bumblebox-19_2026-02-26_18_00_04,bumblebox-19,/media/august/AutoPolls9/dose-curve-pesticide-data/MCs-1-and-2/post-exposure/bumblebox-19_2026-02-26_18_00_04.mp4,/tmp/bumblebox_hourly_primary_mc1_8_explicit_links/MCs-1-and-2/post/2026-02-26/bumblebox-19_2026-02-26_18_00_04.mp4,base_hourly,original hourly round-robin selection
408,19,pre,true,MCs-3-and-4,3;4,2026-02-23,2026-02-22,pre_exposure_folder,18,00,exact_hh00,full_24_hours,bumblebox-07_2026-02-22_18_00_03,bumblebox-07,/media/august/AutoPolls9/dose-curve-pesticide-data/MCs-3-and-4/pre-exposure/bumblebox-07_2026-02-22_18_00_03.mp4,/tmp/bumblebox_hourly_primary_mc1_8_explicit_links/MCs-3-and-4/pre/2026-02-22/bumblebox-07_2026-02-22_18_00_03.mp4,base_hourly,original hourly round-robin selection
409,19,post,true,MCs-3-and-4,3;4,2026-02-23,2026-02-26,post_exposure_folder,18,00,exact_hh00,full_24_hours,bumblebox-07_2026-02-26_18_00_03,bumblebox-07,/media/august/AutoPolls9/dose-curve-pesticide-data/MCs-3-and-4/post-exposure/bumblebox-07_2026-02-26_18_00_03.mp4,/tmp/bumblebox_hourly_primary_mc1_8_explicit_links/MCs-3-and-4/post/2026-02-26/bumblebox-07_2026-02-26_18_00_03.mp4,base_hourly,original hourly round-robin selection
410,19,pre,true,MCs-5-and-6,5;6,2026-02-23,2026-02-22,pre_exposure_folder,18,00,exact_hh00,partial_day,bumblebox-18_2026-02-22_18_00_04,bumblebox-18,/media/august/AutoPolls9/dose-curve-pesticide-data/MCs-5-and-6/pre-exposure/bumblebox-18_2026-02-22_18_00_04.mp4,/tmp/bumblebox_hourly_primary_mc1_8_explicit_links/MCs-5-and-6/pre/2026-02-22/bumblebox-18_2026-02-22_18_00_04.mp4,base_hourly,original hourly round-robin selection
411,19,pre,true,MCs-5-and-6,5;6,,2026-02-22,augmented_pre_exposure,18,10,augmented_extra,augmented,bumblebox-18_2026-02-22_18_10_03,bumblebox-18,/media/august/AutoPolls9/dose-curve-pesticide-data/MCs-5-and-6/pre-exposure/bumblebox-18_2026-02-22_18_10_03.mp4,,pre_fill_to_24_if_possible,fill MCs-5-and-6 pre from 4 toward 22 using non-hourly pre videos
412,19,pre,true,MCs-5-and-6,5;6,,2026-02-22,augmented_pre_exposure,18,20,augmented_extra,augmented,bumblebox-18_2026-02-22_18_20_03,bumblebox-18,/media/august/AutoPolls9/dose-curve-pesticide-data/MCs-5-and-6/pre-exposure/bumblebox-18_2026-02-22_18_20_03.mp4,,pre_fill_to_24_if_possible,fill MCs-5-and-6 pre from 4 toward 22 using non-hourly pre videos
413,19,pre,true,MCs-5-and-6,5;6,,2026-02-22,augmented_pre_exposure,18,30,augmented_extra,augmented,bumblebox-18_2026-02-22_18_30_05,bumblebox-18,/media/august/AutoPolls9/dose-curve-pesticide-data/MCs-5-and-6/pre-exposure/bumblebox-18_2026-02-22_18_30_05.mp4,,pre_fill_to_24_if_possible,fill MCs-5-and-6 pre from 4 toward 22 using non-hourly pre videos
414,19,pre,true,MCs-5-and-6,5;6,,2026-02-22,augmented_pre_exposure,18,40,augmented_extra,augmented,bumblebox-18_2026-02-22_18_40_03,bumblebox-18,/media/august/AutoPolls9/dose-curve-pesticide-data/MCs-5-and-6/pre-exposure/bumblebox-18_2026-02-22_18_40_03.mp4,,pre_fill_to_24_if_possible,fill MCs-5-and-6 pre from 4 toward 22 using non-hourly pre videos
415,19,pre,true,MCs-5-and-6,5;6,,2026-02-22,augmented_pre_exposure,18,50,augmented_extra,augmented,bumblebox-18_2026-02-22_18_50_03,bumblebox-18,/media/august/AutoPolls9/dose-curve-pesticide-data/MCs-5-and-6/pre-exposure/bumblebox-18_2026-02-22_18_50_03.mp4,,pre_fill_to_24_if_possible,fill MCs-5-and-6 pre from 4 toward 22 using non-hourly pre videos
416,19,post,true,MCs-5-and-6,5;6,2026-02-23,2026-02-26,post_exposure_folder,18,00,exact_hh00,full_24_hours,bumblebox-18_2026-02-26_18_00_04,bumblebox-18,/media/august/AutoPolls9/dose-curve-pesticide-data/MCs-5-and-6/post-exposure/bumblebox-18_2026-02-26_18_00_04.mp4,/tmp/bumblebox_hourly_primary_mc1_8_explicit_links/MCs-5-and-6/post/2026-02-26/bumblebox-18_2026-02-26_18_00_04.mp4,base_hourly,original hourly round-robin selection
417,19,pre,true,MCs-7-and-8,7;8,2026-02-23,2026-02-22,pre_exposure_folder,18,00,exact_hh00,partial_day,bumblebox-15_2026-02-22_18_00_03,bumblebox-15,/media/august/AutoPolls9/dose-curve-pesticide-data/MCs-7-and-8/pre-exposure/bumblebox-15_2026-02-22_18_00_03.mp4,/tmp/bumblebox_hourly_primary_mc1_8_explicit_links/MCs-7-and-8/pre/2026-02-22/bumblebox-15_2026-02-22_18_00_03.mp4,base_hourly,original hourly round-robin selection
418,19,pre,true,MCs-7-and-8,7;8,,2026-02-22,augmented_pre_exposure,18,20,augmented_extra,augmented,bumblebox-15_2026-02-22_18_20_03,bumblebox-15,/media/august/AutoPolls9/dose-curve-pesticide-data/MCs-7-and-8/pre-exposure/bumblebox-15_2026-02-22_18_20_03.mp4,,pre_fill_to_24_if_possible,fill MCs-7-and-8 pre from 7 toward 24 using non-hourly pre videos
419,19,pre,true,MCs-7-and-8,7;8,,2026-02-22,augmented_pre_exposure,18,40,augmented_extra,augmented,bumblebox-15_2026-02-22_18_40_03,bumblebox-15,/media/august/AutoPolls9/dose-curve-pesticide-data/MCs-7-and-8/pre-exposure/bumblebox-15_2026-02-22_18_40_03.mp4,,pre_fill_to_24_if_possible,fill MCs-7-and-8 pre from 7 toward 24 using non-hourly pre videos
420,19,post,true,MCs-7-and-8,7;8,2026-02-23,2026-02-26,post_exposure_folder,18,00,exact_hh00,full_24_hours,bumblebox-15_2026-02-26_18_00_03,bumblebox-15,/media/august/AutoPolls9/dose-curve-pesticide-data/MCs-7-and-8/post-exposure/bumblebox-15_2026-02-26_18_00_03.mp4,/tmp/bumblebox_hourly_primary_mc1_8_explicit_links/MCs-7-and-8/post/2026-02-26/bumblebox-15_2026-02-26_18_00_03.mp4,base_hourly,original hourly round-robin selection
421,19,pre,true,MCs-9-and-10,9;10,2026-03-02,2026-03-01,pre_dose_d_minus_1,18,00,exact_hh00,full_24_hours,bumblebox-07_2026-03-01_18_00_03,bumblebox-07,/media/august/Expansion/Behavioral-Entropy-Pesticide-Dosing-Exps/MCs-9-and-10/2026-03-01/bumblebox-07_2026-03-01_18_00_03.mp4,/tmp/bumblebox_hourly_primary_mc9_24_links/MCs-9-and-10/2026-03-01/bumblebox-07_2026-03-01_18_00_03.mp4,base_hourly,original hourly round-robin selection
422,19,post,true,MCs-9-and-10,9;10,2026-03-02,2026-03-05,post_dose_d_plus_3,18,00,exact_hh00,full_24_hours,bumblebox-07_2026-03-05_18_00_03,bumblebox-07,/media/august/Expansion/Behavioral-Entropy-Pesticide-Dosing-Exps/MCs-9-and-10/2026-03-05/bumblebox-07_2026-03-05_18_00_03.mp4,/tmp/bumblebox_hourly_primary_mc9_24_links/MCs-9-and-10/2026-03-05/bumblebox-07_2026-03-05_18_00_03.mp4,base_hourly,original hourly round-robin selection
423,19,post,true,MCs-11-and-12,11;12,2026-03-02,2026-03-05,post_dose_d_plus_3,18,00,exact_hh00,partial_day,bumblebox-19_2026-03-05_18_00_04,bumblebox-19,/media/august/Expansion/Behavioral-Entropy-Pesticide-Dosing-Exps/MCs-11-and-12/2026-03-05/bumblebox-19_2026-03-05_18_00_04.mp4,/tmp/bumblebox_hourly_primary_mc9_24_links/MCs-11-and-12/2026-03-05/bumblebox-19_2026-03-05_18_00_04.mp4,base_hourly,original hourly round-robin selection
424,19,pre,true,MCs-13-and-14,13;14,2026-03-02,2026-03-01,pre_dose_d_minus_1,18,00,exact_hh00,full_24_hours,bumblebox-18_2026-03-01_18_00_04,bumblebox-18,/media/august/Expansion/Behavioral-Entropy-Pesticide-Dosing-Exps/MCs-13-and-14/2026-03-01/bumblebox-18_2026-03-01_18_00_04.mp4,/tmp/bumblebox_hourly_primary_mc9_24_links/MCs-13-and-14/2026-03-01/bumblebox-18_2026-03-01_18_00_04.mp4,base_hourly,original hourly round-robin selection
425,19,pre,true,MCs-13-and-14,13;14,,2026-03-01,augmented_pre_exposure,18,30,augmented_extra,augmented,bumblebox-18_2026-03-01_18_30_04,bumblebox-18,/media/august/Expansion/Behavioral-Entropy-Pesticide-Dosing-Exps/MCs-13-and-14/2026-03-01/bumblebox-18_2026-03-01_18_30_04.mp4,,blur_compensation_0.5ppb,extra pre videos for MC14 to compensate blurry MC1 0.5ppb
426,19,post,true,MCs-13-and-14,13;14,2026-03-02,2026-03-05,post_dose_d_plus_3,18,00,exact_hh00,full_24_hours,bumblebox-18_2026-03-05_18_00_03,bumblebox-18,/media/august/Expansion/Behavioral-Entropy-Pesticide-Dosing-Exps/MCs-13-and-14/2026-03-05/bumblebox-18_2026-03-05_18_00_03.mp4,/tmp/bumblebox_hourly_primary_mc9_24_links/MCs-13-and-14/2026-03-05/bumblebox-18_2026-03-05_18_00_03.mp4,base_hourly,original hourly round-robin selection
427,19,post,true,MCs-15-and-16,15;16,2026-03-02,2026-03-05,post_dose_d_plus_3,18,00,exact_hh00,full_24_hours,bumblebox-15_2026-03-05_18_00_03,bumblebox-15,/media/august/Expansion/Behavioral-Entropy-Pesticide-Dosing-Exps/MCs-15-and-16/2026-03-05/bumblebox-15_2026-03-05_18_00_03.mp4,/tmp/bumblebox_hourly_primary_mc9_24_links/MCs-15-and-16/2026-03-05/bumblebox-15_2026-03-05_18_00_03.mp4,base_hourly,original hourly round-robin selection
428,19,pre,true,MCs-17-and-18,17;18,2026-03-16,2026-03-15,pre_dose_d_minus_1,18,00,exact_hh00,full_24_hours,bumblebox-9_2026-03-15_18_00_04,bumblebox-9,/media/august/Expansion/Behavioral-Entropy-Pesticide-Dosing-Exps/MCs-17-and-18/2026-03-15/bumblebox-9_2026-03-15_18_00_04.mp4,/tmp/bumblebox_hourly_primary_mc9_24_links/MCs-17-and-18/2026-03-15/bumblebox-9_2026-03-15_18_00_04.mp4,base_hourly,original hourly round-robin selection
429,19,pre,true,MCs-17-and-18,17;18,,2026-03-15,augmented_pre_exposure,18,30,augmented_extra,augmented,bumblebox-9_2026-03-15_18_30_02,bumblebox-9,/media/august/Expansion/Behavioral-Entropy-Pesticide-Dosing-Exps/MCs-17-and-18/2026-03-15/bumblebox-9_2026-03-15_18_30_02.mp4,,blur_compensation_10ppb,all available extra pre videos for MC17 to compensate blurry MC2 10ppb; MC16 has no pre source videos
430,19,post,true,MCs-17-and-18,17;18,2026-03-16,2026-03-19,post_dose_d_plus_3,18,00,exact_hh00,full_24_hours,bumblebox-9_2026-03-19_18_00_04,bumblebox-9,/media/august/Expansion/Behavioral-Entropy-Pesticide-Dosing-Exps/MCs-17-and-18/2026-03-19/bumblebox-9_2026-03-19_18_00_04.mp4,/tmp/bumblebox_hourly_primary_mc9_24_links/MCs-17-and-18/2026-03-19/bumblebox-9_2026-03-19_18_00_04.mp4,base_hourly,original hourly round-robin selection
431,19,pre,true,MCs-19-and-20,19;20,2026-03-16,2026-03-15,pre_dose_d_minus_1,18,00,exact_hh00,full_24_hours,bumblebox-19_2026-03-15_18_00_05,bumblebox-19,/media/august/Expansion/Behavioral-Entropy-Pesticide-Dosing-Exps/MCs-19-and-20/2026-03-15/bumblebox-19_2026-03-15_18_00_05.mp4,/tmp/bumblebox_hourly_primary_mc9_24_links/MCs-19-and-20/2026-03-15/bumblebox-19_2026-03-15_18_00_05.mp4,base_hourly,original hourly round-robin selection
432,19,post,true,MCs-19-and-20,19;20,2026-03-16,2026-03-19,post_dose_d_plus_3,18,00,exact_hh00,full_24_hours,bumblebox-19_2026-03-19_18_00_03,bumblebox-19,/media/august/Expansion/Behavioral-Entropy-Pesticide-Dosing-Exps/MCs-19-and-20/2026-03-19/bumblebox-19_2026-03-19_18_00_03.mp4,/tmp/bumblebox_hourly_primary_mc9_24_links/MCs-19-and-20/2026-03-19/bumblebox-19_2026-03-19_18_00_03.mp4,base_hourly,original hourly round-robin selection
433,19,pre,true,MCs-21-and-22,21;22,2026-03-16,2026-03-15,pre_dose_d_minus_1,18,00,exact_hh00,full_24_hours,bumblebox-18_2026-03-15_18_00_04,bumblebox-18,/media/august/Expansion/Behavioral-Entropy-Pesticide-Dosing-Exps/MCs-21-and-22/2026-03-15/bumblebox-18_2026-03-15_18_00_04.mp4,/tmp/bumblebox_hourly_primary_mc9_24_links/MCs-21-and-22/2026-03-15/bumblebox-18_2026-03-15_18_00_04.mp4,base_hourly,original hourly round-robin selection
434,19,pre,true,MCs-21-and-22,21;22,,2026-03-15,augmented_pre_exposure,18,30,augmented_extra,augmented,bumblebox-18_2026-03-15_18_30_04,bumblebox-18,/media/august/Expansion/Behavioral-Entropy-Pesticide-Dosing-Exps/MCs-21-and-22/2026-03-15/bumblebox-18_2026-03-15_18_30_04.mp4,,blur_compensation_0.5ppb,extra pre videos for MC21 to compensate blurry MC1 0.5ppb
435,19,post,true,MCs-21-and-22,21;22,2026-03-16,2026-03-18,post_dose_d_plus_2_substitute,18,00,exact_hh00,full_24_hours,bumblebox-18_2026-03-18_18_00_04,bumblebox-18,/media/august/Expansion/Behavioral-Entropy-Pesticide-Dosing-Exps/MCs-21-and-22/2026-03-18/bumblebox-18_2026-03-18_18_00_04.mp4,/tmp/bumblebox_hourly_primary_mc9_24_links/MCs-21-and-22/2026-03-18/bumblebox-18_2026-03-18_18_00_04.mp4,base_hourly,original hourly round-robin selection
436,19,pre,true,MCs-23-and-24,23;24,2026-03-16,2026-03-15,pre_dose_d_minus_1,18,00,exact_hh00,full_24_hours,bumblebox-15_2026-03-15_18_00_03,bumblebox-15,/media/august/Expansion/Behavioral-Entropy-Pesticide-Dosing-Exps/MCs-23-and-24/2026-03-15/bumblebox-15_2026-03-15_18_00_03.mp4,/tmp/bumblebox_hourly_primary_mc9_24_links/MCs-23-and-24/2026-03-15/bumblebox-15_2026-03-15_18_00_03.mp4,base_hourly,original hourly round-robin selection
437,19,post,true,MCs-23-and-24,23;24,2026-03-16,2026-03-19,post_dose_d_plus_3,18,00,exact_hh00,full_24_hours,bumblebox-15_2026-03-19_18_00_03,bumblebox-15,/media/august/Expansion/Behavioral-Entropy-Pesticide-Dosing-Exps/MCs-23-and-24/2026-03-19/bumblebox-15_2026-03-19_18_00_03.mp4,/tmp/bumblebox_hourly_primary_mc9_24_links/MCs-23-and-24/2026-03-19/bumblebox-15_2026-03-19_18_00_03.mp4,base_hourly,original hourly round-robin selection
438,20,pre,true,MCs-1-and-2,1;2,2026-02-23,2026-02-22,pre_exposure_folder,19,00,exact_hh00,partial_day,bumblebox-19_2026-02-22_19_00_03,bumblebox-19,/media/august/AutoPolls9/dose-curve-pesticide-data/MCs-1-and-2/pre-exposure/bumblebox-19_2026-02-22_19_00_03.mp4,/tmp/bumblebox_hourly_primary_mc1_8_explicit_links/MCs-1-and-2/pre/2026-02-22/bumblebox-19_2026-02-22_19_00_03.mp4,base_hourly,original hourly round-robin selection
439,20,pre,true,MCs-1-and-2,1;2,,2026-02-22,augmented_pre_exposure,19,30,augmented_extra,augmented,bumblebox-19_2026-02-22_19_30_05,bumblebox-19,/media/august/AutoPolls9/dose-curve-pesticide-data/MCs-1-and-2/pre-exposure/bumblebox-19_2026-02-22_19_30_05.mp4,,pre_fill_to_24_if_possible,fill MCs-1-and-2 pre from 16 toward 24 using non-hourly pre videos
440,20,post,true,MCs-1-and-2,1;2,2026-02-23,2026-02-26,post_exposure_folder,19,00,exact_hh00,full_24_hours,bumblebox-19_2026-02-26_19_00_04,bumblebox-19,/media/august/AutoPolls9/dose-curve-pesticide-data/MCs-1-and-2/post-exposure/bumblebox-19_2026-02-26_19_00_04.mp4,/tmp/bumblebox_hourly_primary_mc1_8_explicit_links/MCs-1-and-2/post/2026-02-26/bumblebox-19_2026-02-26_19_00_04.mp4,base_hourly,original hourly round-robin selection
441,20,pre,true,MCs-3-and-4,3;4,2026-02-23,2026-02-22,pre_exposure_folder,19,00,exact_hh00,full_24_hours,bumblebox-07_2026-02-22_19_00_03,bumblebox-07,/media/august/AutoPolls9/dose-curve-pesticide-data/MCs-3-and-4/pre-exposure/bumblebox-07_2026-02-22_19_00_03.mp4,/tmp/bumblebox_hourly_primary_mc1_8_explicit_links/MCs-3-and-4/pre/2026-02-22/bumblebox-07_2026-02-22_19_00_03.mp4,base_hourly,original hourly round-robin selection
442,20,post,true,MCs-3-and-4,3;4,2026-02-23,2026-02-26,post_exposure_folder,19,00,exact_hh00,full_24_hours,bumblebox-07_2026-02-26_19_00_03,bumblebox-07,/media/august/AutoPolls9/dose-curve-pesticide-data/MCs-3-and-4/post-exposure/bumblebox-07_2026-02-26_19_00_03.mp4,/tmp/bumblebox_hourly_primary_mc1_8_explicit_links/MCs-3-and-4/post/2026-02-26/bumblebox-07_2026-02-26_19_00_03.mp4,base_hourly,original hourly round-robin selection
443,20,pre,true,MCs-5-and-6,5;6,2026-02-23,2026-02-22,pre_exposure_folder,19,00,exact_hh00,partial_day,bumblebox-18_2026-02-22_19_00_03,bumblebox-18,/media/august/AutoPolls9/dose-curve-pesticide-data/MCs-5-and-6/pre-exposure/bumblebox-18_2026-02-22_19_00_03.mp4,/tmp/bumblebox_hourly_primary_mc1_8_explicit_links/MCs-5-and-6/pre/2026-02-22/bumblebox-18_2026-02-22_19_00_03.mp4,base_hourly,original hourly round-robin selection
444,20,pre,true,MCs-5-and-6,5;6,,2026-02-22,augmented_pre_exposure,19,10,augmented_extra,augmented,bumblebox-18_2026-02-22_19_10_03,bumblebox-18,/media/august/AutoPolls9/dose-curve-pesticide-data/MCs-5-and-6/pre-exposure/bumblebox-18_2026-02-22_19_10_03.mp4,,pre_fill_to_24_if_possible,fill MCs-5-and-6 pre from 4 toward 22 using non-hourly pre videos
445,20,pre,true,MCs-5-and-6,5;6,,2026-02-22,augmented_pre_exposure,19,20,augmented_extra,augmented,bumblebox-18_2026-02-22_19_20_03,bumblebox-18,/media/august/AutoPolls9/dose-curve-pesticide-data/MCs-5-and-6/pre-exposure/bumblebox-18_2026-02-22_19_20_03.mp4,,pre_fill_to_24_if_possible,fill MCs-5-and-6 pre from 4 toward 22 using non-hourly pre videos
446,20,pre,true,MCs-5-and-6,5;6,,2026-02-22,augmented_pre_exposure,19,30,augmented_extra,augmented,bumblebox-18_2026-02-22_19_30_03,bumblebox-18,/media/august/AutoPolls9/dose-curve-pesticide-data/MCs-5-and-6/pre-exposure/bumblebox-18_2026-02-22_19_30_03.mp4,,pre_fill_to_24_if_possible,fill MCs-5-and-6 pre from 4 toward 22 using non-hourly pre videos
447,20,pre,true,MCs-5-and-6,5;6,,2026-02-22,augmented_pre_exposure,19,40,augmented_extra,augmented,bumblebox-18_2026-02-22_19_40_06,bumblebox-18,/media/august/AutoPolls9/dose-curve-pesticide-data/MCs-5-and-6/pre-exposure/bumblebox-18_2026-02-22_19_40_06.mp4,,pre_fill_to_24_if_possible,fill MCs-5-and-6 pre from 4 toward 22 using non-hourly pre videos
448,20,pre,true,MCs-5-and-6,5;6,,2026-02-22,augmented_pre_exposure,19,50,augmented_extra,augmented,bumblebox-18_2026-02-22_19_50_03,bumblebox-18,/media/august/AutoPolls9/dose-curve-pesticide-data/MCs-5-and-6/pre-exposure/bumblebox-18_2026-02-22_19_50_03.mp4,,pre_fill_to_24_if_possible,fill MCs-5-and-6 pre from 4 toward 22 using non-hourly pre videos
449,20,post,true,MCs-5-and-6,5;6,2026-02-23,2026-02-26,post_exposure_folder,19,00,exact_hh00,full_24_hours,bumblebox-18_2026-02-26_19_00_04,bumblebox-18,/media/august/AutoPolls9/dose-curve-pesticide-data/MCs-5-and-6/post-exposure/bumblebox-18_2026-02-26_19_00_04.mp4,/tmp/bumblebox_hourly_primary_mc1_8_explicit_links/MCs-5-and-6/post/2026-02-26/bumblebox-18_2026-02-26_19_00_04.mp4,base_hourly,original hourly round-robin selection
450,20,pre,true,MCs-7-and-8,7;8,2026-02-23,2026-02-22,pre_exposure_folder,19,00,exact_hh00,partial_day,bumblebox-15_2026-02-22_19_00_03,bumblebox-15,/media/august/AutoPolls9/dose-curve-pesticide-data/MCs-7-and-8/pre-exposure/bumblebox-15_2026-02-22_19_00_03.mp4,/tmp/bumblebox_hourly_primary_mc1_8_explicit_links/MCs-7-and-8/pre/2026-02-22/bumblebox-15_2026-02-22_19_00_03.mp4,base_hourly,original hourly round-robin selection
451,20,pre,true,MCs-7-and-8,7;8,,2026-02-22,augmented_pre_exposure,19,10,augmented_extra,augmented,bumblebox-15_2026-02-22_19_10_02,bumblebox-15,/media/august/AutoPolls9/dose-curve-pesticide-data/MCs-7-and-8/pre-exposure/bumblebox-15_2026-02-22_19_10_02.mp4,,pre_fill_to_24_if_possible,fill MCs-7-and-8 pre from 7 toward 24 using non-hourly pre videos
452,20,pre,true,MCs-7-and-8,7;8,,2026-02-22,augmented_pre_exposure,19,30,augmented_extra,augmented,bumblebox-15_2026-02-22_19_30_03,bumblebox-15,/media/august/AutoPolls9/dose-curve-pesticide-data/MCs-7-and-8/pre-exposure/bumblebox-15_2026-02-22_19_30_03.mp4,,pre_fill_to_24_if_possible,fill MCs-7-and-8 pre from 7 toward 24 using non-hourly pre videos
453,20,pre,true,MCs-7-and-8,7;8,,2026-02-22,augmented_pre_exposure,19,50,augmented_extra,augmented,bumblebox-15_2026-02-22_19_50_03,bumblebox-15,/media/august/AutoPolls9/dose-curve-pesticide-data/MCs-7-and-8/pre-exposure/bumblebox-15_2026-02-22_19_50_03.mp4,,pre_fill_to_24_if_possible,fill MCs-7-and-8 pre from 7 toward 24 using non-hourly pre videos
454,20,post,true,MCs-7-and-8,7;8,2026-02-23,2026-02-26,post_exposure_folder,19,00,exact_hh00,full_24_hours,bumblebox-15_2026-02-26_19_00_03,bumblebox-15,/media/august/AutoPolls9/dose-curve-pesticide-data/MCs-7-and-8/post-exposure/bumblebox-15_2026-02-26_19_00_03.mp4,/tmp/bumblebox_hourly_primary_mc1_8_explicit_links/MCs-7-and-8/post/2026-02-26/bumblebox-15_2026-02-26_19_00_03.mp4,base_hourly,original hourly round-robin selection
455,20,pre,true,MCs-9-and-10,9;10,2026-03-02,2026-03-01,pre_dose_d_minus_1,19,00,exact_hh00,full_24_hours,bumblebox-07_2026-03-01_19_00_03,bumblebox-07,/media/august/Expansion/Behavioral-Entropy-Pesticide-Dosing-Exps/MCs-9-and-10/2026-03-01/bumblebox-07_2026-03-01_19_00_03.mp4,/tmp/bumblebox_hourly_primary_mc9_24_links/MCs-9-and-10/2026-03-01/bumblebox-07_2026-03-01_19_00_03.mp4,base_hourly,original hourly round-robin selection
456,20,post,true,MCs-9-and-10,9;10,2026-03-02,2026-03-05,post_dose_d_plus_3,19,00,exact_hh00,full_24_hours,bumblebox-07_2026-03-05_19_00_03,bumblebox-07,/media/august/Expansion/Behavioral-Entropy-Pesticide-Dosing-Exps/MCs-9-and-10/2026-03-05/bumblebox-07_2026-03-05_19_00_03.mp4,/tmp/bumblebox_hourly_primary_mc9_24_links/MCs-9-and-10/2026-03-05/bumblebox-07_2026-03-05_19_00_03.mp4,base_hourly,original hourly round-robin selection
457,20,post,true,MCs-11-and-12,11;12,2026-03-02,2026-03-05,post_dose_d_plus_3,19,00,exact_hh00,partial_day,bumblebox-19_2026-03-05_19_00_03,bumblebox-19,/media/august/Expansion/Behavioral-Entropy-Pesticide-Dosing-Exps/MCs-11-and-12/2026-03-05/bumblebox-19_2026-03-05_19_00_03.mp4,/tmp/bumblebox_hourly_primary_mc9_24_links/MCs-11-and-12/2026-03-05/bumblebox-19_2026-03-05_19_00_03.mp4,base_hourly,original hourly round-robin selection
458,20,pre,true,MCs-13-and-14,13;14,2026-03-02,2026-03-01,pre_dose_d_minus_1,19,00,exact_hh00,full_24_hours,bumblebox-18_2026-03-01_19_00_03,bumblebox-18,/media/august/Expansion/Behavioral-Entropy-Pesticide-Dosing-Exps/MCs-13-and-14/2026-03-01/bumblebox-18_2026-03-01_19_00_03.mp4,/tmp/bumblebox_hourly_primary_mc9_24_links/MCs-13-and-14/2026-03-01/bumblebox-18_2026-03-01_19_00_03.mp4,base_hourly,original hourly round-robin selection
459,20,post,true,MCs-13-and-14,13;14,2026-03-02,2026-03-05,post_dose_d_plus_3,19,00,exact_hh00,full_24_hours,bumblebox-18_2026-03-05_19_00_04,bumblebox-18,/media/august/Expansion/Behavioral-Entropy-Pesticide-Dosing-Exps/MCs-13-and-14/2026-03-05/bumblebox-18_2026-03-05_19_00_04.mp4,/tmp/bumblebox_hourly_primary_mc9_24_links/MCs-13-and-14/2026-03-05/bumblebox-18_2026-03-05_19_00_04.mp4,base_hourly,original hourly round-robin selection
460,20,post,true,MCs-15-and-16,15;16,2026-03-02,2026-03-05,post_dose_d_plus_3,19,00,exact_hh00,full_24_hours,bumblebox-15_2026-03-05_19_00_04,bumblebox-15,/media/august/Expansion/Behavioral-Entropy-Pesticide-Dosing-Exps/MCs-15-and-16/2026-03-05/bumblebox-15_2026-03-05_19_00_04.mp4,/tmp/bumblebox_hourly_primary_mc9_24_links/MCs-15-and-16/2026-03-05/bumblebox-15_2026-03-05_19_00_04.mp4,base_hourly,original hourly round-robin selection
461,20,pre,true,MCs-17-and-18,17;18,2026-03-16,2026-03-15,pre_dose_d_minus_1,19,00,exact_hh00,full_24_hours,bumblebox-9_2026-03-15_19_00_03,bumblebox-9,/media/august/Expansion/Behavioral-Entropy-Pesticide-Dosing-Exps/MCs-17-and-18/2026-03-15/bumblebox-9_2026-03-15_19_00_03.mp4,/tmp/bumblebox_hourly_primary_mc9_24_links/MCs-17-and-18/2026-03-15/bumblebox-9_2026-03-15_19_00_03.mp4,base_hourly,original hourly round-robin selection
462,20,pre,true,MCs-17-and-18,17;18,,2026-03-15,augmented_pre_exposure,19,30,augmented_extra,augmented,bumblebox-9_2026-03-15_19_30_03,bumblebox-9,/media/august/Expansion/Behavioral-Entropy-Pesticide-Dosing-Exps/MCs-17-and-18/2026-03-15/bumblebox-9_2026-03-15_19_30_03.mp4,,blur_compensation_10ppb,all available extra pre videos for MC17 to compensate blurry MC2 10ppb; MC16 has no pre source videos
463,20,post,true,MCs-17-and-18,17;18,2026-03-16,2026-03-19,post_dose_d_plus_3,19,00,exact_hh00,full_24_hours,bumblebox-9_2026-03-19_19_00_04,bumblebox-9,/media/august/Expansion/Behavioral-Entropy-Pesticide-Dosing-Exps/MCs-17-and-18/2026-03-19/bumblebox-9_2026-03-19_19_00_04.mp4,/tmp/bumblebox_hourly_primary_mc9_24_links/MCs-17-and-18/2026-03-19/bumblebox-9_2026-03-19_19_00_04.mp4,base_hourly,original hourly round-robin selection
464,20,pre,true,MCs-19-and-20,19;20,2026-03-16,2026-03-15,pre_dose_d_minus_1,19,00,exact_hh00,full_24_hours,bumblebox-19_2026-03-15_19_00_05,bumblebox-19,/media/august/Expansion/Behavioral-Entropy-Pesticide-Dosing-Exps/MCs-19-and-20/2026-03-15/bumblebox-19_2026-03-15_19_00_05.mp4,/tmp/bumblebox_hourly_primary_mc9_24_links/MCs-19-and-20/2026-03-15/bumblebox-19_2026-03-15_19_00_05.mp4,base_hourly,original hourly round-robin selection
465,20,post,true,MCs-19-and-20,19;20,2026-03-16,2026-03-19,post_dose_d_plus_3,19,00,exact_hh00,full_24_hours,bumblebox-19_2026-03-19_19_00_06,bumblebox-19,/media/august/Expansion/Behavioral-Entropy-Pesticide-Dosing-Exps/MCs-19-and-20/2026-03-19/bumblebox-19_2026-03-19_19_00_06.mp4,/tmp/bumblebox_hourly_primary_mc9_24_links/MCs-19-and-20/2026-03-19/bumblebox-19_2026-03-19_19_00_06.mp4,base_hourly,original hourly round-robin selection
466,20,pre,true,MCs-21-and-22,21;22,2026-03-16,2026-03-15,pre_dose_d_minus_1,19,00,exact_hh00,full_24_hours,bumblebox-18_2026-03-15_19_00_04,bumblebox-18,/media/august/Expansion/Behavioral-Entropy-Pesticide-Dosing-Exps/MCs-21-and-22/2026-03-15/bumblebox-18_2026-03-15_19_00_04.mp4,/tmp/bumblebox_hourly_primary_mc9_24_links/MCs-21-and-22/2026-03-15/bumblebox-18_2026-03-15_19_00_04.mp4,base_hourly,original hourly round-robin selection
467,20,post,true,MCs-21-and-22,21;22,2026-03-16,2026-03-18,post_dose_d_plus_2_substitute,19,00,exact_hh00,full_24_hours,bumblebox-18_2026-03-18_19_00_03,bumblebox-18,/media/august/Expansion/Behavioral-Entropy-Pesticide-Dosing-Exps/MCs-21-and-22/2026-03-18/bumblebox-18_2026-03-18_19_00_03.mp4,/tmp/bumblebox_hourly_primary_mc9_24_links/MCs-21-and-22/2026-03-18/bumblebox-18_2026-03-18_19_00_03.mp4,base_hourly,original hourly round-robin selection
468,20,pre,true,MCs-23-and-24,23;24,2026-03-16,2026-03-15,pre_dose_d_minus_1,19,00,exact_hh00,full_24_hours,bumblebox-15_2026-03-15_19_00_03,bumblebox-15,/media/august/Expansion/Behavioral-Entropy-Pesticide-Dosing-Exps/MCs-23-and-24/2026-03-15/bumblebox-15_2026-03-15_19_00_03.mp4,/tmp/bumblebox_hourly_primary_mc9_24_links/MCs-23-and-24/2026-03-15/bumblebox-15_2026-03-15_19_00_03.mp4,base_hourly,original hourly round-robin selection
469,20,post,true,MCs-23-and-24,23;24,2026-03-16,2026-03-19,post_dose_d_plus_3,19,00,exact_hh00,full_24_hours,bumblebox-15_2026-03-19_19_00_03,bumblebox-15,/media/august/Expansion/Behavioral-Entropy-Pesticide-Dosing-Exps/MCs-23-and-24/2026-03-19/bumblebox-15_2026-03-19_19_00_03.mp4,/tmp/bumblebox_hourly_primary_mc9_24_links/MCs-23-and-24/2026-03-19/bumblebox-15_2026-03-19_19_00_03.mp4,base_hourly,original hourly round-robin selection
470,21,pre,true,MCs-1-and-2,1;2,2026-02-23,2026-02-22,pre_exposure_folder,20,00,exact_hh00,partial_day,bumblebox-19_2026-02-22_20_00_03,bumblebox-19,/media/august/AutoPolls9/dose-curve-pesticide-data/MCs-1-and-2/pre-exposure/bumblebox-19_2026-02-22_20_00_03.mp4,/tmp/bumblebox_hourly_primary_mc1_8_explicit_links/MCs-1-and-2/pre/2026-02-22/bumblebox-19_2026-02-22_20_00_03.mp4,base_hourly,original hourly round-robin selection
471,21,post,true,MCs-1-and-2,1;2,2026-02-23,2026-02-26,post_exposure_folder,20,00,exact_hh00,full_24_hours,bumblebox-19_2026-02-26_20_00_05,bumblebox-19,/media/august/AutoPolls9/dose-curve-pesticide-data/MCs-1-and-2/post-exposure/bumblebox-19_2026-02-26_20_00_05.mp4,/tmp/bumblebox_hourly_primary_mc1_8_explicit_links/MCs-1-and-2/post/2026-02-26/bumblebox-19_2026-02-26_20_00_05.mp4,base_hourly,original hourly round-robin selection
472,21,pre,true,MCs-3-and-4,3;4,2026-02-23,2026-02-22,pre_exposure_folder,20,00,exact_hh00,full_24_hours,bumblebox-07_2026-02-22_20_00_03,bumblebox-07,/media/august/AutoPolls9/dose-curve-pesticide-data/MCs-3-and-4/pre-exposure/bumblebox-07_2026-02-22_20_00_03.mp4,/tmp/bumblebox_hourly_primary_mc1_8_explicit_links/MCs-3-and-4/pre/2026-02-22/bumblebox-07_2026-02-22_20_00_03.mp4,base_hourly,original hourly round-robin selection
473,21,post,true,MCs-3-and-4,3;4,2026-02-23,2026-02-26,post_exposure_folder,20,00,exact_hh00,full_24_hours,bumblebox-07_2026-02-26_20_00_03,bumblebox-07,/media/august/AutoPolls9/dose-curve-pesticide-data/MCs-3-and-4/post-exposure/bumblebox-07_2026-02-26_20_00_03.mp4,/tmp/bumblebox_hourly_primary_mc1_8_explicit_links/MCs-3-and-4/post/2026-02-26/bumblebox-07_2026-02-26_20_00_03.mp4,base_hourly,original hourly round-robin selection
474,21,pre,true,MCs-5-and-6,5;6,2026-02-23,2026-02-22,pre_exposure_folder,20,00,exact_hh00,partial_day,bumblebox-18_2026-02-22_20_00_03,bumblebox-18,/media/august/AutoPolls9/dose-curve-pesticide-data/MCs-5-and-6/pre-exposure/bumblebox-18_2026-02-22_20_00_03.mp4,/tmp/bumblebox_hourly_primary_mc1_8_explicit_links/MCs-5-and-6/pre/2026-02-22/bumblebox-18_2026-02-22_20_00_03.mp4,base_hourly,original hourly round-robin selection
475,21,pre,true,MCs-5-and-6,5;6,,2026-02-22,augmented_pre_exposure,20,10,augmented_extra,augmented,bumblebox-18_2026-02-22_20_10_03,bumblebox-18,/media/august/AutoPolls9/dose-curve-pesticide-data/MCs-5-and-6/pre-exposure/bumblebox-18_2026-02-22_20_10_03.mp4,,pre_fill_to_24_if_possible,fill MCs-5-and-6 pre from 4 toward 22 using non-hourly pre videos
476,21,pre,true,MCs-5-and-6,5;6,,2026-02-22,augmented_pre_exposure,20,20,augmented_extra,augmented,bumblebox-18_2026-02-22_20_20_03,bumblebox-18,/media/august/AutoPolls9/dose-curve-pesticide-data/MCs-5-and-6/pre-exposure/bumblebox-18_2026-02-22_20_20_03.mp4,,pre_fill_to_24_if_possible,fill MCs-5-and-6 pre from 4 toward 22 using non-hourly pre videos
477,21,post,true,MCs-5-and-6,5;6,2026-02-23,2026-02-26,post_exposure_folder,20,00,exact_hh00,full_24_hours,bumblebox-18_2026-02-26_20_00_04,bumblebox-18,/media/august/AutoPolls9/dose-curve-pesticide-data/MCs-5-and-6/post-exposure/bumblebox-18_2026-02-26_20_00_04.mp4,/tmp/bumblebox_hourly_primary_mc1_8_explicit_links/MCs-5-and-6/post/2026-02-26/bumblebox-18_2026-02-26_20_00_04.mp4,base_hourly,original hourly round-robin selection
478,21,pre,true,MCs-7-and-8,7;8,2026-02-23,2026-02-22,pre_exposure_folder,20,00,exact_hh00,partial_day,bumblebox-15_2026-02-22_20_00_03,bumblebox-15,/media/august/AutoPolls9/dose-curve-pesticide-data/MCs-7-and-8/pre-exposure/bumblebox-15_2026-02-22_20_00_03.mp4,/tmp/bumblebox_hourly_primary_mc1_8_explicit_links/MCs-7-and-8/pre/2026-02-22/bumblebox-15_2026-02-22_20_00_03.mp4,base_hourly,original hourly round-robin selection
479,21,pre,true,MCs-7-and-8,7;8,,2026-02-22,augmented_pre_exposure,20,20,augmented_extra,augmented,bumblebox-15_2026-02-22_20_20_03,bumblebox-15,/media/august/AutoPolls9/dose-curve-pesticide-data/MCs-7-and-8/pre-exposure/bumblebox-15_2026-02-22_20_20_03.mp4,,pre_fill_to_24_if_possible,fill MCs-7-and-8 pre from 7 toward 24 using non-hourly pre videos
480,21,pre,true,MCs-7-and-8,7;8,,2026-02-22,augmented_pre_exposure,20,50,augmented_extra,augmented,bumblebox-15_2026-02-22_20_50_03,bumblebox-15,/media/august/AutoPolls9/dose-curve-pesticide-data/MCs-7-and-8/pre-exposure/bumblebox-15_2026-02-22_20_50_03.mp4,,pre_fill_to_24_if_possible,fill MCs-7-and-8 pre from 7 toward 24 using non-hourly pre videos
481,21,post,true,MCs-7-and-8,7;8,2026-02-23,2026-02-26,post_exposure_folder,20,00,exact_hh00,full_24_hours,bumblebox-15_2026-02-26_20_00_03,bumblebox-15,/media/august/AutoPolls9/dose-curve-pesticide-data/MCs-7-and-8/post-exposure/bumblebox-15_2026-02-26_20_00_03.mp4,/tmp/bumblebox_hourly_primary_mc1_8_explicit_links/MCs-7-and-8/post/2026-02-26/bumblebox-15_2026-02-26_20_00_03.mp4,base_hourly,original hourly round-robin selection
482,21,pre,true,MCs-9-and-10,9;10,2026-03-02,2026-03-01,pre_dose_d_minus_1,20,00,exact_hh00,full_24_hours,bumblebox-07_2026-03-01_20_00_03,bumblebox-07,/media/august/Expansion/Behavioral-Entropy-Pesticide-Dosing-Exps/MCs-9-and-10/2026-03-01/bumblebox-07_2026-03-01_20_00_03.mp4,/tmp/bumblebox_hourly_primary_mc9_24_links/MCs-9-and-10/2026-03-01/bumblebox-07_2026-03-01_20_00_03.mp4,base_hourly,original hourly round-robin selection
483,21,post,true,MCs-9-and-10,9;10,2026-03-02,2026-03-05,post_dose_d_plus_3,20,00,exact_hh00,full_24_hours,bumblebox-07_2026-03-05_20_00_03,bumblebox-07,/media/august/Expansion/Behavioral-Entropy-Pesticide-Dosing-Exps/MCs-9-and-10/2026-03-05/bumblebox-07_2026-03-05_20_00_03.mp4,/tmp/bumblebox_hourly_primary_mc9_24_links/MCs-9-and-10/2026-03-05/bumblebox-07_2026-03-05_20_00_03.mp4,base_hourly,original hourly round-robin selection
484,21,post,true,MCs-11-and-12,11;12,2026-03-02,2026-03-05,post_dose_d_plus_3,20,00,exact_hh00,partial_day,bumblebox-19_2026-03-05_20_00_04,bumblebox-19,/media/august/Expansion/Behavioral-Entropy-Pesticide-Dosing-Exps/MCs-11-and-12/2026-03-05/bumblebox-19_2026-03-05_20_00_04.mp4,/tmp/bumblebox_hourly_primary_mc9_24_links/MCs-11-and-12/2026-03-05/bumblebox-19_2026-03-05_20_00_04.mp4,base_hourly,original hourly round-robin selection
485,21,pre,true,MCs-13-and-14,13;14,2026-03-02,2026-03-01,pre_dose_d_minus_1,20,00,exact_hh00,full_24_hours,bumblebox-18_2026-03-01_20_00_02,bumblebox-18,/media/august/Expansion/Behavioral-Entropy-Pesticide-Dosing-Exps/MCs-13-and-14/2026-03-01/bumblebox-18_2026-03-01_20_00_02.mp4,/tmp/bumblebox_hourly_primary_mc9_24_links/MCs-13-and-14/2026-03-01/bumblebox-18_2026-03-01_20_00_02.mp4,base_hourly,original hourly round-robin selection
486,21,pre,true,MCs-13-and-14,13;14,,2026-03-01,augmented_pre_exposure,20,30,augmented_extra,augmented,bumblebox-18_2026-03-01_20_30_04,bumblebox-18,/media/august/Expansion/Behavioral-Entropy-Pesticide-Dosing-Exps/MCs-13-and-14/2026-03-01/bumblebox-18_2026-03-01_20_30_04.mp4,,blur_compensation_0.5ppb,extra pre videos for MC14 to compensate blurry MC1 0.5ppb
487,21,post,true,MCs-13-and-14,13;14,2026-03-02,2026-03-05,post_dose_d_plus_3,20,00,exact_hh00,full_24_hours,bumblebox-18_2026-03-05_20_00_04,bumblebox-18,/media/august/Expansion/Behavioral-Entropy-Pesticide-Dosing-Exps/MCs-13-and-14/2026-03-05/bumblebox-18_2026-03-05_20_00_04.mp4,/tmp/bumblebox_hourly_primary_mc9_24_links/MCs-13-and-14/2026-03-05/bumblebox-18_2026-03-05_20_00_04.mp4,base_hourly,original hourly round-robin selection
488,21,post,true,MCs-15-and-16,15;16,2026-03-02,2026-03-05,post_dose_d_plus_3,20,00,exact_hh00,full_24_hours,bumblebox-15_2026-03-05_20_00_03,bumblebox-15,/media/august/Expansion/Behavioral-Entropy-Pesticide-Dosing-Exps/MCs-15-and-16/2026-03-05/bumblebox-15_2026-03-05_20_00_03.mp4,/tmp/bumblebox_hourly_primary_mc9_24_links/MCs-15-and-16/2026-03-05/bumblebox-15_2026-03-05_20_00_03.mp4,base_hourly,original hourly round-robin selection
489,21,pre,true,MCs-17-and-18,17;18,2026-03-16,2026-03-15,pre_dose_d_minus_1,20,00,exact_hh00,full_24_hours,bumblebox-9_2026-03-15_20_00_03,bumblebox-9,/media/august/Expansion/Behavioral-Entropy-Pesticide-Dosing-Exps/MCs-17-and-18/2026-03-15/bumblebox-9_2026-03-15_20_00_03.mp4,/tmp/bumblebox_hourly_primary_mc9_24_links/MCs-17-and-18/2026-03-15/bumblebox-9_2026-03-15_20_00_03.mp4,base_hourly,original hourly round-robin selection
490,21,pre,true,MCs-17-and-18,17;18,,2026-03-15,augmented_pre_exposure,20,30,augmented_extra,augmented,bumblebox-9_2026-03-15_20_30_03,bumblebox-9,/media/august/Expansion/Behavioral-Entropy-Pesticide-Dosing-Exps/MCs-17-and-18/2026-03-15/bumblebox-9_2026-03-15_20_30_03.mp4,,blur_compensation_10ppb,all available extra pre videos for MC17 to compensate blurry MC2 10ppb; MC16 has no pre source videos
491,21,post,true,MCs-17-and-18,17;18,2026-03-16,2026-03-19,post_dose_d_plus_3,20,00,exact_hh00,full_24_hours,bumblebox-9_2026-03-19_20_00_03,bumblebox-9,/media/august/Expansion/Behavioral-Entropy-Pesticide-Dosing-Exps/MCs-17-and-18/2026-03-19/bumblebox-9_2026-03-19_20_00_03.mp4,/tmp/bumblebox_hourly_primary_mc9_24_links/MCs-17-and-18/2026-03-19/bumblebox-9_2026-03-19_20_00_03.mp4,base_hourly,original hourly round-robin selection
492,21,pre,true,MCs-19-and-20,19;20,2026-03-16,2026-03-15,pre_dose_d_minus_1,20,00,exact_hh00,full_24_hours,bumblebox-19_2026-03-15_20_00_05,bumblebox-19,/media/august/Expansion/Behavioral-Entropy-Pesticide-Dosing-Exps/MCs-19-and-20/2026-03-15/bumblebox-19_2026-03-15_20_00_05.mp4,/tmp/bumblebox_hourly_primary_mc9_24_links/MCs-19-and-20/2026-03-15/bumblebox-19_2026-03-15_20_00_05.mp4,base_hourly,original hourly round-robin selection
493,21,post,true,MCs-19-and-20,19;20,2026-03-16,2026-03-19,post_dose_d_plus_3,20,00,exact_hh00,full_24_hours,bumblebox-19_2026-03-19_20_00_04,bumblebox-19,/media/august/Expansion/Behavioral-Entropy-Pesticide-Dosing-Exps/MCs-19-and-20/2026-03-19/bumblebox-19_2026-03-19_20_00_04.mp4,/tmp/bumblebox_hourly_primary_mc9_24_links/MCs-19-and-20/2026-03-19/bumblebox-19_2026-03-19_20_00_04.mp4,base_hourly,original hourly round-robin selection
494,21,pre,true,MCs-21-and-22,21;22,2026-03-16,2026-03-15,pre_dose_d_minus_1,20,00,exact_hh00,full_24_hours,bumblebox-18_2026-03-15_20_00_04,bumblebox-18,/media/august/Expansion/Behavioral-Entropy-Pesticide-Dosing-Exps/MCs-21-and-22/2026-03-15/bumblebox-18_2026-03-15_20_00_04.mp4,/tmp/bumblebox_hourly_primary_mc9_24_links/MCs-21-and-22/2026-03-15/bumblebox-18_2026-03-15_20_00_04.mp4,base_hourly,original hourly round-robin selection
495,21,pre,true,MCs-21-and-22,21;22,,2026-03-15,augmented_pre_exposure,20,30,augmented_extra,augmented,bumblebox-18_2026-03-15_20_30_04,bumblebox-18,/media/august/Expansion/Behavioral-Entropy-Pesticide-Dosing-Exps/MCs-21-and-22/2026-03-15/bumblebox-18_2026-03-15_20_30_04.mp4,,blur_compensation_0.5ppb,extra pre videos for MC21 to compensate blurry MC1 0.5ppb
496,21,post,true,MCs-21-and-22,21;22,2026-03-16,2026-03-18,post_dose_d_plus_2_substitute,20,00,exact_hh00,full_24_hours,bumblebox-18_2026-03-18_20_00_04,bumblebox-18,/media/august/Expansion/Behavioral-Entropy-Pesticide-Dosing-Exps/MCs-21-and-22/2026-03-18/bumblebox-18_2026-03-18_20_00_04.mp4,/tmp/bumblebox_hourly_primary_mc9_24_links/MCs-21-and-22/2026-03-18/bumblebox-18_2026-03-18_20_00_04.mp4,base_hourly,original hourly round-robin selection
497,21,pre,true,MCs-23-and-24,23;24,2026-03-16,2026-03-15,pre_dose_d_minus_1,20,00,exact_hh00,full_24_hours,bumblebox-15_2026-03-15_20_00_04,bumblebox-15,/media/august/Expansion/Behavioral-Entropy-Pesticide-Dosing-Exps/MCs-23-and-24/2026-03-15/bumblebox-15_2026-03-15_20_00_04.mp4,/tmp/bumblebox_hourly_primary_mc9_24_links/MCs-23-and-24/2026-03-15/bumblebox-15_2026-03-15_20_00_04.mp4,base_hourly,original hourly round-robin selection
498,21,post,true,MCs-23-and-24,23;24,2026-03-16,2026-03-19,post_dose_d_plus_3,20,00,exact_hh00,full_24_hours,bumblebox-15_2026-03-19_20_00_03,bumblebox-15,/media/august/Expansion/Behavioral-Entropy-Pesticide-Dosing-Exps/MCs-23-and-24/2026-03-19/bumblebox-15_2026-03-19_20_00_03.mp4,/tmp/bumblebox_hourly_primary_mc9_24_links/MCs-23-and-24/2026-03-19/bumblebox-15_2026-03-19_20_00_03.mp4,base_hourly,original hourly round-robin selection
499,22,pre,true,MCs-1-and-2,1;2,2026-02-23,2026-02-22,pre_exposure_folder,21,00,exact_hh00,partial_day,bumblebox-19_2026-02-22_21_00_03,bumblebox-19,/media/august/AutoPolls9/dose-curve-pesticide-data/MCs-1-and-2/pre-exposure/bumblebox-19_2026-02-22_21_00_03.mp4,/tmp/bumblebox_hourly_primary_mc1_8_explicit_links/MCs-1-and-2/pre/2026-02-22/bumblebox-19_2026-02-22_21_00_03.mp4,base_hourly,original hourly round-robin selection
500,22,pre,true,MCs-1-and-2,1;2,,2026-02-22,augmented_pre_exposure,21,40,augmented_extra,augmented,bumblebox-19_2026-02-22_21_40_03,bumblebox-19,/media/august/AutoPolls9/dose-curve-pesticide-data/MCs-1-and-2/pre-exposure/bumblebox-19_2026-02-22_21_40_03.mp4,,pre_fill_to_24_if_possible,fill MCs-1-and-2 pre from 16 toward 24 using non-hourly pre videos
501,22,post,true,MCs-1-and-2,1;2,2026-02-23,2026-02-26,post_exposure_folder,21,00,exact_hh00,full_24_hours,bumblebox-19_2026-02-26_21_00_05,bumblebox-19,/media/august/AutoPolls9/dose-curve-pesticide-data/MCs-1-and-2/post-exposure/bumblebox-19_2026-02-26_21_00_05.mp4,/tmp/bumblebox_hourly_primary_mc1_8_explicit_links/MCs-1-and-2/post/2026-02-26/bumblebox-19_2026-02-26_21_00_05.mp4,base_hourly,original hourly round-robin selection
502,22,pre,true,MCs-3-and-4,3;4,2026-02-23,2026-02-22,pre_exposure_folder,21,00,exact_hh00,full_24_hours,bumblebox-07_2026-02-22_21_00_03,bumblebox-07,/media/august/AutoPolls9/dose-curve-pesticide-data/MCs-3-and-4/pre-exposure/bumblebox-07_2026-02-22_21_00_03.mp4,/tmp/bumblebox_hourly_primary_mc1_8_explicit_links/MCs-3-and-4/pre/2026-02-22/bumblebox-07_2026-02-22_21_00_03.mp4,base_hourly,original hourly round-robin selection
503,22,post,true,MCs-3-and-4,3;4,2026-02-23,2026-02-26,post_exposure_folder,21,00,exact_hh00,full_24_hours,bumblebox-07_2026-02-26_21_00_03,bumblebox-07,/media/august/AutoPolls9/dose-curve-pesticide-data/MCs-3-and-4/post-exposure/bumblebox-07_2026-02-26_21_00_03.mp4,/tmp/bumblebox_hourly_primary_mc1_8_explicit_links/MCs-3-and-4/post/2026-02-26/bumblebox-07_2026-02-26_21_00_03.mp4,base_hourly,original hourly round-robin selection
504,22,post,true,MCs-5-and-6,5;6,2026-02-23,2026-02-26,post_exposure_folder,21,00,exact_hh00,full_24_hours,bumblebox-18_2026-02-26_21_00_04,bumblebox-18,/media/august/AutoPolls9/dose-curve-pesticide-data/MCs-5-and-6/post-exposure/bumblebox-18_2026-02-26_21_00_04.mp4,/tmp/bumblebox_hourly_primary_mc1_8_explicit_links/MCs-5-and-6/post/2026-02-26/bumblebox-18_2026-02-26_21_00_04.mp4,base_hourly,original hourly round-robin selection
505,22,pre,true,MCs-7-and-8,7;8,2026-02-23,2026-02-22,pre_exposure_folder,21,00,exact_hh00,partial_day,bumblebox-15_2026-02-22_21_00_03,bumblebox-15,/media/august/AutoPolls9/dose-curve-pesticide-data/MCs-7-and-8/pre-exposure/bumblebox-15_2026-02-22_21_00_03.mp4,/tmp/bumblebox_hourly_primary_mc1_8_explicit_links/MCs-7-and-8/pre/2026-02-22/bumblebox-15_2026-02-22_21_00_03.mp4,base_hourly,original hourly round-robin selection
506,22,pre,true,MCs-7-and-8,7;8,,2026-02-22,augmented_pre_exposure,21,20,augmented_extra,augmented,bumblebox-15_2026-02-22_21_20_03,bumblebox-15,/media/august/AutoPolls9/dose-curve-pesticide-data/MCs-7-and-8/pre-exposure/bumblebox-15_2026-02-22_21_20_03.mp4,,pre_fill_to_24_if_possible,fill MCs-7-and-8 pre from 7 toward 24 using non-hourly pre videos
507,22,pre,true,MCs-7-and-8,7;8,,2026-02-22,augmented_pre_exposure,21,40,augmented_extra,augmented,bumblebox-15_2026-02-22_21_40_03,bumblebox-15,/media/august/AutoPolls9/dose-curve-pesticide-data/MCs-7-and-8/pre-exposure/bumblebox-15_2026-02-22_21_40_03.mp4,,pre_fill_to_24_if_possible,fill MCs-7-and-8 pre from 7 toward 24 using non-hourly pre videos
508,22,post,true,MCs-7-and-8,7;8,2026-02-23,2026-02-26,post_exposure_folder,21,00,exact_hh00,full_24_hours,bumblebox-15_2026-02-26_21_00_03,bumblebox-15,/media/august/AutoPolls9/dose-curve-pesticide-data/MCs-7-and-8/post-exposure/bumblebox-15_2026-02-26_21_00_03.mp4,/tmp/bumblebox_hourly_primary_mc1_8_explicit_links/MCs-7-and-8/post/2026-02-26/bumblebox-15_2026-02-26_21_00_03.mp4,base_hourly,original hourly round-robin selection
509,22,pre,true,MCs-9-and-10,9;10,2026-03-02,2026-03-01,pre_dose_d_minus_1,21,00,exact_hh00,full_24_hours,bumblebox-07_2026-03-01_21_00_03,bumblebox-07,/media/august/Expansion/Behavioral-Entropy-Pesticide-Dosing-Exps/MCs-9-and-10/2026-03-01/bumblebox-07_2026-03-01_21_00_03.mp4,/tmp/bumblebox_hourly_primary_mc9_24_links/MCs-9-and-10/2026-03-01/bumblebox-07_2026-03-01_21_00_03.mp4,base_hourly,original hourly round-robin selection
510,22,post,true,MCs-9-and-10,9;10,2026-03-02,2026-03-05,post_dose_d_plus_3,21,00,exact_hh00,full_24_hours,bumblebox-07_2026-03-05_21_00_03,bumblebox-07,/media/august/Expansion/Behavioral-Entropy-Pesticide-Dosing-Exps/MCs-9-and-10/2026-03-05/bumblebox-07_2026-03-05_21_00_03.mp4,/tmp/bumblebox_hourly_primary_mc9_24_links/MCs-9-and-10/2026-03-05/bumblebox-07_2026-03-05_21_00_03.mp4,base_hourly,original hourly round-robin selection
511,22,pre,true,MCs-13-and-14,13;14,2026-03-02,2026-03-01,pre_dose_d_minus_1,21,00,exact_hh00,full_24_hours,bumblebox-18_2026-03-01_21_00_04,bumblebox-18,/media/august/Expansion/Behavioral-Entropy-Pesticide-Dosing-Exps/MCs-13-and-14/2026-03-01/bumblebox-18_2026-03-01_21_00_04.mp4,/tmp/bumblebox_hourly_primary_mc9_24_links/MCs-13-and-14/2026-03-01/bumblebox-18_2026-03-01_21_00_04.mp4,base_hourly,original hourly round-robin selection
512,22,post,true,MCs-13-and-14,13;14,2026-03-02,2026-03-05,post_dose_d_plus_3,21,00,exact_hh00,full_24_hours,bumblebox-18_2026-03-05_21_00_04,bumblebox-18,/media/august/Expansion/Behavioral-Entropy-Pesticide-Dosing-Exps/MCs-13-and-14/2026-03-05/bumblebox-18_2026-03-05_21_00_04.mp4,/tmp/bumblebox_hourly_primary_mc9_24_links/MCs-13-and-14/2026-03-05/bumblebox-18_2026-03-05_21_00_04.mp4,base_hourly,original hourly round-robin selection
513,22,post,true,MCs-15-and-16,15;16,2026-03-02,2026-03-05,post_dose_d_plus_3,21,00,exact_hh00,full_24_hours,bumblebox-15_2026-03-05_21_00_04,bumblebox-15,/media/august/Expansion/Behavioral-Entropy-Pesticide-Dosing-Exps/MCs-15-and-16/2026-03-05/bumblebox-15_2026-03-05_21_00_04.mp4,/tmp/bumblebox_hourly_primary_mc9_24_links/MCs-15-and-16/2026-03-05/bumblebox-15_2026-03-05_21_00_04.mp4,base_hourly,original hourly round-robin selection
514,22,pre,true,MCs-17-and-18,17;18,2026-03-16,2026-03-15,pre_dose_d_minus_1,21,00,exact_hh00,full_24_hours,bumblebox-9_2026-03-15_21_00_03,bumblebox-9,/media/august/Expansion/Behavioral-Entropy-Pesticide-Dosing-Exps/MCs-17-and-18/2026-03-15/bumblebox-9_2026-03-15_21_00_03.mp4,/tmp/bumblebox_hourly_primary_mc9_24_links/MCs-17-and-18/2026-03-15/bumblebox-9_2026-03-15_21_00_03.mp4,base_hourly,original hourly round-robin selection
515,22,pre,true,MCs-17-and-18,17;18,,2026-03-15,augmented_pre_exposure,21,30,augmented_extra,augmented,bumblebox-9_2026-03-15_21_30_03,bumblebox-9,/media/august/Expansion/Behavioral-Entropy-Pesticide-Dosing-Exps/MCs-17-and-18/2026-03-15/bumblebox-9_2026-03-15_21_30_03.mp4,,blur_compensation_10ppb,all available extra pre videos for MC17 to compensate blurry MC2 10ppb; MC16 has no pre source videos
516,22,post,true,MCs-17-and-18,17;18,2026-03-16,2026-03-19,post_dose_d_plus_3,21,00,exact_hh00,full_24_hours,bumblebox-9_2026-03-19_21_00_03,bumblebox-9,/media/august/Expansion/Behavioral-Entropy-Pesticide-Dosing-Exps/MCs-17-and-18/2026-03-19/bumblebox-9_2026-03-19_21_00_03.mp4,/tmp/bumblebox_hourly_primary_mc9_24_links/MCs-17-and-18/2026-03-19/bumblebox-9_2026-03-19_21_00_03.mp4,base_hourly,original hourly round-robin selection
517,22,pre,true,MCs-19-and-20,19;20,2026-03-16,2026-03-15,pre_dose_d_minus_1,21,00,exact_hh00,full_24_hours,bumblebox-19_2026-03-15_21_00_05,bumblebox-19,/media/august/Expansion/Behavioral-Entropy-Pesticide-Dosing-Exps/MCs-19-and-20/2026-03-15/bumblebox-19_2026-03-15_21_00_05.mp4,/tmp/bumblebox_hourly_primary_mc9_24_links/MCs-19-and-20/2026-03-15/bumblebox-19_2026-03-15_21_00_05.mp4,base_hourly,original hourly round-robin selection
518,22,post,true,MCs-19-and-20,19;20,2026-03-16,2026-03-19,post_dose_d_plus_3,21,00,exact_hh00,full_24_hours,bumblebox-19_2026-03-19_21_00_04,bumblebox-19,/media/august/Expansion/Behavioral-Entropy-Pesticide-Dosing-Exps/MCs-19-and-20/2026-03-19/bumblebox-19_2026-03-19_21_00_04.mp4,/tmp/bumblebox_hourly_primary_mc9_24_links/MCs-19-and-20/2026-03-19/bumblebox-19_2026-03-19_21_00_04.mp4,base_hourly,original hourly round-robin selection
519,22,pre,true,MCs-21-and-22,21;22,2026-03-16,2026-03-15,pre_dose_d_minus_1,21,00,exact_hh00,full_24_hours,bumblebox-18_2026-03-15_21_00_03,bumblebox-18,/media/august/Expansion/Behavioral-Entropy-Pesticide-Dosing-Exps/MCs-21-and-22/2026-03-15/bumblebox-18_2026-03-15_21_00_03.mp4,/tmp/bumblebox_hourly_primary_mc9_24_links/MCs-21-and-22/2026-03-15/bumblebox-18_2026-03-15_21_00_03.mp4,base_hourly,original hourly round-robin selection
520,22,post,true,MCs-21-and-22,21;22,2026-03-16,2026-03-18,post_dose_d_plus_2_substitute,21,00,exact_hh00,full_24_hours,bumblebox-18_2026-03-18_21_00_04,bumblebox-18,/media/august/Expansion/Behavioral-Entropy-Pesticide-Dosing-Exps/MCs-21-and-22/2026-03-18/bumblebox-18_2026-03-18_21_00_04.mp4,/tmp/bumblebox_hourly_primary_mc9_24_links/MCs-21-and-22/2026-03-18/bumblebox-18_2026-03-18_21_00_04.mp4,base_hourly,original hourly round-robin selection
521,22,pre,true,MCs-23-and-24,23;24,2026-03-16,2026-03-15,pre_dose_d_minus_1,21,00,exact_hh00,full_24_hours,bumblebox-15_2026-03-15_21_00_03,bumblebox-15,/media/august/Expansion/Behavioral-Entropy-Pesticide-Dosing-Exps/MCs-23-and-24/2026-03-15/bumblebox-15_2026-03-15_21_00_03.mp4,/tmp/bumblebox_hourly_primary_mc9_24_links/MCs-23-and-24/2026-03-15/bumblebox-15_2026-03-15_21_00_03.mp4,base_hourly,original hourly round-robin selection
522,22,post,true,MCs-23-and-24,23;24,2026-03-16,2026-03-19,post_dose_d_plus_3,21,00,exact_hh00,full_24_hours,bumblebox-15_2026-03-19_21_00_04,bumblebox-15,/media/august/Expansion/Behavioral-Entropy-Pesticide-Dosing-Exps/MCs-23-and-24/2026-03-19/bumblebox-15_2026-03-19_21_00_04.mp4,/tmp/bumblebox_hourly_primary_mc9_24_links/MCs-23-and-24/2026-03-19/bumblebox-15_2026-03-19_21_00_04.mp4,base_hourly,original hourly round-robin selection
523,23,pre,true,MCs-1-and-2,1;2,2026-02-23,2026-02-22,pre_exposure_folder,22,00,exact_hh00,partial_day,bumblebox-19_2026-02-22_22_00_03,bumblebox-19,/media/august/AutoPolls9/dose-curve-pesticide-data/MCs-1-and-2/pre-exposure/bumblebox-19_2026-02-22_22_00_03.mp4,/tmp/bumblebox_hourly_primary_mc1_8_explicit_links/MCs-1-and-2/pre/2026-02-22/bumblebox-19_2026-02-22_22_00_03.mp4,base_hourly,original hourly round-robin selection
524,23,post,true,MCs-1-and-2,1;2,2026-02-23,2026-02-26,post_exposure_folder,22,00,exact_hh00,full_24_hours,bumblebox-19_2026-02-26_22_00_04,bumblebox-19,/media/august/AutoPolls9/dose-curve-pesticide-data/MCs-1-and-2/post-exposure/bumblebox-19_2026-02-26_22_00_04.mp4,/tmp/bumblebox_hourly_primary_mc1_8_explicit_links/MCs-1-and-2/post/2026-02-26/bumblebox-19_2026-02-26_22_00_04.mp4,base_hourly,original hourly round-robin selection
525,23,pre,true,MCs-3-and-4,3;4,2026-02-23,2026-02-22,pre_exposure_folder,22,00,exact_hh00,full_24_hours,bumblebox-07_2026-02-22_22_00_03,bumblebox-07,/media/august/AutoPolls9/dose-curve-pesticide-data/MCs-3-and-4/pre-exposure/bumblebox-07_2026-02-22_22_00_03.mp4,/tmp/bumblebox_hourly_primary_mc1_8_explicit_links/MCs-3-and-4/pre/2026-02-22/bumblebox-07_2026-02-22_22_00_03.mp4,base_hourly,original hourly round-robin selection
526,23,post,true,MCs-3-and-4,3;4,2026-02-23,2026-02-26,post_exposure_folder,22,00,exact_hh00,full_24_hours,bumblebox-07_2026-02-26_22_00_03,bumblebox-07,/media/august/AutoPolls9/dose-curve-pesticide-data/MCs-3-and-4/post-exposure/bumblebox-07_2026-02-26_22_00_03.mp4,/tmp/bumblebox_hourly_primary_mc1_8_explicit_links/MCs-3-and-4/post/2026-02-26/bumblebox-07_2026-02-26_22_00_03.mp4,base_hourly,original hourly round-robin selection
527,23,post,true,MCs-5-and-6,5;6,2026-02-23,2026-02-26,post_exposure_folder,22,00,exact_hh00,full_24_hours,bumblebox-18_2026-02-26_22_00_04,bumblebox-18,/media/august/AutoPolls9/dose-curve-pesticide-data/MCs-5-and-6/post-exposure/bumblebox-18_2026-02-26_22_00_04.mp4,/tmp/bumblebox_hourly_primary_mc1_8_explicit_links/MCs-5-and-6/post/2026-02-26/bumblebox-18_2026-02-26_22_00_04.mp4,base_hourly,original hourly round-robin selection
528,23,pre,true,MCs-7-and-8,7;8,2026-02-23,2026-02-22,pre_exposure_folder,22,00,exact_hh00,partial_day,bumblebox-15_2026-02-22_22_00_03,bumblebox-15,/media/august/AutoPolls9/dose-curve-pesticide-data/MCs-7-and-8/pre-exposure/bumblebox-15_2026-02-22_22_00_03.mp4,/tmp/bumblebox_hourly_primary_mc1_8_explicit_links/MCs-7-and-8/pre/2026-02-22/bumblebox-15_2026-02-22_22_00_03.mp4,base_hourly,original hourly round-robin selection
529,23,pre,true,MCs-7-and-8,7;8,,2026-02-22,augmented_pre_exposure,22,10,augmented_extra,augmented,bumblebox-15_2026-02-22_22_10_03,bumblebox-15,/media/august/AutoPolls9/dose-curve-pesticide-data/MCs-7-and-8/pre-exposure/bumblebox-15_2026-02-22_22_10_03.mp4,,pre_fill_to_24_if_possible,fill MCs-7-and-8 pre from 7 toward 24 using non-hourly pre videos
530,23,pre,true,MCs-7-and-8,7;8,,2026-02-22,augmented_pre_exposure,22,30,augmented_extra,augmented,bumblebox-15_2026-02-22_22_30_03,bumblebox-15,/media/august/AutoPolls9/dose-curve-pesticide-data/MCs-7-and-8/pre-exposure/bumblebox-15_2026-02-22_22_30_03.mp4,,pre_fill_to_24_if_possible,fill MCs-7-and-8 pre from 7 toward 24 using non-hourly pre videos
531,23,pre,true,MCs-7-and-8,7;8,,2026-02-22,augmented_pre_exposure,22,50,augmented_extra,augmented,bumblebox-15_2026-02-22_22_50_03,bumblebox-15,/media/august/AutoPolls9/dose-curve-pesticide-data/MCs-7-and-8/pre-exposure/bumblebox-15_2026-02-22_22_50_03.mp4,,pre_fill_to_24_if_possible,fill MCs-7-and-8 pre from 7 toward 24 using non-hourly pre videos
532,23,post,true,MCs-7-and-8,7;8,2026-02-23,2026-02-26,post_exposure_folder,22,00,exact_hh00,full_24_hours,bumblebox-15_2026-02-26_22_00_03,bumblebox-15,/media/august/AutoPolls9/dose-curve-pesticide-data/MCs-7-and-8/post-exposure/bumblebox-15_2026-02-26_22_00_03.mp4,/tmp/bumblebox_hourly_primary_mc1_8_explicit_links/MCs-7-and-8/post/2026-02-26/bumblebox-15_2026-02-26_22_00_03.mp4,base_hourly,original hourly round-robin selection
533,23,pre,true,MCs-9-and-10,9;10,2026-03-02,2026-03-01,pre_dose_d_minus_1,22,00,exact_hh00,full_24_hours,bumblebox-07_2026-03-01_22_00_03,bumblebox-07,/media/august/Expansion/Behavioral-Entropy-Pesticide-Dosing-Exps/MCs-9-and-10/2026-03-01/bumblebox-07_2026-03-01_22_00_03.mp4,/tmp/bumblebox_hourly_primary_mc9_24_links/MCs-9-and-10/2026-03-01/bumblebox-07_2026-03-01_22_00_03.mp4,base_hourly,original hourly round-robin selection
534,23,post,true,MCs-9-and-10,9;10,2026-03-02,2026-03-05,post_dose_d_plus_3,22,00,exact_hh00,full_24_hours,bumblebox-07_2026-03-05_22_00_03,bumblebox-07,/media/august/Expansion/Behavioral-Entropy-Pesticide-Dosing-Exps/MCs-9-and-10/2026-03-05/bumblebox-07_2026-03-05_22_00_03.mp4,/tmp/bumblebox_hourly_primary_mc9_24_links/MCs-9-and-10/2026-03-05/bumblebox-07_2026-03-05_22_00_03.mp4,base_hourly,original hourly round-robin selection
535,23,pre,true,MCs-13-and-14,13;14,2026-03-02,2026-03-01,pre_dose_d_minus_1,22,00,exact_hh00,full_24_hours,bumblebox-18_2026-03-01_22_00_03,bumblebox-18,/media/august/Expansion/Behavioral-Entropy-Pesticide-Dosing-Exps/MCs-13-and-14/2026-03-01/bumblebox-18_2026-03-01_22_00_03.mp4,/tmp/bumblebox_hourly_primary_mc9_24_links/MCs-13-and-14/2026-03-01/bumblebox-18_2026-03-01_22_00_03.mp4,base_hourly,original hourly round-robin selection
536,23,pre,true,MCs-13-and-14,13;14,,2026-03-01,augmented_pre_exposure,22,30,augmented_extra,augmented,bumblebox-18_2026-03-01_22_30_04,bumblebox-18,/media/august/Expansion/Behavioral-Entropy-Pesticide-Dosing-Exps/MCs-13-and-14/2026-03-01/bumblebox-18_2026-03-01_22_30_04.mp4,,blur_compensation_0.5ppb,extra pre videos for MC14 to compensate blurry MC1 0.5ppb
537,23,post,true,MCs-13-and-14,13;14,2026-03-02,2026-03-05,post_dose_d_plus_3,22,00,exact_hh00,full_24_hours,bumblebox-18_2026-03-05_22_00_04,bumblebox-18,/media/august/Expansion/Behavioral-Entropy-Pesticide-Dosing-Exps/MCs-13-and-14/2026-03-05/bumblebox-18_2026-03-05_22_00_04.mp4,/tmp/bumblebox_hourly_primary_mc9_24_links/MCs-13-and-14/2026-03-05/bumblebox-18_2026-03-05_22_00_04.mp4,base_hourly,original hourly round-robin selection
538,23,post,true,MCs-15-and-16,15;16,2026-03-02,2026-03-05,post_dose_d_plus_3,22,00,exact_hh00,full_24_hours,bumblebox-15_2026-03-05_22_00_04,bumblebox-15,/media/august/Expansion/Behavioral-Entropy-Pesticide-Dosing-Exps/MCs-15-and-16/2026-03-05/bumblebox-15_2026-03-05_22_00_04.mp4,/tmp/bumblebox_hourly_primary_mc9_24_links/MCs-15-and-16/2026-03-05/bumblebox-15_2026-03-05_22_00_04.mp4,base_hourly,original hourly round-robin selection
539,23,pre,true,MCs-17-and-18,17;18,2026-03-16,2026-03-15,pre_dose_d_minus_1,22,00,exact_hh00,full_24_hours,bumblebox-9_2026-03-15_22_00_03,bumblebox-9,/media/august/Expansion/Behavioral-Entropy-Pesticide-Dosing-Exps/MCs-17-and-18/2026-03-15/bumblebox-9_2026-03-15_22_00_03.mp4,/tmp/bumblebox_hourly_primary_mc9_24_links/MCs-17-and-18/2026-03-15/bumblebox-9_2026-03-15_22_00_03.mp4,base_hourly,original hourly round-robin selection
540,23,pre,true,MCs-17-and-18,17;18,,2026-03-15,augmented_pre_exposure,22,30,augmented_extra,augmented,bumblebox-9_2026-03-15_22_30_04,bumblebox-9,/media/august/Expansion/Behavioral-Entropy-Pesticide-Dosing-Exps/MCs-17-and-18/2026-03-15/bumblebox-9_2026-03-15_22_30_04.mp4,,blur_compensation_10ppb,all available extra pre videos for MC17 to compensate blurry MC2 10ppb; MC16 has no pre source videos
541,23,post,true,MCs-17-and-18,17;18,2026-03-16,2026-03-19,post_dose_d_plus_3,22,00,exact_hh00,full_24_hours,bumblebox-9_2026-03-19_22_00_04,bumblebox-9,/media/august/Expansion/Behavioral-Entropy-Pesticide-Dosing-Exps/MCs-17-and-18/2026-03-19/bumblebox-9_2026-03-19_22_00_04.mp4,/tmp/bumblebox_hourly_primary_mc9_24_links/MCs-17-and-18/2026-03-19/bumblebox-9_2026-03-19_22_00_04.mp4,base_hourly,original hourly round-robin selection
542,23,pre,true,MCs-19-and-20,19;20,2026-03-16,2026-03-15,pre_dose_d_minus_1,22,00,exact_hh00,full_24_hours,bumblebox-19_2026-03-15_22_00_04,bumblebox-19,/media/august/Expansion/Behavioral-Entropy-Pesticide-Dosing-Exps/MCs-19-and-20/2026-03-15/bumblebox-19_2026-03-15_22_00_04.mp4,/tmp/bumblebox_hourly_primary_mc9_24_links/MCs-19-and-20/2026-03-15/bumblebox-19_2026-03-15_22_00_04.mp4,base_hourly,original hourly round-robin selection
543,23,post,true,MCs-19-and-20,19;20,2026-03-16,2026-03-19,post_dose_d_plus_3,22,00,exact_hh00,full_24_hours,bumblebox-19_2026-03-19_22_00_03,bumblebox-19,/media/august/Expansion/Behavioral-Entropy-Pesticide-Dosing-Exps/MCs-19-and-20/2026-03-19/bumblebox-19_2026-03-19_22_00_03.mp4,/tmp/bumblebox_hourly_primary_mc9_24_links/MCs-19-and-20/2026-03-19/bumblebox-19_2026-03-19_22_00_03.mp4,base_hourly,original hourly round-robin selection
544,23,pre,true,MCs-21-and-22,21;22,2026-03-16,2026-03-15,pre_dose_d_minus_1,22,00,exact_hh00,full_24_hours,bumblebox-18_2026-03-15_22_00_04,bumblebox-18,/media/august/Expansion/Behavioral-Entropy-Pesticide-Dosing-Exps/MCs-21-and-22/2026-03-15/bumblebox-18_2026-03-15_22_00_04.mp4,/tmp/bumblebox_hourly_primary_mc9_24_links/MCs-21-and-22/2026-03-15/bumblebox-18_2026-03-15_22_00_04.mp4,base_hourly,original hourly round-robin selection
545,23,pre,true,MCs-21-and-22,21;22,,2026-03-15,augmented_pre_exposure,22,30,augmented_extra,augmented,bumblebox-18_2026-03-15_22_30_03,bumblebox-18,/media/august/Expansion/Behavioral-Entropy-Pesticide-Dosing-Exps/MCs-21-and-22/2026-03-15/bumblebox-18_2026-03-15_22_30_03.mp4,,blur_compensation_0.5ppb,extra pre videos for MC21 to compensate blurry MC1 0.5ppb
546,23,post,true,MCs-21-and-22,21;22,2026-03-16,2026-03-18,post_dose_d_plus_2_substitute,22,00,exact_hh00,full_24_hours,bumblebox-18_2026-03-18_22_00_04,bumblebox-18,/media/august/Expansion/Behavioral-Entropy-Pesticide-Dosing-Exps/MCs-21-and-22/2026-03-18/bumblebox-18_2026-03-18_22_00_04.mp4,/tmp/bumblebox_hourly_primary_mc9_24_links/MCs-21-and-22/2026-03-18/bumblebox-18_2026-03-18_22_00_04.mp4,base_hourly,original hourly round-robin selection
547,23,pre,true,MCs-23-and-24,23;24,2026-03-16,2026-03-15,pre_dose_d_minus_1,22,00,exact_hh00,full_24_hours,bumblebox-15_2026-03-15_22_00_04,bumblebox-15,/media/august/Expansion/Behavioral-Entropy-Pesticide-Dosing-Exps/MCs-23-and-24/2026-03-15/bumblebox-15_2026-03-15_22_00_04.mp4,/tmp/bumblebox_hourly_primary_mc9_24_links/MCs-23-and-24/2026-03-15/bumblebox-15_2026-03-15_22_00_04.mp4,base_hourly,original hourly round-robin selection
548,23,post,true,MCs-23-and-24,23;24,2026-03-16,2026-03-19,post_dose_d_plus_3,22,00,exact_hh00,full_24_hours,bumblebox-15_2026-03-19_22_00_04,bumblebox-15,/media/august/Expansion/Behavioral-Entropy-Pesticide-Dosing-Exps/MCs-23-and-24/2026-03-19/bumblebox-15_2026-03-19_22_00_04.mp4,/tmp/bumblebox_hourly_primary_mc9_24_links/MCs-23-and-24/2026-03-19/bumblebox-15_2026-03-19_22_00_04.mp4,base_hourly,original hourly round-robin selection
549,24,pre,true,MCs-1-and-2,1;2,2026-02-23,2026-02-22,pre_exposure_folder,23,30,fallback_hh30_missing_hh00,partial_day,bumblebox-19_2026-02-22_23_30_03,bumblebox-19,/media/august/AutoPolls9/dose-curve-pesticide-data/MCs-1-and-2/pre-exposure/bumblebox-19_2026-02-22_23_30_03.mp4,/tmp/bumblebox_hourly_primary_mc1_8_explicit_links/MCs-1-and-2/pre/2026-02-22/bumblebox-19_2026-02-22_23_30_03.mp4,base_hourly,original hourly round-robin selection
550,24,post,true,MCs-1-and-2,1;2,2026-02-23,2026-02-26,post_exposure_folder,23,30,fallback_hh30_missing_hh00,full_24_hours,bumblebox-19_2026-02-26_23_30_03,bumblebox-19,/media/august/AutoPolls9/dose-curve-pesticide-data/MCs-1-and-2/post-exposure/bumblebox-19_2026-02-26_23_30_03.mp4,/tmp/bumblebox_hourly_primary_mc1_8_explicit_links/MCs-1-and-2/post/2026-02-26/bumblebox-19_2026-02-26_23_30_03.mp4,base_hourly,original hourly round-robin selection
551,24,pre,true,MCs-3-and-4,3;4,2026-02-23,2026-02-22,pre_exposure_folder,23,30,fallback_hh30_missing_hh00,full_24_hours,bumblebox-07_2026-02-22_23_30_03,bumblebox-07,/media/august/AutoPolls9/dose-curve-pesticide-data/MCs-3-and-4/pre-exposure/bumblebox-07_2026-02-22_23_30_03.mp4,/tmp/bumblebox_hourly_primary_mc1_8_explicit_links/MCs-3-and-4/pre/2026-02-22/bumblebox-07_2026-02-22_23_30_03.mp4,base_hourly,original hourly round-robin selection
552,24,post,true,MCs-3-and-4,3;4,2026-02-23,2026-02-26,post_exposure_folder,23,30,fallback_hh30_missing_hh00,full_24_hours,bumblebox-07_2026-02-26_23_30_03,bumblebox-07,/media/august/AutoPolls9/dose-curve-pesticide-data/MCs-3-and-4/post-exposure/bumblebox-07_2026-02-26_23_30_03.mp4,/tmp/bumblebox_hourly_primary_mc1_8_explicit_links/MCs-3-and-4/post/2026-02-26/bumblebox-07_2026-02-26_23_30_03.mp4,base_hourly,original hourly round-robin selection
553,24,post,true,MCs-5-and-6,5;6,2026-02-23,2026-02-26,post_exposure_folder,23,30,fallback_hh30_missing_hh00,full_24_hours,bumblebox-18_2026-02-26_23_30_03,bumblebox-18,/media/august/AutoPolls9/dose-curve-pesticide-data/MCs-5-and-6/post-exposure/bumblebox-18_2026-02-26_23_30_03.mp4,/tmp/bumblebox_hourly_primary_mc1_8_explicit_links/MCs-5-and-6/post/2026-02-26/bumblebox-18_2026-02-26_23_30_03.mp4,base_hourly,original hourly round-robin selection
554,24,pre,true,MCs-7-and-8,7;8,,2026-02-22,augmented_pre_exposure,23,20,augmented_extra,augmented,bumblebox-15_2026-02-22_23_20_03,bumblebox-15,/media/august/AutoPolls9/dose-curve-pesticide-data/MCs-7-and-8/pre-exposure/bumblebox-15_2026-02-22_23_20_03.mp4,,pre_fill_to_24_if_possible,fill MCs-7-and-8 pre from 7 toward 24 using non-hourly pre videos
555,24,pre,true,MCs-7-and-8,7;8,2026-02-23,2026-02-22,pre_exposure_folder,23,30,fallback_hh30_missing_hh00,partial_day,bumblebox-15_2026-02-22_23_30_03,bumblebox-15,/media/august/AutoPolls9/dose-curve-pesticide-data/MCs-7-and-8/pre-exposure/bumblebox-15_2026-02-22_23_30_03.mp4,/tmp/bumblebox_hourly_primary_mc1_8_explicit_links/MCs-7-and-8/pre/2026-02-22/bumblebox-15_2026-02-22_23_30_03.mp4,base_hourly,original hourly round-robin selection
556,24,pre,true,MCs-7-and-8,7;8,,2026-02-22,augmented_pre_exposure,23,50,augmented_extra,augmented,bumblebox-15_2026-02-22_23_50_03,bumblebox-15,/media/august/AutoPolls9/dose-curve-pesticide-data/MCs-7-and-8/pre-exposure/bumblebox-15_2026-02-22_23_50_03.mp4,,pre_fill_to_24_if_possible,fill MCs-7-and-8 pre from 7 toward 24 using non-hourly pre videos
557,24,post,true,MCs-7-and-8,7;8,2026-02-23,2026-02-26,post_exposure_folder,23,30,fallback_hh30_missing_hh00,full_24_hours,bumblebox-15_2026-02-26_23_30_03,bumblebox-15,/media/august/AutoPolls9/dose-curve-pesticide-data/MCs-7-and-8/post-exposure/bumblebox-15_2026-02-26_23_30_03.mp4,/tmp/bumblebox_hourly_primary_mc1_8_explicit_links/MCs-7-and-8/post/2026-02-26/bumblebox-15_2026-02-26_23_30_03.mp4,base_hourly,original hourly round-robin selection
558,24,pre,true,MCs-9-and-10,9;10,2026-03-02,2026-03-01,pre_dose_d_minus_1,23,30,fallback_hh30_missing_hh00,full_24_hours,bumblebox-07_2026-03-01_23_30_03,bumblebox-07,/media/august/Expansion/Behavioral-Entropy-Pesticide-Dosing-Exps/MCs-9-and-10/2026-03-01/bumblebox-07_2026-03-01_23_30_03.mp4,/tmp/bumblebox_hourly_primary_mc9_24_links/MCs-9-and-10/2026-03-01/bumblebox-07_2026-03-01_23_30_03.mp4,base_hourly,original hourly round-robin selection
559,24,post,true,MCs-9-and-10,9;10,2026-03-02,2026-03-05,post_dose_d_plus_3,23,30,fallback_hh30_missing_hh00,full_24_hours,bumblebox-07_2026-03-05_23_30_03,bumblebox-07,/media/august/Expansion/Behavioral-Entropy-Pesticide-Dosing-Exps/MCs-9-and-10/2026-03-05/bumblebox-07_2026-03-05_23_30_03.mp4,/tmp/bumblebox_hourly_primary_mc9_24_links/MCs-9-and-10/2026-03-05/bumblebox-07_2026-03-05_23_30_03.mp4,base_hourly,original hourly round-robin selection
560,24,pre,true,MCs-13-and-14,13;14,2026-03-02,2026-03-01,pre_dose_d_minus_1,23,30,fallback_hh30_missing_hh00,full_24_hours,bumblebox-18_2026-03-01_23_30_03,bumblebox-18,/media/august/Expansion/Behavioral-Entropy-Pesticide-Dosing-Exps/MCs-13-and-14/2026-03-01/bumblebox-18_2026-03-01_23_30_03.mp4,/tmp/bumblebox_hourly_primary_mc9_24_links/MCs-13-and-14/2026-03-01/bumblebox-18_2026-03-01_23_30_03.mp4,base_hourly,original hourly round-robin selection
561,24,post,true,MCs-13-and-14,13;14,2026-03-02,2026-03-05,post_dose_d_plus_3,23,30,fallback_hh30_missing_hh00,full_24_hours,bumblebox-18_2026-03-05_23_30_04,bumblebox-18,/media/august/Expansion/Behavioral-Entropy-Pesticide-Dosing-Exps/MCs-13-and-14/2026-03-05/bumblebox-18_2026-03-05_23_30_04.mp4,/tmp/bumblebox_hourly_primary_mc9_24_links/MCs-13-and-14/2026-03-05/bumblebox-18_2026-03-05_23_30_04.mp4,base_hourly,original hourly round-robin selection
562,24,post,true,MCs-15-and-16,15;16,2026-03-02,2026-03-05,post_dose_d_plus_3,23,30,fallback_hh30_missing_hh00,full_24_hours,bumblebox-15_2026-03-05_23_30_03,bumblebox-15,/media/august/Expansion/Behavioral-Entropy-Pesticide-Dosing-Exps/MCs-15-and-16/2026-03-05/bumblebox-15_2026-03-05_23_30_03.mp4,/tmp/bumblebox_hourly_primary_mc9_24_links/MCs-15-and-16/2026-03-05/bumblebox-15_2026-03-05_23_30_03.mp4,base_hourly,original hourly round-robin selection
563,24,pre,true,MCs-17-and-18,17;18,2026-03-16,2026-03-15,pre_dose_d_minus_1,23,30,fallback_hh30_missing_hh00,full_24_hours,bumblebox-9_2026-03-15_23_30_04,bumblebox-9,/media/august/Expansion/Behavioral-Entropy-Pesticide-Dosing-Exps/MCs-17-and-18/2026-03-15/bumblebox-9_2026-03-15_23_30_04.mp4,/tmp/bumblebox_hourly_primary_mc9_24_links/MCs-17-and-18/2026-03-15/bumblebox-9_2026-03-15_23_30_04.mp4,base_hourly,original hourly round-robin selection
564,24,post,true,MCs-17-and-18,17;18,2026-03-16,2026-03-19,post_dose_d_plus_3,23,30,fallback_hh30_missing_hh00,full_24_hours,bumblebox-9_2026-03-19_23_30_05,bumblebox-9,/media/august/Expansion/Behavioral-Entropy-Pesticide-Dosing-Exps/MCs-17-and-18/2026-03-19/bumblebox-9_2026-03-19_23_30_05.mp4,/tmp/bumblebox_hourly_primary_mc9_24_links/MCs-17-and-18/2026-03-19/bumblebox-9_2026-03-19_23_30_05.mp4,base_hourly,original hourly round-robin selection
565,24,pre,true,MCs-19-and-20,19;20,2026-03-16,2026-03-15,pre_dose_d_minus_1,23,30,fallback_hh30_missing_hh00,full_24_hours,bumblebox-19_2026-03-15_23_30_03,bumblebox-19,/media/august/Expansion/Behavioral-Entropy-Pesticide-Dosing-Exps/MCs-19-and-20/2026-03-15/bumblebox-19_2026-03-15_23_30_03.mp4,/tmp/bumblebox_hourly_primary_mc9_24_links/MCs-19-and-20/2026-03-15/bumblebox-19_2026-03-15_23_30_03.mp4,base_hourly,original hourly round-robin selection
566,24,post,true,MCs-19-and-20,19;20,2026-03-16,2026-03-19,post_dose_d_plus_3,23,30,fallback_hh30_missing_hh00,full_24_hours,bumblebox-19_2026-03-19_23_30_04,bumblebox-19,/media/august/Expansion/Behavioral-Entropy-Pesticide-Dosing-Exps/MCs-19-and-20/2026-03-19/bumblebox-19_2026-03-19_23_30_04.mp4,/tmp/bumblebox_hourly_primary_mc9_24_links/MCs-19-and-20/2026-03-19/bumblebox-19_2026-03-19_23_30_04.mp4,base_hourly,original hourly round-robin selection
567,24,pre,true,MCs-21-and-22,21;22,2026-03-16,2026-03-15,pre_dose_d_minus_1,23,30,fallback_hh30_missing_hh00,full_24_hours,bumblebox-18_2026-03-15_23_30_04,bumblebox-18,/media/august/Expansion/Behavioral-Entropy-Pesticide-Dosing-Exps/MCs-21-and-22/2026-03-15/bumblebox-18_2026-03-15_23_30_04.mp4,/tmp/bumblebox_hourly_primary_mc9_24_links/MCs-21-and-22/2026-03-15/bumblebox-18_2026-03-15_23_30_04.mp4,base_hourly,original hourly round-robin selection
568,24,post,true,MCs-21-and-22,21;22,2026-03-16,2026-03-18,post_dose_d_plus_2_substitute,23,30,fallback_hh30_missing_hh00,full_24_hours,bumblebox-18_2026-03-18_23_30_04,bumblebox-18,/media/august/Expansion/Behavioral-Entropy-Pesticide-Dosing-Exps/MCs-21-and-22/2026-03-18/bumblebox-18_2026-03-18_23_30_04.mp4,/tmp/bumblebox_hourly_primary_mc9_24_links/MCs-21-and-22/2026-03-18/bumblebox-18_2026-03-18_23_30_04.mp4,base_hourly,original hourly round-robin selection
569,24,pre,true,MCs-23-and-24,23;24,2026-03-16,2026-03-15,pre_dose_d_minus_1,23,30,fallback_hh30_missing_hh00,full_24_hours,bumblebox-15_2026-03-15_23_30_03,bumblebox-15,/media/august/Expansion/Behavioral-Entropy-Pesticide-Dosing-Exps/MCs-23-and-24/2026-03-15/bumblebox-15_2026-03-15_23_30_03.mp4,/tmp/bumblebox_hourly_primary_mc9_24_links/MCs-23-and-24/2026-03-15/bumblebox-15_2026-03-15_23_30_03.mp4,base_hourly,original hourly round-robin selection
570,24,post,true,MCs-23-and-24,23;24,2026-03-16,2026-03-19,post_dose_d_plus_3,23,30,fallback_hh30_missing_hh00,full_24_hours,bumblebox-15_2026-03-19_23_30_03,bumblebox-15,/media/august/Expansion/Behavioral-Entropy-Pesticide-Dosing-Exps/MCs-23-and-24/2026-03-19/bumblebox-15_2026-03-19_23_30_03.mp4,/tmp/bumblebox_hourly_primary_mc9_24_links/MCs-23-and-24/2026-03-19/bumblebox-15_2026-03-19_23_30_03.mp4,base_hourly,original hourly round-robin selection
